
Arduino_Si4735.elf:     file format elf32-avr

Sections:
Idx Name          Size      VMA       LMA       File off  Algn
  0 .data         0000004c  00800100  00001b20  00001bb4  2**0
                  CONTENTS, ALLOC, LOAD, DATA
  1 .text         00001b20  00000000  00000000  00000094  2**1
                  CONTENTS, ALLOC, LOAD, READONLY, CODE
  2 .bss          0000022f  0080014c  0080014c  00001c00  2**0
                  ALLOC
  3 .comment      00000030  00000000  00000000  00001c00  2**0
                  CONTENTS, READONLY
  4 .note.gnu.avr.deviceinfo 0000003c  00000000  00000000  00001c30  2**2
                  CONTENTS, READONLY
  5 .debug_aranges 000006c8  00000000  00000000  00001c6c  2**0
                  CONTENTS, READONLY, DEBUGGING
  6 .debug_info   0001203c  00000000  00000000  00002334  2**0
                  CONTENTS, READONLY, DEBUGGING
  7 .debug_abbrev 00001d54  00000000  00000000  00014370  2**0
                  CONTENTS, READONLY, DEBUGGING
  8 .debug_line   00004213  00000000  00000000  000160c4  2**0
                  CONTENTS, READONLY, DEBUGGING
  9 .debug_frame  000018dc  00000000  00000000  0001a2d8  2**2
                  CONTENTS, READONLY, DEBUGGING
 10 .debug_str    00005ffa  00000000  00000000  0001bbb4  2**0
                  CONTENTS, READONLY, DEBUGGING
 11 .debug_loc    00008a72  00000000  00000000  00021bae  2**0
                  CONTENTS, READONLY, DEBUGGING
 12 .debug_ranges 00000688  00000000  00000000  0002a620  2**0
                  CONTENTS, READONLY, DEBUGGING

Disassembly of section .text:

00000000 <__vectors>:
       0:	0c 94 94 00 	jmp	0x128	; 0x128 <__ctors_end>
       4:	0c 94 bc 00 	jmp	0x178	; 0x178 <__bad_interrupt>
       8:	0c 94 bc 00 	jmp	0x178	; 0x178 <__bad_interrupt>
       c:	0c 94 bc 00 	jmp	0x178	; 0x178 <__bad_interrupt>
      10:	0c 94 bc 00 	jmp	0x178	; 0x178 <__bad_interrupt>
      14:	0c 94 bc 00 	jmp	0x178	; 0x178 <__bad_interrupt>
      18:	0c 94 bc 00 	jmp	0x178	; 0x178 <__bad_interrupt>
      1c:	0c 94 bc 00 	jmp	0x178	; 0x178 <__bad_interrupt>
      20:	0c 94 bc 00 	jmp	0x178	; 0x178 <__bad_interrupt>
      24:	0c 94 bc 00 	jmp	0x178	; 0x178 <__bad_interrupt>
      28:	0c 94 bc 00 	jmp	0x178	; 0x178 <__bad_interrupt>
      2c:	0c 94 bc 00 	jmp	0x178	; 0x178 <__bad_interrupt>
      30:	0c 94 bc 00 	jmp	0x178	; 0x178 <__bad_interrupt>
      34:	0c 94 bc 00 	jmp	0x178	; 0x178 <__bad_interrupt>
      38:	0c 94 bc 00 	jmp	0x178	; 0x178 <__bad_interrupt>
      3c:	0c 94 bc 00 	jmp	0x178	; 0x178 <__bad_interrupt>
      40:	0c 94 8c 02 	jmp	0x518	; 0x518 <__vector_16>
      44:	0c 94 bc 00 	jmp	0x178	; 0x178 <__bad_interrupt>
      48:	0c 94 bc 00 	jmp	0x178	; 0x178 <__bad_interrupt>
      4c:	0c 94 bc 00 	jmp	0x178	; 0x178 <__bad_interrupt>
      50:	0c 94 bc 00 	jmp	0x178	; 0x178 <__bad_interrupt>
      54:	0c 94 bc 00 	jmp	0x178	; 0x178 <__bad_interrupt>
      58:	0c 94 bc 00 	jmp	0x178	; 0x178 <__bad_interrupt>
      5c:	0c 94 bc 00 	jmp	0x178	; 0x178 <__bad_interrupt>
      60:	0c 94 30 0c 	jmp	0x1860	; 0x1860 <__vector_24>
      64:	0c 94 bc 00 	jmp	0x178	; 0x178 <__bad_interrupt>

00000068 <GraAcuteLowerA>:
      68:	00 00 07 a3 e8 38 88                                .....8.

0000006f <GraLowerV>:
      6f:	00 00 01 15 18 c4 00                                .......

00000076 <GraLowerR>:
      76:	00 00 00 84 23 68 00                                ....#h.

0000007d <GraLowerO>:
      7d:	00 00 03 a3 18 b8 00                                .......

00000084 <GraLowerK>:
      84:	00 00 04 94 65 48 42                                ....eHB

0000008b <GraLowerI>:
      8b:	00 00 03 88 42 18 04                                ....B..

00000092 <GraLowerE>:
      92:	00 00 03 83 f8 b8 00                                .......

00000099 <GraLowerD>:
      99:	00 00 07 a3 18 fa 10                                .......

000000a0 <GraUpperM>:
      a0:	00 00 04 63 1a d7 71                                ...c..q

000000a7 <GraDot>:
      a7:	00 00 01 8c 00 00 00                                .......

000000ae <GraSpace>:
      ae:	00 00 00 00 00 00 00                                .......

000000b5 <Num4a>:
      b5:	00 00 00 00 00 01 f0                                .......

000000bc <Num2a>:
      bc:	00 00 00 00 00 22 d1                                .....".

000000c3 <Num0a>:
      c3:	00 00 00 00 00 23 31                                .....#1

000000ca <digital_pin_to_timer_PGM>:
      ca:	00 00 00 08 00 02 01 00 00 03 04 07 00 00 00 00     ................
      da:	00 00 00 00                                         ....

000000de <digital_pin_to_bit_mask_PGM>:
      de:	01 02 04 08 10 20 40 80 01 02 04 08 10 20 01 02     ..... @...... ..
      ee:	04 08 10 20                                         ... 

000000f2 <digital_pin_to_port_PGM>:
      f2:	04 04 04 04 04 04 04 04 02 02 02 02 02 02 03 03     ................
     102:	03 03 03 03                                         ....

00000106 <port_to_input_PGM>:
     106:	00 00 00 00 23 00 26 00 29 00                       ....#.&.).

00000110 <port_to_output_PGM>:
     110:	00 00 00 00 25 00 28 00 2b 00                       ....%.(.+.

0000011a <port_to_mode_PGM>:
     11a:	00 00 00 00 24 00 27 00 2a 00                       ....$.'.*.

00000124 <__ctors_start>:
     124:	78 02       	muls	r23, r24
     126:	8d 09       	sbc	r24, r13

00000128 <__ctors_end>:
     128:	11 24       	eor	r1, r1
     12a:	1f be       	out	0x3f, r1	; 63
     12c:	cf ef       	ldi	r28, 0xFF	; 255
     12e:	d8 e0       	ldi	r29, 0x08	; 8
     130:	de bf       	out	0x3e, r29	; 62
     132:	cd bf       	out	0x3d, r28	; 61

00000134 <__do_copy_data>:
     134:	11 e0       	ldi	r17, 0x01	; 1
     136:	a0 e0       	ldi	r26, 0x00	; 0
     138:	b1 e0       	ldi	r27, 0x01	; 1
     13a:	e0 e2       	ldi	r30, 0x20	; 32
     13c:	fb e1       	ldi	r31, 0x1B	; 27
     13e:	02 c0       	rjmp	.+4      	; 0x144 <__do_copy_data+0x10>
     140:	05 90       	lpm	r0, Z+
     142:	0d 92       	st	X+, r0
     144:	ac 34       	cpi	r26, 0x4C	; 76
     146:	b1 07       	cpc	r27, r17
     148:	d9 f7       	brne	.-10     	; 0x140 <__do_copy_data+0xc>

0000014a <__do_clear_bss>:
     14a:	23 e0       	ldi	r18, 0x03	; 3
     14c:	ac e4       	ldi	r26, 0x4C	; 76
     14e:	b1 e0       	ldi	r27, 0x01	; 1
     150:	01 c0       	rjmp	.+2      	; 0x154 <.do_clear_bss_start>

00000152 <.do_clear_bss_loop>:
     152:	1d 92       	st	X+, r1

00000154 <.do_clear_bss_start>:
     154:	ab 37       	cpi	r26, 0x7B	; 123
     156:	b2 07       	cpc	r27, r18
     158:	e1 f7       	brne	.-8      	; 0x152 <.do_clear_bss_loop>

0000015a <__do_global_ctors>:
     15a:	10 e0       	ldi	r17, 0x00	; 0
     15c:	c4 e9       	ldi	r28, 0x94	; 148
     15e:	d0 e0       	ldi	r29, 0x00	; 0
     160:	04 c0       	rjmp	.+8      	; 0x16a <__do_global_ctors+0x10>
     162:	21 97       	sbiw	r28, 0x01	; 1
     164:	fe 01       	movw	r30, r28
     166:	0e 94 7f 0d 	call	0x1afe	; 0x1afe <__tablejump2__>
     16a:	c2 39       	cpi	r28, 0x92	; 146
     16c:	d1 07       	cpc	r29, r17
     16e:	c9 f7       	brne	.-14     	; 0x162 <__do_global_ctors+0x8>
     170:	0e 94 7d 02 	call	0x4fa	; 0x4fa <main>
     174:	0c 94 8e 0d 	jmp	0x1b1c	; 0x1b1c <_exit>

00000178 <__bad_interrupt>:
     178:	0c 94 00 00 	jmp	0	; 0x0 <__vectors>

0000017c <setup>:
static VfdState displayMemory[17];
static uint32_t cnt = 0;
static unsigned char isInBlankingPeriod;
static unsigned char lastIsInBlankingPeriod;

void setup() {
     17c:	0f 93       	push	r16
     17e:	1f 93       	push	r17
     180:	cf 93       	push	r28
     182:	df 93       	push	r29
	Wire.setClock(100000);
     184:	40 ea       	ldi	r20, 0xA0	; 160
     186:	56 e8       	ldi	r21, 0x86	; 134
     188:	61 e0       	ldi	r22, 0x01	; 1
     18a:	70 e0       	ldi	r23, 0x00	; 0
     18c:	81 eb       	ldi	r24, 0xB1	; 177
     18e:	92 e0       	ldi	r25, 0x02	; 2
     190:	0e 94 00 09 	call	0x1200	; 0x1200 <_ZN7TwoWire8setClockEm>
	pinMode(PB0A, OUTPUT); // VFD dimming
     194:	61 e0       	ldi	r22, 0x01	; 1
     196:	88 e0       	ldi	r24, 0x08	; 8
     198:	0e 94 a6 03 	call	0x74c	; 0x74c <pinMode>
	pinMode(PB1A, OUTPUT); // audio mute
     19c:	61 e0       	ldi	r22, 0x01	; 1
     19e:	89 e0       	ldi	r24, 0x09	; 9
     1a0:	0e 94 a6 03 	call	0x74c	; 0x74c <pinMode>
	pinMode(PB3A, INPUT_PULLUP); // button
     1a4:	62 e0       	ldi	r22, 0x02	; 2
     1a6:	8b e0       	ldi	r24, 0x0B	; 11
     1a8:	0e 94 a6 03 	call	0x74c	; 0x74c <pinMode>
	pinMode(PB4A, INPUT); // IR sensor
     1ac:	60 e0       	ldi	r22, 0x00	; 0
     1ae:	8c e0       	ldi	r24, 0x0C	; 12
     1b0:	0e 94 a6 03 	call	0x74c	; 0x74c <pinMode>
	pinMode(PC0A, OUTPUT); // shift reg. DATA
     1b4:	61 e0       	ldi	r22, 0x01	; 1
     1b6:	8e e0       	ldi	r24, 0x0E	; 14
     1b8:	0e 94 a6 03 	call	0x74c	; 0x74c <pinMode>
	pinMode(PC1A, OUTPUT); // shift reg. CLK
     1bc:	61 e0       	ldi	r22, 0x01	; 1
     1be:	8f e0       	ldi	r24, 0x0F	; 15
     1c0:	0e 94 a6 03 	call	0x74c	; 0x74c <pinMode>
	pinMode(PC2A, OUTPUT); // shift reg. LATCH
     1c4:	61 e0       	ldi	r22, 0x01	; 1
     1c6:	80 e1       	ldi	r24, 0x10	; 16
     1c8:	0e 94 a6 03 	call	0x74c	; 0x74c <pinMode>
	pinMode(PC3A, OUTPUT); // shift reg. MR/
     1cc:	61 e0       	ldi	r22, 0x01	; 1
     1ce:	81 e1       	ldi	r24, 0x11	; 17
     1d0:	0e 94 a6 03 	call	0x74c	; 0x74c <pinMode>
	
	// clear display
	digitalWrite(PC3A, HIGH); // MR/, 0 clears whole register
     1d4:	61 e0       	ldi	r22, 0x01	; 1
     1d6:	81 e1       	ldi	r24, 0x11	; 17
     1d8:	0e 94 e2 03 	call	0x7c4	; 0x7c4 <digitalWrite>
	digitalWrite(PC2A, LOW); // LATCH, 1 active
     1dc:	60 e0       	ldi	r22, 0x00	; 0
     1de:	80 e1       	ldi	r24, 0x10	; 16
     1e0:	0e 94 e2 03 	call	0x7c4	; 0x7c4 <digitalWrite>
	shiftOut(PC0A, PC1A, MSBFIRST, ~0b00000000);
     1e4:	2f ef       	ldi	r18, 0xFF	; 255
     1e6:	41 e0       	ldi	r20, 0x01	; 1
     1e8:	6f e0       	ldi	r22, 0x0F	; 15
     1ea:	8e e0       	ldi	r24, 0x0E	; 14
     1ec:	0e 94 3a 04 	call	0x874	; 0x874 <shiftOut>
	shiftOut(PC0A, PC1A, MSBFIRST, ~0b00000000);
     1f0:	2f ef       	ldi	r18, 0xFF	; 255
     1f2:	41 e0       	ldi	r20, 0x01	; 1
     1f4:	6f e0       	ldi	r22, 0x0F	; 15
     1f6:	8e e0       	ldi	r24, 0x0E	; 14
     1f8:	0e 94 3a 04 	call	0x874	; 0x874 <shiftOut>
	shiftOut(PC0A, PC1A, MSBFIRST, ~0b00000000);
     1fc:	2f ef       	ldi	r18, 0xFF	; 255
     1fe:	41 e0       	ldi	r20, 0x01	; 1
     200:	6f e0       	ldi	r22, 0x0F	; 15
     202:	8e e0       	ldi	r24, 0x0E	; 14
     204:	0e 94 3a 04 	call	0x874	; 0x874 <shiftOut>
	shiftOut(PC0A, PC1A, MSBFIRST, ~0b00000000);
     208:	2f ef       	ldi	r18, 0xFF	; 255
     20a:	41 e0       	ldi	r20, 0x01	; 1
     20c:	6f e0       	ldi	r22, 0x0F	; 15
     20e:	8e e0       	ldi	r24, 0x0E	; 14
     210:	0e 94 3a 04 	call	0x874	; 0x874 <shiftOut>
	shiftOut(PC0A, PC1A, MSBFIRST, ~0b00000000);
     214:	2f ef       	ldi	r18, 0xFF	; 255
     216:	41 e0       	ldi	r20, 0x01	; 1
     218:	6f e0       	ldi	r22, 0x0F	; 15
     21a:	8e e0       	ldi	r24, 0x0E	; 14
     21c:	0e 94 3a 04 	call	0x874	; 0x874 <shiftOut>
	shiftOut(PC0A, PC1A, MSBFIRST, ~0b00000000);
     220:	2f ef       	ldi	r18, 0xFF	; 255
     222:	41 e0       	ldi	r20, 0x01	; 1
     224:	6f e0       	ldi	r22, 0x0F	; 15
     226:	8e e0       	ldi	r24, 0x0E	; 14
     228:	0e 94 3a 04 	call	0x874	; 0x874 <shiftOut>
	shiftOut(PC0A, PC1A, MSBFIRST, ~0b00000000);
     22c:	2f ef       	ldi	r18, 0xFF	; 255
     22e:	41 e0       	ldi	r20, 0x01	; 1
     230:	6f e0       	ldi	r22, 0x0F	; 15
     232:	8e e0       	ldi	r24, 0x0E	; 14
     234:	0e 94 3a 04 	call	0x874	; 0x874 <shiftOut>
	digitalWrite(PC2A, HIGH); // LATCH, 1 active
     238:	61 e0       	ldi	r22, 0x01	; 1
     23a:	80 e1       	ldi	r24, 0x10	; 16
     23c:	0e 94 e2 03 	call	0x7c4	; 0x7c4 <digitalWrite>
     * @see setHardwareAudioMute
     * @param pin if 0 ou greater sets the MCU digital pin will be used to control de external circuit.  
     */
    inline void setAudioMuteMcuPin(int8_t pin)
    {
        audioMuteMcuPin = pin;
     240:	c7 ea       	ldi	r28, 0xA7	; 167
     242:	d2 e0       	ldi	r29, 0x02	; 2
     244:	89 e0       	ldi	r24, 0x09	; 9
     246:	88 83       	st	Y, r24
        pinMode(audioMuteMcuPin, OUTPUT);
     248:	61 e0       	ldi	r22, 0x01	; 1
     24a:	0e 94 a6 03 	call	0x74c	; 0x74c <pinMode>
     * 
     * @param on  True or false
     */
    inline void setHardwareAudioMute(bool on)
    {
        digitalWrite(audioMuteMcuPin, on);
     24e:	61 e0       	ldi	r22, 0x01	; 1
     250:	88 81       	ld	r24, Y
     252:	0e 94 e2 03 	call	0x7c4	; 0x7c4 <digitalWrite>
        delayMicroseconds(300);
     256:	8c e2       	ldi	r24, 0x2C	; 44
     258:	91 e0       	ldi	r25, 0x01	; 1
     25a:	0e 94 37 03 	call	0x66e	; 0x66e <delayMicroseconds>

	si4735.setAudioMuteMcuPin(PB1A);
	si4735.setHardwareAudioMute(1);
	si4735.setup(PB2A, 0);
     25e:	40 e0       	ldi	r20, 0x00	; 0
     260:	6a e0       	ldi	r22, 0x0A	; 10
     262:	85 ec       	ldi	r24, 0xC5	; 197
     264:	91 e0       	ldi	r25, 0x01	; 1
     266:	0e 94 9a 07 	call	0xf34	; 0xf34 <_ZN6SI47355setupEhh>
	
	// start radio: FM; from 88 to 108 MHz; 97.2 MHz; step 500kHz
	si4735.setFM(8800, 10800, 9720, 50);
     26a:	02 e3       	ldi	r16, 0x32	; 50
     26c:	10 e0       	ldi	r17, 0x00	; 0
     26e:	28 ef       	ldi	r18, 0xF8	; 248
     270:	35 e2       	ldi	r19, 0x25	; 37
     272:	40 e3       	ldi	r20, 0x30	; 48
     274:	5a e2       	ldi	r21, 0x2A	; 42
     276:	60 e6       	ldi	r22, 0x60	; 96
     278:	72 e2       	ldi	r23, 0x22	; 34
     27a:	85 ec       	ldi	r24, 0xC5	; 197
     27c:	91 e0       	ldi	r25, 0x01	; 1
     27e:	0e 94 f1 07 	call	0xfe2	; 0xfe2 <_ZN6SI47355setFMEjjjj>
    si4735.setVolume(51);
     282:	63 e3       	ldi	r22, 0x33	; 51
     284:	85 ec       	ldi	r24, 0xC5	; 197
     286:	91 e0       	ldi	r25, 0x01	; 1
     288:	0e 94 d9 06 	call	0xdb2	; 0xdb2 <_ZN6SI47359setVolumeEh>
	//TCCR2B &= ~_BV(CS22); // configure prescaler to 1 and start timer
	/*TCCR2B |= _BV(CS21); // configure prescaler to 1 and start timer
	TCCR2B |= _BV(CS20); // configure prescaler to 1 and start timer
	TCCR2B |= _BV(CS22);*/ // configure prescaler to 1 and start timer

	sei(); // enable global interrupts
     28c:	78 94       	sei
	
	memcpy_P(&displayMemory[0], &Num0a, sizeof(VfdState));
     28e:	47 e0       	ldi	r20, 0x07	; 7
     290:	50 e0       	ldi	r21, 0x00	; 0
     292:	63 ec       	ldi	r22, 0xC3	; 195
     294:	70 e0       	ldi	r23, 0x00	; 0
     296:	8e e4       	ldi	r24, 0x4E	; 78
     298:	91 e0       	ldi	r25, 0x01	; 1
     29a:	0e 94 85 0d 	call	0x1b0a	; 0x1b0a <memcpy_P>
	memcpy_P(&displayMemory[1], &Num2a, sizeof(VfdState));
     29e:	47 e0       	ldi	r20, 0x07	; 7
     2a0:	50 e0       	ldi	r21, 0x00	; 0
     2a2:	6c eb       	ldi	r22, 0xBC	; 188
     2a4:	70 e0       	ldi	r23, 0x00	; 0
     2a6:	85 e5       	ldi	r24, 0x55	; 85
     2a8:	91 e0       	ldi	r25, 0x01	; 1
     2aa:	0e 94 85 0d 	call	0x1b0a	; 0x1b0a <memcpy_P>
	memcpy_P(&displayMemory[2], &Num4a, sizeof(VfdState));
     2ae:	47 e0       	ldi	r20, 0x07	; 7
     2b0:	50 e0       	ldi	r21, 0x00	; 0
     2b2:	65 eb       	ldi	r22, 0xB5	; 181
     2b4:	70 e0       	ldi	r23, 0x00	; 0
     2b6:	8c e5       	ldi	r24, 0x5C	; 92
     2b8:	91 e0       	ldi	r25, 0x01	; 1
     2ba:	0e 94 85 0d 	call	0x1b0a	; 0x1b0a <memcpy_P>
	memcpy_P(&displayMemory[3], &GraSpace, sizeof(VfdState));//
     2be:	47 e0       	ldi	r20, 0x07	; 7
     2c0:	50 e0       	ldi	r21, 0x00	; 0
     2c2:	6e ea       	ldi	r22, 0xAE	; 174
     2c4:	70 e0       	ldi	r23, 0x00	; 0
     2c6:	83 e6       	ldi	r24, 0x63	; 99
     2c8:	91 e0       	ldi	r25, 0x01	; 1
     2ca:	0e 94 85 0d 	call	0x1b0a	; 0x1b0a <memcpy_P>
	memcpy_P(&displayMemory[4], &GraUpperM, sizeof(VfdState));
     2ce:	47 e0       	ldi	r20, 0x07	; 7
     2d0:	50 e0       	ldi	r21, 0x00	; 0
     2d2:	60 ea       	ldi	r22, 0xA0	; 160
     2d4:	70 e0       	ldi	r23, 0x00	; 0
     2d6:	8a e6       	ldi	r24, 0x6A	; 106
     2d8:	91 e0       	ldi	r25, 0x01	; 1
     2da:	0e 94 85 0d 	call	0x1b0a	; 0x1b0a <memcpy_P>
	memcpy_P(&displayMemory[5], &GraLowerE, sizeof(VfdState));
     2de:	47 e0       	ldi	r20, 0x07	; 7
     2e0:	50 e0       	ldi	r21, 0x00	; 0
     2e2:	62 e9       	ldi	r22, 0x92	; 146
     2e4:	70 e0       	ldi	r23, 0x00	; 0
     2e6:	81 e7       	ldi	r24, 0x71	; 113
     2e8:	91 e0       	ldi	r25, 0x01	; 1
     2ea:	0e 94 85 0d 	call	0x1b0a	; 0x1b0a <memcpy_P>
	memcpy_P(&displayMemory[6], &GraLowerK, sizeof(VfdState));
     2ee:	47 e0       	ldi	r20, 0x07	; 7
     2f0:	50 e0       	ldi	r21, 0x00	; 0
     2f2:	64 e8       	ldi	r22, 0x84	; 132
     2f4:	70 e0       	ldi	r23, 0x00	; 0
     2f6:	88 e7       	ldi	r24, 0x78	; 120
     2f8:	91 e0       	ldi	r25, 0x01	; 1
     2fa:	0e 94 85 0d 	call	0x1b0a	; 0x1b0a <memcpy_P>
	memcpy_P(&displayMemory[7], &GraLowerO, sizeof(VfdState));
     2fe:	47 e0       	ldi	r20, 0x07	; 7
     300:	50 e0       	ldi	r21, 0x00	; 0
     302:	6d e7       	ldi	r22, 0x7D	; 125
     304:	70 e0       	ldi	r23, 0x00	; 0
     306:	8f e7       	ldi	r24, 0x7F	; 127
     308:	91 e0       	ldi	r25, 0x01	; 1
     30a:	0e 94 85 0d 	call	0x1b0a	; 0x1b0a <memcpy_P>
	memcpy_P(&displayMemory[8], &GraLowerV, sizeof(VfdState));
     30e:	47 e0       	ldi	r20, 0x07	; 7
     310:	50 e0       	ldi	r21, 0x00	; 0
     312:	6f e6       	ldi	r22, 0x6F	; 111
     314:	70 e0       	ldi	r23, 0x00	; 0
     316:	86 e8       	ldi	r24, 0x86	; 134
     318:	91 e0       	ldi	r25, 0x01	; 1
     31a:	0e 94 85 0d 	call	0x1b0a	; 0x1b0a <memcpy_P>
	memcpy_P(&displayMemory[9], &GraLowerE, sizeof(VfdState));
     31e:	47 e0       	ldi	r20, 0x07	; 7
     320:	50 e0       	ldi	r21, 0x00	; 0
     322:	62 e9       	ldi	r22, 0x92	; 146
     324:	70 e0       	ldi	r23, 0x00	; 0
     326:	8d e8       	ldi	r24, 0x8D	; 141
     328:	91 e0       	ldi	r25, 0x01	; 1
     32a:	0e 94 85 0d 	call	0x1b0a	; 0x1b0a <memcpy_P>
	memcpy_P(&displayMemory[10], &GraSpace, sizeof(VfdState));
     32e:	47 e0       	ldi	r20, 0x07	; 7
     330:	50 e0       	ldi	r21, 0x00	; 0
     332:	6e ea       	ldi	r22, 0xAE	; 174
     334:	70 e0       	ldi	r23, 0x00	; 0
     336:	84 e9       	ldi	r24, 0x94	; 148
     338:	91 e0       	ldi	r25, 0x01	; 1
     33a:	0e 94 85 0d 	call	0x1b0a	; 0x1b0a <memcpy_P>
	memcpy_P(&displayMemory[11], &GraLowerR, sizeof(VfdState));
     33e:	47 e0       	ldi	r20, 0x07	; 7
     340:	50 e0       	ldi	r21, 0x00	; 0
     342:	66 e7       	ldi	r22, 0x76	; 118
     344:	70 e0       	ldi	r23, 0x00	; 0
     346:	8b e9       	ldi	r24, 0x9B	; 155
     348:	91 e0       	ldi	r25, 0x01	; 1
     34a:	0e 94 85 0d 	call	0x1b0a	; 0x1b0a <memcpy_P>
	memcpy_P(&displayMemory[12], &GraAcuteLowerA, sizeof(VfdState));
     34e:	47 e0       	ldi	r20, 0x07	; 7
     350:	50 e0       	ldi	r21, 0x00	; 0
     352:	68 e6       	ldi	r22, 0x68	; 104
     354:	70 e0       	ldi	r23, 0x00	; 0
     356:	82 ea       	ldi	r24, 0xA2	; 162
     358:	91 e0       	ldi	r25, 0x01	; 1
     35a:	0e 94 85 0d 	call	0x1b0a	; 0x1b0a <memcpy_P>
	memcpy_P(&displayMemory[13], &GraLowerD, sizeof(VfdState));
     35e:	47 e0       	ldi	r20, 0x07	; 7
     360:	50 e0       	ldi	r21, 0x00	; 0
     362:	69 e9       	ldi	r22, 0x99	; 153
     364:	70 e0       	ldi	r23, 0x00	; 0
     366:	89 ea       	ldi	r24, 0xA9	; 169
     368:	91 e0       	ldi	r25, 0x01	; 1
     36a:	0e 94 85 0d 	call	0x1b0a	; 0x1b0a <memcpy_P>
	memcpy_P(&displayMemory[14], &GraLowerI, sizeof(VfdState));
     36e:	47 e0       	ldi	r20, 0x07	; 7
     370:	50 e0       	ldi	r21, 0x00	; 0
     372:	6b e8       	ldi	r22, 0x8B	; 139
     374:	70 e0       	ldi	r23, 0x00	; 0
     376:	80 eb       	ldi	r24, 0xB0	; 176
     378:	91 e0       	ldi	r25, 0x01	; 1
     37a:	0e 94 85 0d 	call	0x1b0a	; 0x1b0a <memcpy_P>
	memcpy_P(&displayMemory[15], &GraLowerO, sizeof(VfdState));
     37e:	47 e0       	ldi	r20, 0x07	; 7
     380:	50 e0       	ldi	r21, 0x00	; 0
     382:	6d e7       	ldi	r22, 0x7D	; 125
     384:	70 e0       	ldi	r23, 0x00	; 0
     386:	87 eb       	ldi	r24, 0xB7	; 183
     388:	91 e0       	ldi	r25, 0x01	; 1
     38a:	0e 94 85 0d 	call	0x1b0a	; 0x1b0a <memcpy_P>
	memcpy_P(&displayMemory[16], &GraDot, sizeof(VfdState));
     38e:	47 e0       	ldi	r20, 0x07	; 7
     390:	50 e0       	ldi	r21, 0x00	; 0
     392:	67 ea       	ldi	r22, 0xA7	; 167
     394:	70 e0       	ldi	r23, 0x00	; 0
     396:	8e eb       	ldi	r24, 0xBE	; 190
     398:	91 e0       	ldi	r25, 0x01	; 1
     39a:	0e 94 85 0d 	call	0x1b0a	; 0x1b0a <memcpy_P>
	memcpy_P(&displayMemory[17], &GraDot, sizeof(VfdState));
     39e:	47 e0       	ldi	r20, 0x07	; 7
     3a0:	50 e0       	ldi	r21, 0x00	; 0
     3a2:	67 ea       	ldi	r22, 0xA7	; 167
     3a4:	70 e0       	ldi	r23, 0x00	; 0
     3a6:	85 ec       	ldi	r24, 0xC5	; 197
     3a8:	91 e0       	ldi	r25, 0x01	; 1
}
     3aa:	df 91       	pop	r29
     3ac:	cf 91       	pop	r28
     3ae:	1f 91       	pop	r17
     3b0:	0f 91       	pop	r16
	memcpy_P(&displayMemory[12], &GraAcuteLowerA, sizeof(VfdState));
	memcpy_P(&displayMemory[13], &GraLowerD, sizeof(VfdState));
	memcpy_P(&displayMemory[14], &GraLowerI, sizeof(VfdState));
	memcpy_P(&displayMemory[15], &GraLowerO, sizeof(VfdState));
	memcpy_P(&displayMemory[16], &GraDot, sizeof(VfdState));
	memcpy_P(&displayMemory[17], &GraDot, sizeof(VfdState));
     3b2:	0c 94 85 0d 	jmp	0x1b0a	; 0x1b0a <memcpy_P>

000003b6 <_Z9shiftOut2h>:
}

inline void shiftOut2(uint8_t val)
{
     3b6:	98 e0       	ldi	r25, 0x08	; 8
	uint8_t i;

	for (i = 0; i < 8; i++)  {
		if ((val & 128) != 0)
     3b8:	87 ff       	sbrs	r24, 7
     3ba:	02 c0       	rjmp	.+4      	; 0x3c0 <_Z9shiftOut2h+0xa>
		{
			PORTC |= _BV(PC0);
     3bc:	40 9a       	sbi	0x08, 0	; 8
     3be:	01 c0       	rjmp	.+2      	; 0x3c2 <_Z9shiftOut2h+0xc>
		}
		else
		{
			PORTC &= ~_BV(PC0);
     3c0:	40 98       	cbi	0x08, 0	; 8
		}
		
		val <<= 1;
     3c2:	88 0f       	add	r24, r24
		
		PORTC |= _BV(PC1);
     3c4:	41 9a       	sbi	0x08, 1	; 8
		PORTC &= ~_BV(PC1);
     3c6:	41 98       	cbi	0x08, 1	; 8
     3c8:	91 50       	subi	r25, 0x01	; 1

inline void shiftOut2(uint8_t val)
{
	uint8_t i;

	for (i = 0; i < 8; i++)  {
     3ca:	b1 f7       	brne	.-20     	; 0x3b8 <_Z9shiftOut2h+0x2>
		val <<= 1;
		
		PORTC |= _BV(PC1);
		PORTC &= ~_BV(PC1);
	}
}
     3cc:	08 95       	ret

000003ce <loop>:

int last = 0;
int neww = 1;

void loop() {
     3ce:	ff 92       	push	r15
     3d0:	0f 93       	push	r16
     3d2:	1f 93       	push	r17
     3d4:	cf 93       	push	r28
     3d6:	df 93       	push	r29
	if (digitalRead(PB3A) == 0)
     3d8:	8b e0       	ldi	r24, 0x0B	; 11
     3da:	0e 94 11 04 	call	0x822	; 0x822 <digitalRead>
     3de:	89 2b       	or	r24, r25
     3e0:	f9 f4       	brne	.+62     	; 0x420 <__EEPROM_REGION_LENGTH__+0x20>
	{
		neww = last == 0 ? 1 : 0;
     3e2:	61 e0       	ldi	r22, 0x01	; 1
     3e4:	80 91 4c 01 	lds	r24, 0x014C	; 0x80014c <__data_end>
     3e8:	90 91 4d 01 	lds	r25, 0x014D	; 0x80014d <__data_end+0x1>
     3ec:	89 2b       	or	r24, r25
     3ee:	09 f0       	breq	.+2      	; 0x3f2 <loop+0x24>
     3f0:	60 e0       	ldi	r22, 0x00	; 0
     3f2:	86 2f       	mov	r24, r22
     3f4:	90 e0       	ldi	r25, 0x00	; 0
     3f6:	90 93 01 01 	sts	0x0101, r25	; 0x800101 <__DATA_REGION_ORIGIN__+0x1>
     3fa:	80 93 00 01 	sts	0x0100, r24	; 0x800100 <__DATA_REGION_ORIGIN__>
		digitalWrite(PB0A, neww);
     3fe:	88 e0       	ldi	r24, 0x08	; 8
     400:	0e 94 e2 03 	call	0x7c4	; 0x7c4 <digitalWrite>
		last = neww;
     404:	80 91 00 01 	lds	r24, 0x0100	; 0x800100 <__DATA_REGION_ORIGIN__>
     408:	90 91 01 01 	lds	r25, 0x0101	; 0x800101 <__DATA_REGION_ORIGIN__+0x1>
     40c:	90 93 4d 01 	sts	0x014D, r25	; 0x80014d <__data_end+0x1>
     410:	80 93 4c 01 	sts	0x014C, r24	; 0x80014c <__data_end>
		delay(500);
     414:	64 ef       	ldi	r22, 0xF4	; 244
     416:	71 e0       	ldi	r23, 0x01	; 1
     418:	80 e0       	ldi	r24, 0x00	; 0
     41a:	90 e0       	ldi	r25, 0x00	; 0
     41c:	0e 94 fb 02 	call	0x5f6	; 0x5f6 <delay>
	}
	
	if (activeAnode == 17)
     420:	80 91 02 01 	lds	r24, 0x0102	; 0x800102 <_ZL11activeAnode>
     424:	81 31       	cpi	r24, 0x11	; 17
     426:	19 f4       	brne	.+6      	; 0x42e <__EEPROM_REGION_LENGTH__+0x2e>
	{
		activeAnode = 0;
     428:	10 92 02 01 	sts	0x0102, r1	; 0x800102 <_ZL11activeAnode>
     42c:	03 c0       	rjmp	.+6      	; 0x434 <__EEPROM_REGION_LENGTH__+0x34>
	}
	else
	{
		activeAnode++;
     42e:	8f 5f       	subi	r24, 0xFF	; 255
     430:	80 93 02 01 	sts	0x0102, r24	; 0x800102 <_ZL11activeAnode>
		unsigned char chip5 = 0b00000000;
		
		// if there is nothing to display in the current anode, don't turn it on to avoid ghosting
		// inter-digit blanking is used to avoid ghosting of adjacent characters (recommended 10-50 usec)
		if (/*!isInBlankingPeriod
		    &&*/ (displayMemory[activeAnode].chip7 != 0
     434:	20 91 02 01 	lds	r18, 0x0102	; 0x800102 <_ZL11activeAnode>
     438:	82 2f       	mov	r24, r18
     43a:	90 e0       	ldi	r25, 0x00	; 0
     43c:	37 e0       	ldi	r19, 0x07	; 7
     43e:	23 9f       	mul	r18, r19
     440:	f0 01       	movw	r30, r0
     442:	11 24       	eor	r1, r1
     444:	e2 5b       	subi	r30, 0xB2	; 178
     446:	fe 4f       	sbci	r31, 0xFE	; 254
		unsigned char chip6 = 0b00000000;
		unsigned char chip5 = 0b00000000;
		
		// if there is nothing to display in the current anode, don't turn it on to avoid ghosting
		// inter-digit blanking is used to avoid ghosting of adjacent characters (recommended 10-50 usec)
		if (/*!isInBlankingPeriod
     448:	30 81       	ld	r19, Z
     44a:	31 11       	cpse	r19, r1
     44c:	12 c0       	rjmp	.+36     	; 0x472 <__EEPROM_REGION_LENGTH__+0x72>
		    &&*/ (displayMemory[activeAnode].chip7 != 0
			|| displayMemory[activeAnode].chip6 != 0
     44e:	31 81       	ldd	r19, Z+1	; 0x01
     450:	31 11       	cpse	r19, r1
     452:	0f c0       	rjmp	.+30     	; 0x472 <__EEPROM_REGION_LENGTH__+0x72>
			|| displayMemory[activeAnode].chip5 != 0
     454:	32 81       	ldd	r19, Z+2	; 0x02
     456:	31 11       	cpse	r19, r1
     458:	0c c0       	rjmp	.+24     	; 0x472 <__EEPROM_REGION_LENGTH__+0x72>
			|| displayMemory[activeAnode].chip4 != 0
     45a:	33 81       	ldd	r19, Z+3	; 0x03
     45c:	31 11       	cpse	r19, r1
     45e:	09 c0       	rjmp	.+18     	; 0x472 <__EEPROM_REGION_LENGTH__+0x72>
			|| displayMemory[activeAnode].chip3 != 0
     460:	34 81       	ldd	r19, Z+4	; 0x04
     462:	31 11       	cpse	r19, r1
     464:	06 c0       	rjmp	.+12     	; 0x472 <__EEPROM_REGION_LENGTH__+0x72>
			|| displayMemory[activeAnode].chip2 != 0
     466:	35 81       	ldd	r19, Z+5	; 0x05
     468:	31 11       	cpse	r19, r1
     46a:	03 c0       	rjmp	.+6      	; 0x472 <__EEPROM_REGION_LENGTH__+0x72>
			|| displayMemory[activeAnode].chip1 != 0))
     46c:	36 81       	ldd	r19, Z+6	; 0x06
     46e:	33 23       	and	r19, r19
     470:	79 f0       	breq	.+30     	; 0x490 <__EEPROM_REGION_LENGTH__+0x90>
     472:	22 31       	cpi	r18, 0x12	; 18
     474:	68 f4       	brcc	.+26     	; 0x490 <__EEPROM_REGION_LENGTH__+0x90>
     476:	fc 01       	movw	r30, r24
     478:	e9 5d       	subi	r30, 0xD9	; 217
     47a:	fe 4f       	sbci	r31, 0xFE	; 254
     47c:	10 81       	ld	r17, Z
     47e:	fc 01       	movw	r30, r24
     480:	eb 5e       	subi	r30, 0xEB	; 235
     482:	fe 4f       	sbci	r31, 0xFE	; 254
     484:	00 81       	ld	r16, Z
     486:	fc 01       	movw	r30, r24
     488:	ed 5f       	subi	r30, 0xFD	; 253
     48a:	fe 4f       	sbci	r31, 0xFE	; 254
     48c:	f0 80       	ld	r15, Z
     48e:	03 c0       	rjmp	.+6      	; 0x496 <__EEPROM_REGION_LENGTH__+0x96>
	
	//if (lastActiveAnode != activeAnode /*|| lastIsInBlankingPeriod != isInBlankingPeriod*/)
	{
		unsigned char chip7 = 0b00000000;
		unsigned char chip6 = 0b00000000;
		unsigned char chip5 = 0b00000000;
     490:	f1 2c       	mov	r15, r1
		&& (cnt <= (MULTIPLEX_MAX_DIVIDED_BY_18 * activeAnode) + (MULTIPLEX_MAX_DIVIDED_BY_18 / 64));*/
	
	//if (lastActiveAnode != activeAnode /*|| lastIsInBlankingPeriod != isInBlankingPeriod*/)
	{
		unsigned char chip7 = 0b00000000;
		unsigned char chip6 = 0b00000000;
     492:	00 e0       	ldi	r16, 0x00	; 0
	/*isInBlankingPeriod = (cnt >= MULTIPLEX_MAX_DIVIDED_BY_18 * activeAnode)
		&& (cnt <= (MULTIPLEX_MAX_DIVIDED_BY_18 * activeAnode) + (MULTIPLEX_MAX_DIVIDED_BY_18 / 64));*/
	
	//if (lastActiveAnode != activeAnode /*|| lastIsInBlankingPeriod != isInBlankingPeriod*/)
	{
		unsigned char chip7 = 0b00000000;
     494:	10 e0       	ldi	r17, 0x00	; 0
				break;
			}
		}
		
		//digitalWrite(PC2A, LOW); // LATCH, 1 active
		PORTC &= ~_BV(PC2);
     496:	42 98       	cbi	0x08, 2	; 8
		//shiftOut2(PC0A, PC1A, MSBFIRST, ~displayMemory[activeAnode].chip3);
		//shiftOut2(PC0A, PC1A, MSBFIRST, ~displayMemory[activeAnode].chip4);
		//shiftOut2(PC0A, PC1A, MSBFIRST, ~(chip5 | displayMemory[activeAnode].chip5)); // only lowest 4 bits belong to anodes, so the rest is always set to 0000 (1111 inverted)
		//shiftOut2(PC0A, PC1A, MSBFIRST, ~chip6);
		//shiftOut2(PC0A, PC1A, MSBFIRST, ~chip7);
		shiftOut2(~displayMemory[activeAnode].chip1);
     498:	c0 91 02 01 	lds	r28, 0x0102	; 0x800102 <_ZL11activeAnode>
     49c:	87 e0       	ldi	r24, 0x07	; 7
     49e:	c8 9f       	mul	r28, r24
     4a0:	e0 01       	movw	r28, r0
     4a2:	11 24       	eor	r1, r1
     4a4:	c2 5b       	subi	r28, 0xB2	; 178
     4a6:	de 4f       	sbci	r29, 0xFE	; 254
     4a8:	8e 81       	ldd	r24, Y+6	; 0x06
     4aa:	80 95       	com	r24
     4ac:	0e 94 db 01 	call	0x3b6	; 0x3b6 <_Z9shiftOut2h>
		shiftOut2(~displayMemory[activeAnode].chip2);
     4b0:	8d 81       	ldd	r24, Y+5	; 0x05
     4b2:	80 95       	com	r24
     4b4:	0e 94 db 01 	call	0x3b6	; 0x3b6 <_Z9shiftOut2h>
		shiftOut2(~displayMemory[activeAnode].chip3);
     4b8:	8c 81       	ldd	r24, Y+4	; 0x04
     4ba:	80 95       	com	r24
     4bc:	0e 94 db 01 	call	0x3b6	; 0x3b6 <_Z9shiftOut2h>
		shiftOut2(~displayMemory[activeAnode].chip4);
     4c0:	8b 81       	ldd	r24, Y+3	; 0x03
     4c2:	80 95       	com	r24
     4c4:	0e 94 db 01 	call	0x3b6	; 0x3b6 <_Z9shiftOut2h>
		shiftOut2(~(chip5 | displayMemory[activeAnode].chip5)); // only lowest 4 bits belong to anodes, so the rest is always set to 0000 (1111 inverted)
     4c8:	8a 81       	ldd	r24, Y+2	; 0x02
     4ca:	8f 29       	or	r24, r15
     4cc:	80 95       	com	r24
     4ce:	0e 94 db 01 	call	0x3b6	; 0x3b6 <_Z9shiftOut2h>
		shiftOut2(~chip6);
     4d2:	80 2f       	mov	r24, r16
     4d4:	80 95       	com	r24
     4d6:	0e 94 db 01 	call	0x3b6	; 0x3b6 <_Z9shiftOut2h>
		shiftOut2(~chip7);
     4da:	81 2f       	mov	r24, r17
     4dc:	80 95       	com	r24
     4de:	0e 94 db 01 	call	0x3b6	; 0x3b6 <_Z9shiftOut2h>
		//digitalWrite(PC2A, HIGH); // LATCH, 1 active
		PORTC |= _BV(PC2);
     4e2:	42 9a       	sbi	0x08, 2	; 8
	
		//lastActiveAnode = activeAnode;
	}
	
	//lastIsInBlankingPeriod = isInBlankingPeriod;
}
     4e4:	df 91       	pop	r29
     4e6:	cf 91       	pop	r28
     4e8:	1f 91       	pop	r17
     4ea:	0f 91       	pop	r16
     4ec:	ff 90       	pop	r15
     4ee:	08 95       	ret

000004f0 <_GLOBAL__sub_I_setup>:
#include <stdio.h>
#include <string.h>
#include "defines.hpp"
#include "vfd.hpp"

static SI4735 si4735;
     4f0:	85 ec       	ldi	r24, 0xC5	; 197
     4f2:	91 e0       	ldi	r25, 0x01	; 1
     4f4:	0c 94 6b 04 	jmp	0x8d6	; 0x8d6 <_ZN6SI4735C1Ev>

000004f8 <initVariant>:
     4f8:	08 95       	ret

000004fa <main>:
void setupUSB() __attribute__((weak));
void setupUSB() { }

int main(void)
{
	init();
     4fa:	0e 94 42 03 	call	0x684	; 0x684 <init>

	initVariant();
     4fe:	0e 94 7c 02 	call	0x4f8	; 0x4f8 <initVariant>

#if defined(USBCON)
	USBDevice.attach();
#endif
	
	setup();
     502:	0e 94 be 00 	call	0x17c	; 0x17c <setup>
    
	for (;;) {
		loop();
		if (serialEventRun) serialEventRun();
     506:	c0 e0       	ldi	r28, 0x00	; 0
     508:	d0 e0       	ldi	r29, 0x00	; 0
#endif
	
	setup();
    
	for (;;) {
		loop();
     50a:	0e 94 e7 01 	call	0x3ce	; 0x3ce <loop>
		if (serialEventRun) serialEventRun();
     50e:	20 97       	sbiw	r28, 0x00	; 0
     510:	e1 f3       	breq	.-8      	; 0x50a <main+0x10>
     512:	0e 94 00 00 	call	0	; 0x0 <__vectors>
     516:	f9 cf       	rjmp	.-14     	; 0x50a <main+0x10>

00000518 <__vector_16>:
	cli();
	m = timer0_millis;
	SREG = oldSREG;

	return m;
}
     518:	1f 92       	push	r1
     51a:	0f 92       	push	r0
     51c:	0f b6       	in	r0, 0x3f	; 63
     51e:	0f 92       	push	r0
     520:	11 24       	eor	r1, r1
     522:	2f 93       	push	r18
     524:	3f 93       	push	r19
     526:	8f 93       	push	r24
     528:	9f 93       	push	r25
     52a:	af 93       	push	r26
     52c:	bf 93       	push	r27
     52e:	80 91 a9 02 	lds	r24, 0x02A9	; 0x8002a9 <timer0_millis>
     532:	90 91 aa 02 	lds	r25, 0x02AA	; 0x8002aa <timer0_millis+0x1>
     536:	a0 91 ab 02 	lds	r26, 0x02AB	; 0x8002ab <timer0_millis+0x2>
     53a:	b0 91 ac 02 	lds	r27, 0x02AC	; 0x8002ac <timer0_millis+0x3>
     53e:	30 91 a8 02 	lds	r19, 0x02A8	; 0x8002a8 <timer0_fract>
     542:	23 e0       	ldi	r18, 0x03	; 3
     544:	23 0f       	add	r18, r19
     546:	2d 37       	cpi	r18, 0x7D	; 125
     548:	20 f4       	brcc	.+8      	; 0x552 <__vector_16+0x3a>
     54a:	01 96       	adiw	r24, 0x01	; 1
     54c:	a1 1d       	adc	r26, r1
     54e:	b1 1d       	adc	r27, r1
     550:	05 c0       	rjmp	.+10     	; 0x55c <__vector_16+0x44>
     552:	26 e8       	ldi	r18, 0x86	; 134
     554:	23 0f       	add	r18, r19
     556:	02 96       	adiw	r24, 0x02	; 2
     558:	a1 1d       	adc	r26, r1
     55a:	b1 1d       	adc	r27, r1
     55c:	20 93 a8 02 	sts	0x02A8, r18	; 0x8002a8 <timer0_fract>
     560:	80 93 a9 02 	sts	0x02A9, r24	; 0x8002a9 <timer0_millis>
     564:	90 93 aa 02 	sts	0x02AA, r25	; 0x8002aa <timer0_millis+0x1>
     568:	a0 93 ab 02 	sts	0x02AB, r26	; 0x8002ab <timer0_millis+0x2>
     56c:	b0 93 ac 02 	sts	0x02AC, r27	; 0x8002ac <timer0_millis+0x3>
     570:	80 91 ad 02 	lds	r24, 0x02AD	; 0x8002ad <timer0_overflow_count>
     574:	90 91 ae 02 	lds	r25, 0x02AE	; 0x8002ae <timer0_overflow_count+0x1>
     578:	a0 91 af 02 	lds	r26, 0x02AF	; 0x8002af <timer0_overflow_count+0x2>
     57c:	b0 91 b0 02 	lds	r27, 0x02B0	; 0x8002b0 <timer0_overflow_count+0x3>
     580:	01 96       	adiw	r24, 0x01	; 1
     582:	a1 1d       	adc	r26, r1
     584:	b1 1d       	adc	r27, r1
     586:	80 93 ad 02 	sts	0x02AD, r24	; 0x8002ad <timer0_overflow_count>
     58a:	90 93 ae 02 	sts	0x02AE, r25	; 0x8002ae <timer0_overflow_count+0x1>
     58e:	a0 93 af 02 	sts	0x02AF, r26	; 0x8002af <timer0_overflow_count+0x2>
     592:	b0 93 b0 02 	sts	0x02B0, r27	; 0x8002b0 <timer0_overflow_count+0x3>
     596:	bf 91       	pop	r27
     598:	af 91       	pop	r26
     59a:	9f 91       	pop	r25
     59c:	8f 91       	pop	r24
     59e:	3f 91       	pop	r19
     5a0:	2f 91       	pop	r18
     5a2:	0f 90       	pop	r0
     5a4:	0f be       	out	0x3f, r0	; 63
     5a6:	0f 90       	pop	r0
     5a8:	1f 90       	pop	r1
     5aa:	18 95       	reti

000005ac <micros>:

unsigned long micros() {
	unsigned long m;
	uint8_t oldSREG = SREG, t;
     5ac:	3f b7       	in	r19, 0x3f	; 63
	
	cli();
     5ae:	f8 94       	cli
	m = timer0_overflow_count;
     5b0:	80 91 ad 02 	lds	r24, 0x02AD	; 0x8002ad <timer0_overflow_count>
     5b4:	90 91 ae 02 	lds	r25, 0x02AE	; 0x8002ae <timer0_overflow_count+0x1>
     5b8:	a0 91 af 02 	lds	r26, 0x02AF	; 0x8002af <timer0_overflow_count+0x2>
     5bc:	b0 91 b0 02 	lds	r27, 0x02B0	; 0x8002b0 <timer0_overflow_count+0x3>
#if defined(TCNT0)
	t = TCNT0;
     5c0:	26 b5       	in	r18, 0x26	; 38
#else
	#error TIMER 0 not defined
#endif

#ifdef TIFR0
	if ((TIFR0 & _BV(TOV0)) && (t < 255))
     5c2:	a8 9b       	sbis	0x15, 0	; 21
     5c4:	05 c0       	rjmp	.+10     	; 0x5d0 <micros+0x24>
     5c6:	2f 3f       	cpi	r18, 0xFF	; 255
     5c8:	19 f0       	breq	.+6      	; 0x5d0 <micros+0x24>
		m++;
     5ca:	01 96       	adiw	r24, 0x01	; 1
     5cc:	a1 1d       	adc	r26, r1
     5ce:	b1 1d       	adc	r27, r1
#else
	if ((TIFR & _BV(TOV0)) && (t < 255))
		m++;
#endif

	SREG = oldSREG;
     5d0:	3f bf       	out	0x3f, r19	; 63
	
	return ((m << 8) + t) * (64 / clockCyclesPerMicrosecond());
     5d2:	ba 2f       	mov	r27, r26
     5d4:	a9 2f       	mov	r26, r25
     5d6:	98 2f       	mov	r25, r24
     5d8:	88 27       	eor	r24, r24
     5da:	82 0f       	add	r24, r18
     5dc:	91 1d       	adc	r25, r1
     5de:	a1 1d       	adc	r26, r1
     5e0:	b1 1d       	adc	r27, r1
     5e2:	bc 01       	movw	r22, r24
     5e4:	cd 01       	movw	r24, r26
     5e6:	42 e0       	ldi	r20, 0x02	; 2
     5e8:	66 0f       	add	r22, r22
     5ea:	77 1f       	adc	r23, r23
     5ec:	88 1f       	adc	r24, r24
     5ee:	99 1f       	adc	r25, r25
     5f0:	4a 95       	dec	r20
     5f2:	d1 f7       	brne	.-12     	; 0x5e8 <micros+0x3c>
}
     5f4:	08 95       	ret

000005f6 <delay>:

void delay(unsigned long ms)
{
     5f6:	8f 92       	push	r8
     5f8:	9f 92       	push	r9
     5fa:	af 92       	push	r10
     5fc:	bf 92       	push	r11
     5fe:	cf 92       	push	r12
     600:	df 92       	push	r13
     602:	ef 92       	push	r14
     604:	ff 92       	push	r15
     606:	6b 01       	movw	r12, r22
     608:	7c 01       	movw	r14, r24
	uint32_t start = micros();
     60a:	0e 94 d6 02 	call	0x5ac	; 0x5ac <micros>
     60e:	4b 01       	movw	r8, r22
     610:	5c 01       	movw	r10, r24

	while (ms > 0) {
     612:	c1 14       	cp	r12, r1
     614:	d1 04       	cpc	r13, r1
     616:	e1 04       	cpc	r14, r1
     618:	f1 04       	cpc	r15, r1
     61a:	01 f1       	breq	.+64     	; 0x65c <delay+0x66>
		yield();
     61c:	0e 94 91 09 	call	0x1322	; 0x1322 <yield>
		while ( ms > 0 && (micros() - start) >= 1000) {
     620:	0e 94 d6 02 	call	0x5ac	; 0x5ac <micros>
     624:	dc 01       	movw	r26, r24
     626:	cb 01       	movw	r24, r22
     628:	88 19       	sub	r24, r8
     62a:	99 09       	sbc	r25, r9
     62c:	aa 09       	sbc	r26, r10
     62e:	bb 09       	sbc	r27, r11
     630:	88 3e       	cpi	r24, 0xE8	; 232
     632:	93 40       	sbci	r25, 0x03	; 3
     634:	a1 05       	cpc	r26, r1
     636:	b1 05       	cpc	r27, r1
     638:	60 f3       	brcs	.-40     	; 0x612 <delay+0x1c>
			ms--;
     63a:	21 e0       	ldi	r18, 0x01	; 1
     63c:	c2 1a       	sub	r12, r18
     63e:	d1 08       	sbc	r13, r1
     640:	e1 08       	sbc	r14, r1
     642:	f1 08       	sbc	r15, r1
			start += 1000;
     644:	88 ee       	ldi	r24, 0xE8	; 232
     646:	88 0e       	add	r8, r24
     648:	83 e0       	ldi	r24, 0x03	; 3
     64a:	98 1e       	adc	r9, r24
     64c:	a1 1c       	adc	r10, r1
     64e:	b1 1c       	adc	r11, r1
{
	uint32_t start = micros();

	while (ms > 0) {
		yield();
		while ( ms > 0 && (micros() - start) >= 1000) {
     650:	c1 14       	cp	r12, r1
     652:	d1 04       	cpc	r13, r1
     654:	e1 04       	cpc	r14, r1
     656:	f1 04       	cpc	r15, r1
     658:	19 f7       	brne	.-58     	; 0x620 <delay+0x2a>
     65a:	db cf       	rjmp	.-74     	; 0x612 <delay+0x1c>
			ms--;
			start += 1000;
		}
	}
}
     65c:	ff 90       	pop	r15
     65e:	ef 90       	pop	r14
     660:	df 90       	pop	r13
     662:	cf 90       	pop	r12
     664:	bf 90       	pop	r11
     666:	af 90       	pop	r10
     668:	9f 90       	pop	r9
     66a:	8f 90       	pop	r8
     66c:	08 95       	ret

0000066e <delayMicroseconds>:
#elif F_CPU >= 16000000L
	// for the 16 MHz clock on most Arduino boards

	// for a one-microsecond delay, simply return.  the overhead
	// of the function call takes 14 (16) cycles, which is 1us
	if (us <= 1) return; //  = 3 cycles, (4 when true)
     66e:	82 30       	cpi	r24, 0x02	; 2
     670:	91 05       	cpc	r25, r1
     672:	38 f0       	brcs	.+14     	; 0x682 <delayMicroseconds+0x14>

	// the following loop takes 1/4 of a microsecond (4 cycles)
	// per iteration, so execute it four times for each microsecond of
	// delay requested.
	us <<= 2; // x4 us, = 4 cycles
     674:	88 0f       	add	r24, r24
     676:	99 1f       	adc	r25, r25
     678:	88 0f       	add	r24, r24
     67a:	99 1f       	adc	r25, r25

	// account for the time taken in the preceeding commands.
	// we just burned 19 (21) cycles above, remove 5, (5*4=20)
	// us is at least 8 so we can substract 5
	us -= 5; // = 2 cycles,
     67c:	05 97       	sbiw	r24, 0x05	; 5
	

#endif

	// busy wait
	__asm__ __volatile__ (
     67e:	01 97       	sbiw	r24, 0x01	; 1
     680:	f1 f7       	brne	.-4      	; 0x67e <delayMicroseconds+0x10>
     682:	08 95       	ret

00000684 <init>:

void init()
{
	// this needs to be called before setup() or some functions won't
	// work there
	sei();
     684:	78 94       	sei
	
	// on the ATmega168, timer 0 is also used for fast hardware pwm
	// (using phase-correct PWM would mean that timer 0 overflowed half as often
	// resulting in different millis() behavior on the ATmega8 and ATmega168)
#if defined(TCCR0A) && defined(WGM01)
	sbi(TCCR0A, WGM01);
     686:	84 b5       	in	r24, 0x24	; 36
     688:	82 60       	ori	r24, 0x02	; 2
     68a:	84 bd       	out	0x24, r24	; 36
	sbi(TCCR0A, WGM00);
     68c:	84 b5       	in	r24, 0x24	; 36
     68e:	81 60       	ori	r24, 0x01	; 1
     690:	84 bd       	out	0x24, r24	; 36
	// this combination is for the standard atmega8
	sbi(TCCR0, CS01);
	sbi(TCCR0, CS00);
#elif defined(TCCR0B) && defined(CS01) && defined(CS00)
	// this combination is for the standard 168/328/1280/2560
	sbi(TCCR0B, CS01);
     692:	85 b5       	in	r24, 0x25	; 37
     694:	82 60       	ori	r24, 0x02	; 2
     696:	85 bd       	out	0x25, r24	; 37
	sbi(TCCR0B, CS00);
     698:	85 b5       	in	r24, 0x25	; 37
     69a:	81 60       	ori	r24, 0x01	; 1
     69c:	85 bd       	out	0x25, r24	; 37

	// enable timer 0 overflow interrupt
#if defined(TIMSK) && defined(TOIE0)
	sbi(TIMSK, TOIE0);
#elif defined(TIMSK0) && defined(TOIE0)
	sbi(TIMSK0, TOIE0);
     69e:	ee e6       	ldi	r30, 0x6E	; 110
     6a0:	f0 e0       	ldi	r31, 0x00	; 0
     6a2:	80 81       	ld	r24, Z
     6a4:	81 60       	ori	r24, 0x01	; 1
     6a6:	80 83       	st	Z, r24
	// this is better for motors as it ensures an even waveform
	// note, however, that fast pwm mode can achieve a frequency of up
	// 8 MHz (with a 16 MHz clock) at 50% duty cycle

#if defined(TCCR1B) && defined(CS11) && defined(CS10)
	TCCR1B = 0;
     6a8:	e1 e8       	ldi	r30, 0x81	; 129
     6aa:	f0 e0       	ldi	r31, 0x00	; 0
     6ac:	10 82       	st	Z, r1

	// set timer 1 prescale factor to 64
	sbi(TCCR1B, CS11);
     6ae:	80 81       	ld	r24, Z
     6b0:	82 60       	ori	r24, 0x02	; 2
     6b2:	80 83       	st	Z, r24
#if F_CPU >= 8000000L
	sbi(TCCR1B, CS10);
     6b4:	80 81       	ld	r24, Z
     6b6:	81 60       	ori	r24, 0x01	; 1
     6b8:	80 83       	st	Z, r24
	sbi(TCCR1, CS10);
#endif
#endif
	// put timer 1 in 8-bit phase correct pwm mode
#if defined(TCCR1A) && defined(WGM10)
	sbi(TCCR1A, WGM10);
     6ba:	e0 e8       	ldi	r30, 0x80	; 128
     6bc:	f0 e0       	ldi	r31, 0x00	; 0
     6be:	80 81       	ld	r24, Z
     6c0:	81 60       	ori	r24, 0x01	; 1
     6c2:	80 83       	st	Z, r24

	// set timer 2 prescale factor to 64
#if defined(TCCR2) && defined(CS22)
	sbi(TCCR2, CS22);
#elif defined(TCCR2B) && defined(CS22)
	sbi(TCCR2B, CS22);
     6c4:	e1 eb       	ldi	r30, 0xB1	; 177
     6c6:	f0 e0       	ldi	r31, 0x00	; 0
     6c8:	80 81       	ld	r24, Z
     6ca:	84 60       	ori	r24, 0x04	; 4
     6cc:	80 83       	st	Z, r24

	// configure timer 2 for phase correct pwm (8-bit)
#if defined(TCCR2) && defined(WGM20)
	sbi(TCCR2, WGM20);
#elif defined(TCCR2A) && defined(WGM20)
	sbi(TCCR2A, WGM20);
     6ce:	e0 eb       	ldi	r30, 0xB0	; 176
     6d0:	f0 e0       	ldi	r31, 0x00	; 0
     6d2:	80 81       	ld	r24, Z
     6d4:	81 60       	ori	r24, 0x01	; 1
     6d6:	80 83       	st	Z, r24
#endif

#if defined(ADCSRA)
	// set a2d prescaler so we are inside the desired 50-200 KHz range.
	#if F_CPU >= 16000000 // 16 MHz / 128 = 125 KHz
		sbi(ADCSRA, ADPS2);
     6d8:	ea e7       	ldi	r30, 0x7A	; 122
     6da:	f0 e0       	ldi	r31, 0x00	; 0
     6dc:	80 81       	ld	r24, Z
     6de:	84 60       	ori	r24, 0x04	; 4
     6e0:	80 83       	st	Z, r24
		sbi(ADCSRA, ADPS1);
     6e2:	80 81       	ld	r24, Z
     6e4:	82 60       	ori	r24, 0x02	; 2
     6e6:	80 83       	st	Z, r24
		sbi(ADCSRA, ADPS0);
     6e8:	80 81       	ld	r24, Z
     6ea:	81 60       	ori	r24, 0x01	; 1
     6ec:	80 83       	st	Z, r24
		cbi(ADCSRA, ADPS2);
		cbi(ADCSRA, ADPS1);
		sbi(ADCSRA, ADPS0);
	#endif
	// enable a2d conversions
	sbi(ADCSRA, ADEN);
     6ee:	80 81       	ld	r24, Z
     6f0:	80 68       	ori	r24, 0x80	; 128
     6f2:	80 83       	st	Z, r24
	// here so they can be used as normal digital i/o; they will be
	// reconnected in Serial.begin()
#if defined(UCSRB)
	UCSRB = 0;
#elif defined(UCSR0B)
	UCSR0B = 0;
     6f4:	10 92 c1 00 	sts	0x00C1, r1	; 0x8000c1 <__TEXT_REGION_LENGTH__+0x7f80c1>
     6f8:	08 95       	ret

000006fa <turnOffPWM>:
//
//static inline void turnOffPWM(uint8_t timer) __attribute__ ((always_inline));
//static inline void turnOffPWM(uint8_t timer)
static void turnOffPWM(uint8_t timer)
{
	switch (timer)
     6fa:	83 30       	cpi	r24, 0x03	; 3
     6fc:	81 f0       	breq	.+32     	; 0x71e <turnOffPWM+0x24>
     6fe:	28 f4       	brcc	.+10     	; 0x70a <turnOffPWM+0x10>
     700:	81 30       	cpi	r24, 0x01	; 1
     702:	99 f0       	breq	.+38     	; 0x72a <turnOffPWM+0x30>
     704:	82 30       	cpi	r24, 0x02	; 2
     706:	a1 f0       	breq	.+40     	; 0x730 <turnOffPWM+0x36>
     708:	08 95       	ret
     70a:	87 30       	cpi	r24, 0x07	; 7
     70c:	a9 f0       	breq	.+42     	; 0x738 <turnOffPWM+0x3e>
     70e:	88 30       	cpi	r24, 0x08	; 8
     710:	b9 f0       	breq	.+46     	; 0x740 <turnOffPWM+0x46>
     712:	84 30       	cpi	r24, 0x04	; 4
     714:	d1 f4       	brne	.+52     	; 0x74a <turnOffPWM+0x50>
	{
		#if defined(TCCR1A) && defined(COM1A1)
		case TIMER1A:   cbi(TCCR1A, COM1A1);    break;
		#endif
		#if defined(TCCR1A) && defined(COM1B1)
		case TIMER1B:   cbi(TCCR1A, COM1B1);    break;
     716:	80 91 80 00 	lds	r24, 0x0080	; 0x800080 <__TEXT_REGION_LENGTH__+0x7f8080>
     71a:	8f 7d       	andi	r24, 0xDF	; 223
     71c:	03 c0       	rjmp	.+6      	; 0x724 <turnOffPWM+0x2a>
static void turnOffPWM(uint8_t timer)
{
	switch (timer)
	{
		#if defined(TCCR1A) && defined(COM1A1)
		case TIMER1A:   cbi(TCCR1A, COM1A1);    break;
     71e:	80 91 80 00 	lds	r24, 0x0080	; 0x800080 <__TEXT_REGION_LENGTH__+0x7f8080>
     722:	8f 77       	andi	r24, 0x7F	; 127
		#endif
		#if defined(TCCR1A) && defined(COM1B1)
		case TIMER1B:   cbi(TCCR1A, COM1B1);    break;
     724:	80 93 80 00 	sts	0x0080, r24	; 0x800080 <__TEXT_REGION_LENGTH__+0x7f8080>
     728:	08 95       	ret
		#if defined(TCCR2) && defined(COM21)
		case  TIMER2:   cbi(TCCR2, COM21);      break;
		#endif
		
		#if defined(TCCR0A) && defined(COM0A1)
		case  TIMER0A:  cbi(TCCR0A, COM0A1);    break;
     72a:	84 b5       	in	r24, 0x24	; 36
     72c:	8f 77       	andi	r24, 0x7F	; 127
     72e:	02 c0       	rjmp	.+4      	; 0x734 <turnOffPWM+0x3a>
		#endif
		
		#if defined(TCCR0A) && defined(COM0B1)
		case  TIMER0B:  cbi(TCCR0A, COM0B1);    break;
     730:	84 b5       	in	r24, 0x24	; 36
     732:	8f 7d       	andi	r24, 0xDF	; 223
     734:	84 bd       	out	0x24, r24	; 36
     736:	08 95       	ret
		#endif
		#if defined(TCCR2A) && defined(COM2A1)
		case  TIMER2A:  cbi(TCCR2A, COM2A1);    break;
     738:	80 91 b0 00 	lds	r24, 0x00B0	; 0x8000b0 <__TEXT_REGION_LENGTH__+0x7f80b0>
     73c:	8f 77       	andi	r24, 0x7F	; 127
     73e:	03 c0       	rjmp	.+6      	; 0x746 <turnOffPWM+0x4c>
		#endif
		#if defined(TCCR2A) && defined(COM2B1)
		case  TIMER2B:  cbi(TCCR2A, COM2B1);    break;
     740:	80 91 b0 00 	lds	r24, 0x00B0	; 0x8000b0 <__TEXT_REGION_LENGTH__+0x7f80b0>
     744:	8f 7d       	andi	r24, 0xDF	; 223
     746:	80 93 b0 00 	sts	0x00B0, r24	; 0x8000b0 <__TEXT_REGION_LENGTH__+0x7f80b0>
     74a:	08 95       	ret

0000074c <pinMode>:
#define ARDUINO_MAIN
#include "wiring_private.h"
#include "pins_arduino.h"

void pinMode(uint8_t pin, uint8_t mode)
{
     74c:	cf 93       	push	r28
     74e:	df 93       	push	r29
	uint8_t bit = digitalPinToBitMask(pin);
     750:	90 e0       	ldi	r25, 0x00	; 0
     752:	fc 01       	movw	r30, r24
     754:	e2 52       	subi	r30, 0x22	; 34
     756:	ff 4f       	sbci	r31, 0xFF	; 255
     758:	24 91       	lpm	r18, Z
	uint8_t port = digitalPinToPort(pin);
     75a:	fc 01       	movw	r30, r24
     75c:	ee 50       	subi	r30, 0x0E	; 14
     75e:	ff 4f       	sbci	r31, 0xFF	; 255
     760:	84 91       	lpm	r24, Z
	volatile uint8_t *reg, *out;

	if (port == NOT_A_PIN) return;
     762:	88 23       	and	r24, r24
     764:	61 f1       	breq	.+88     	; 0x7be <pinMode+0x72>

	// JWS: can I let the optimizer do this?
	reg = portModeRegister(port);
     766:	90 e0       	ldi	r25, 0x00	; 0
     768:	88 0f       	add	r24, r24
     76a:	99 1f       	adc	r25, r25
     76c:	fc 01       	movw	r30, r24
     76e:	e6 5e       	subi	r30, 0xE6	; 230
     770:	fe 4f       	sbci	r31, 0xFE	; 254
     772:	c5 91       	lpm	r28, Z+
     774:	d4 91       	lpm	r29, Z
	out = portOutputRegister(port);
     776:	fc 01       	movw	r30, r24
     778:	e0 5f       	subi	r30, 0xF0	; 240
     77a:	fe 4f       	sbci	r31, 0xFE	; 254
     77c:	a5 91       	lpm	r26, Z+
     77e:	b4 91       	lpm	r27, Z

	if (mode == INPUT) { 
     780:	61 11       	cpse	r22, r1
     782:	09 c0       	rjmp	.+18     	; 0x796 <pinMode+0x4a>
		uint8_t oldSREG = SREG;
     784:	9f b7       	in	r25, 0x3f	; 63
                cli();
     786:	f8 94       	cli
		*reg &= ~bit;
     788:	88 81       	ld	r24, Y
     78a:	20 95       	com	r18
     78c:	82 23       	and	r24, r18
     78e:	88 83       	st	Y, r24
		*out &= ~bit;
     790:	ec 91       	ld	r30, X
     792:	2e 23       	and	r18, r30
     794:	0b c0       	rjmp	.+22     	; 0x7ac <pinMode+0x60>
		SREG = oldSREG;
	} else if (mode == INPUT_PULLUP) {
     796:	62 30       	cpi	r22, 0x02	; 2
     798:	61 f4       	brne	.+24     	; 0x7b2 <pinMode+0x66>
		uint8_t oldSREG = SREG;
     79a:	9f b7       	in	r25, 0x3f	; 63
                cli();
     79c:	f8 94       	cli
		*reg &= ~bit;
     79e:	88 81       	ld	r24, Y
     7a0:	32 2f       	mov	r19, r18
     7a2:	30 95       	com	r19
     7a4:	83 23       	and	r24, r19
     7a6:	88 83       	st	Y, r24
		*out |= bit;
     7a8:	ec 91       	ld	r30, X
     7aa:	2e 2b       	or	r18, r30
     7ac:	2c 93       	st	X, r18
		SREG = oldSREG;
     7ae:	9f bf       	out	0x3f, r25	; 63
     7b0:	06 c0       	rjmp	.+12     	; 0x7be <pinMode+0x72>
	} else {
		uint8_t oldSREG = SREG;
     7b2:	8f b7       	in	r24, 0x3f	; 63
                cli();
     7b4:	f8 94       	cli
		*reg |= bit;
     7b6:	e8 81       	ld	r30, Y
     7b8:	2e 2b       	or	r18, r30
     7ba:	28 83       	st	Y, r18
		SREG = oldSREG;
     7bc:	8f bf       	out	0x3f, r24	; 63
	}
}
     7be:	df 91       	pop	r29
     7c0:	cf 91       	pop	r28
     7c2:	08 95       	ret

000007c4 <digitalWrite>:
		#endif
	}
}

void digitalWrite(uint8_t pin, uint8_t val)
{
     7c4:	1f 93       	push	r17
     7c6:	cf 93       	push	r28
     7c8:	df 93       	push	r29
	uint8_t timer = digitalPinToTimer(pin);
     7ca:	28 2f       	mov	r18, r24
     7cc:	30 e0       	ldi	r19, 0x00	; 0
     7ce:	f9 01       	movw	r30, r18
     7d0:	e6 53       	subi	r30, 0x36	; 54
     7d2:	ff 4f       	sbci	r31, 0xFF	; 255
     7d4:	84 91       	lpm	r24, Z
	uint8_t bit = digitalPinToBitMask(pin);
     7d6:	f9 01       	movw	r30, r18
     7d8:	e2 52       	subi	r30, 0x22	; 34
     7da:	ff 4f       	sbci	r31, 0xFF	; 255
     7dc:	d4 91       	lpm	r29, Z
	uint8_t port = digitalPinToPort(pin);
     7de:	f9 01       	movw	r30, r18
     7e0:	ee 50       	subi	r30, 0x0E	; 14
     7e2:	ff 4f       	sbci	r31, 0xFF	; 255
     7e4:	c4 91       	lpm	r28, Z
	volatile uint8_t *out;

	if (port == NOT_A_PIN) return;
     7e6:	cc 23       	and	r28, r28
     7e8:	c1 f0       	breq	.+48     	; 0x81a <__DATA_REGION_LENGTH__+0x1a>
     7ea:	16 2f       	mov	r17, r22

	// If the pin that support PWM output, we need to turn it off
	// before doing a digital write.
	if (timer != NOT_ON_TIMER) turnOffPWM(timer);
     7ec:	81 11       	cpse	r24, r1
     7ee:	0e 94 7d 03 	call	0x6fa	; 0x6fa <turnOffPWM>

	out = portOutputRegister(port);
     7f2:	ec 2f       	mov	r30, r28
     7f4:	f0 e0       	ldi	r31, 0x00	; 0
     7f6:	ee 0f       	add	r30, r30
     7f8:	ff 1f       	adc	r31, r31
     7fa:	e0 5f       	subi	r30, 0xF0	; 240
     7fc:	fe 4f       	sbci	r31, 0xFE	; 254
     7fe:	a5 91       	lpm	r26, Z+
     800:	b4 91       	lpm	r27, Z

	uint8_t oldSREG = SREG;
     802:	9f b7       	in	r25, 0x3f	; 63
	cli();
     804:	f8 94       	cli

	if (val == LOW) {
     806:	11 11       	cpse	r17, r1
     808:	04 c0       	rjmp	.+8      	; 0x812 <__DATA_REGION_LENGTH__+0x12>
		*out &= ~bit;
     80a:	8c 91       	ld	r24, X
     80c:	d0 95       	com	r29
     80e:	d8 23       	and	r29, r24
     810:	02 c0       	rjmp	.+4      	; 0x816 <__DATA_REGION_LENGTH__+0x16>
	} else {
		*out |= bit;
     812:	ec 91       	ld	r30, X
     814:	de 2b       	or	r29, r30
     816:	dc 93       	st	X, r29
	}

	SREG = oldSREG;
     818:	9f bf       	out	0x3f, r25	; 63
}
     81a:	df 91       	pop	r29
     81c:	cf 91       	pop	r28
     81e:	1f 91       	pop	r17
     820:	08 95       	ret

00000822 <digitalRead>:

int digitalRead(uint8_t pin)
{
     822:	cf 93       	push	r28
     824:	df 93       	push	r29
	uint8_t timer = digitalPinToTimer(pin);
     826:	28 2f       	mov	r18, r24
     828:	30 e0       	ldi	r19, 0x00	; 0
     82a:	f9 01       	movw	r30, r18
     82c:	e6 53       	subi	r30, 0x36	; 54
     82e:	ff 4f       	sbci	r31, 0xFF	; 255
     830:	84 91       	lpm	r24, Z
	uint8_t bit = digitalPinToBitMask(pin);
     832:	f9 01       	movw	r30, r18
     834:	e2 52       	subi	r30, 0x22	; 34
     836:	ff 4f       	sbci	r31, 0xFF	; 255
     838:	d4 91       	lpm	r29, Z
	uint8_t port = digitalPinToPort(pin);
     83a:	f9 01       	movw	r30, r18
     83c:	ee 50       	subi	r30, 0x0E	; 14
     83e:	ff 4f       	sbci	r31, 0xFF	; 255
     840:	c4 91       	lpm	r28, Z

	if (port == NOT_A_PIN) return LOW;
     842:	cc 23       	and	r28, r28
     844:	91 f0       	breq	.+36     	; 0x86a <digitalRead+0x48>

	// If the pin that support PWM output, we need to turn it off
	// before getting a digital reading.
	if (timer != NOT_ON_TIMER) turnOffPWM(timer);
     846:	81 11       	cpse	r24, r1
     848:	0e 94 7d 03 	call	0x6fa	; 0x6fa <turnOffPWM>

	if (*portInputRegister(port) & bit) return HIGH;
     84c:	ec 2f       	mov	r30, r28
     84e:	f0 e0       	ldi	r31, 0x00	; 0
     850:	ee 0f       	add	r30, r30
     852:	ff 1f       	adc	r31, r31
     854:	ea 5f       	subi	r30, 0xFA	; 250
     856:	fe 4f       	sbci	r31, 0xFE	; 254
     858:	a5 91       	lpm	r26, Z+
     85a:	b4 91       	lpm	r27, Z
     85c:	ec 91       	ld	r30, X
{
	uint8_t timer = digitalPinToTimer(pin);
	uint8_t bit = digitalPinToBitMask(pin);
	uint8_t port = digitalPinToPort(pin);

	if (port == NOT_A_PIN) return LOW;
     85e:	ed 23       	and	r30, r29
     860:	81 e0       	ldi	r24, 0x01	; 1
     862:	90 e0       	ldi	r25, 0x00	; 0
     864:	21 f4       	brne	.+8      	; 0x86e <digitalRead+0x4c>
     866:	80 e0       	ldi	r24, 0x00	; 0
     868:	02 c0       	rjmp	.+4      	; 0x86e <digitalRead+0x4c>
     86a:	80 e0       	ldi	r24, 0x00	; 0
     86c:	90 e0       	ldi	r25, 0x00	; 0
	// before getting a digital reading.
	if (timer != NOT_ON_TIMER) turnOffPWM(timer);

	if (*portInputRegister(port) & bit) return HIGH;
	return LOW;
}
     86e:	df 91       	pop	r29
     870:	cf 91       	pop	r28
     872:	08 95       	ret

00000874 <shiftOut>:
	}
	return value;
}

void shiftOut(uint8_t dataPin, uint8_t clockPin, uint8_t bitOrder, uint8_t val)
{
     874:	ff 92       	push	r15
     876:	0f 93       	push	r16
     878:	1f 93       	push	r17
     87a:	cf 93       	push	r28
     87c:	df 93       	push	r29
     87e:	08 2f       	mov	r16, r24
     880:	16 2f       	mov	r17, r22
     882:	f4 2e       	mov	r15, r20
     884:	c2 2f       	mov	r28, r18
     886:	d8 e0       	ldi	r29, 0x08	; 8
	uint8_t i;

	for (i = 0; i < 8; i++)  {
		if (bitOrder == LSBFIRST) {
			digitalWrite(dataPin, val & 1);
     888:	6c 2f       	mov	r22, r28
void shiftOut(uint8_t dataPin, uint8_t clockPin, uint8_t bitOrder, uint8_t val)
{
	uint8_t i;

	for (i = 0; i < 8; i++)  {
		if (bitOrder == LSBFIRST) {
     88a:	f1 10       	cpse	r15, r1
     88c:	06 c0       	rjmp	.+12     	; 0x89a <shiftOut+0x26>
			digitalWrite(dataPin, val & 1);
     88e:	61 70       	andi	r22, 0x01	; 1
     890:	80 2f       	mov	r24, r16
     892:	0e 94 e2 03 	call	0x7c4	; 0x7c4 <digitalWrite>
			val >>= 1;
     896:	c6 95       	lsr	r28
     898:	07 c0       	rjmp	.+14     	; 0x8a8 <shiftOut+0x34>
		} else {	
			digitalWrite(dataPin, (val & 128) != 0);
     89a:	66 1f       	adc	r22, r22
     89c:	66 27       	eor	r22, r22
     89e:	66 1f       	adc	r22, r22
     8a0:	80 2f       	mov	r24, r16
     8a2:	0e 94 e2 03 	call	0x7c4	; 0x7c4 <digitalWrite>
			val <<= 1;
     8a6:	cc 0f       	add	r28, r28
		}
			
		digitalWrite(clockPin, HIGH);
     8a8:	61 e0       	ldi	r22, 0x01	; 1
     8aa:	81 2f       	mov	r24, r17
     8ac:	0e 94 e2 03 	call	0x7c4	; 0x7c4 <digitalWrite>
		digitalWrite(clockPin, LOW);		
     8b0:	60 e0       	ldi	r22, 0x00	; 0
     8b2:	81 2f       	mov	r24, r17
     8b4:	0e 94 e2 03 	call	0x7c4	; 0x7c4 <digitalWrite>
     8b8:	d1 50       	subi	r29, 0x01	; 1

void shiftOut(uint8_t dataPin, uint8_t clockPin, uint8_t bitOrder, uint8_t val)
{
	uint8_t i;

	for (i = 0; i < 8; i++)  {
     8ba:	31 f7       	brne	.-52     	; 0x888 <shiftOut+0x14>
		}
			
		digitalWrite(clockPin, HIGH);
		digitalWrite(clockPin, LOW);		
	}
}
     8bc:	df 91       	pop	r29
     8be:	cf 91       	pop	r28
     8c0:	1f 91       	pop	r17
     8c2:	0f 91       	pop	r16
     8c4:	ff 90       	pop	r15
     8c6:	08 95       	ret

000008c8 <_ZN7TwoWire5writeEi>:
    if (initialFreq < fromFreq || initialFreq > toFreq)
        initialFreq = fromFreq;

    setAM();
    currentWorkFrequency = initialFreq;
    setFrequency(currentWorkFrequency);
     8c8:	dc 01       	movw	r26, r24
     8ca:	ed 91       	ld	r30, X+
     8cc:	fc 91       	ld	r31, X
     8ce:	01 90       	ld	r0, Z+
     8d0:	f0 81       	ld	r31, Z
     8d2:	e0 2d       	mov	r30, r0
     8d4:	09 94       	ijmp

000008d6 <_ZN6SI4735C1Ev>:
     8d6:	fc 01       	movw	r30, r24
     8d8:	e6 57       	subi	r30, 0x76	; 118
     8da:	ff 4f       	sbci	r31, 0xFF	; 255
     8dc:	10 82       	st	Z, r1
     8de:	31 96       	adiw	r30, 0x01	; 1
     8e0:	10 82       	st	Z, r1
     8e2:	31 96       	adiw	r30, 0x01	; 1
     8e4:	21 e1       	ldi	r18, 0x11	; 17
     8e6:	30 e0       	ldi	r19, 0x00	; 0
     8e8:	31 83       	std	Z+1, r19	; 0x01
     8ea:	20 83       	st	Z, r18
     8ec:	32 96       	adiw	r30, 0x02	; 2
     8ee:	2e e1       	ldi	r18, 0x1E	; 30
     8f0:	30 e0       	ldi	r19, 0x00	; 0
     8f2:	31 83       	std	Z+1, r19	; 0x01
     8f4:	20 83       	st	Z, r18
     8f6:	32 96       	adiw	r30, 0x02	; 2
     8f8:	2a e0       	ldi	r18, 0x0A	; 10
     8fa:	30 e0       	ldi	r19, 0x00	; 0
     8fc:	31 83       	std	Z+1, r19	; 0x01
     8fe:	20 83       	st	Z, r18
     900:	32 96       	adiw	r30, 0x02	; 2
     902:	40 e4       	ldi	r20, 0x40	; 64
     904:	5f e1       	ldi	r21, 0x1F	; 31
     906:	60 e0       	ldi	r22, 0x00	; 0
     908:	70 e0       	ldi	r23, 0x00	; 0
     90a:	40 83       	st	Z, r20
     90c:	51 83       	std	Z+1, r21	; 0x01
     90e:	62 83       	std	Z+2, r22	; 0x02
     910:	73 83       	std	Z+3, r23	; 0x03
     912:	3f 96       	adiw	r30, 0x0f	; 15
     914:	2f ef       	ldi	r18, 0xFF	; 255
     916:	20 83       	st	Z, r18
     918:	31 96       	adiw	r30, 0x01	; 1
     91a:	34 e2       	ldi	r19, 0x24	; 36
     91c:	30 83       	st	Z, r19
     91e:	31 96       	adiw	r30, 0x01	; 1
     920:	31 e0       	ldi	r19, 0x01	; 1
     922:	30 83       	st	Z, r19
     924:	31 96       	adiw	r30, 0x01	; 1
     926:	10 82       	st	Z, r1
     928:	31 96       	adiw	r30, 0x01	; 1
     92a:	10 82       	st	Z, r1
     92c:	31 96       	adiw	r30, 0x01	; 1
     92e:	40 e0       	ldi	r20, 0x00	; 0
     930:	50 e8       	ldi	r21, 0x80	; 128
     932:	51 83       	std	Z+1, r21	; 0x01
     934:	40 83       	st	Z, r20
     936:	32 96       	adiw	r30, 0x02	; 2
     938:	41 e0       	ldi	r20, 0x01	; 1
     93a:	50 e0       	ldi	r21, 0x00	; 0
     93c:	51 83       	std	Z+1, r21	; 0x01
     93e:	40 83       	st	Z, r20
     940:	32 96       	adiw	r30, 0x02	; 2
     942:	10 82       	st	Z, r1
     944:	f5 96       	adiw	r30, 0x35	; 53
     946:	30 e2       	ldi	r19, 0x20	; 32
     948:	30 83       	st	Z, r19
     94a:	31 96       	adiw	r30, 0x01	; 1
     94c:	35 e0       	ldi	r19, 0x05	; 5
     94e:	30 83       	st	Z, r19
     950:	32 96       	adiw	r30, 0x02	; 2
     952:	20 83       	st	Z, r18
     954:	31 97       	sbiw	r30, 0x01	; 1
     956:	10 82       	st	Z, r1
     958:	08 95       	ret

0000095a <_ZN6SI47355resetEv>:
     95a:	cf 93       	push	r28
     95c:	df 93       	push	r29
     95e:	ec 01       	movw	r28, r24
     960:	c9 56       	subi	r28, 0x69	; 105
     962:	df 4f       	sbci	r29, 0xFF	; 255
     964:	61 e0       	ldi	r22, 0x01	; 1
     966:	88 81       	ld	r24, Y
     968:	0e 94 a6 03 	call	0x74c	; 0x74c <pinMode>
     96c:	6a e0       	ldi	r22, 0x0A	; 10
     96e:	70 e0       	ldi	r23, 0x00	; 0
     970:	80 e0       	ldi	r24, 0x00	; 0
     972:	90 e0       	ldi	r25, 0x00	; 0
     974:	0e 94 fb 02 	call	0x5f6	; 0x5f6 <delay>
     978:	60 e0       	ldi	r22, 0x00	; 0
     97a:	88 81       	ld	r24, Y
     97c:	0e 94 e2 03 	call	0x7c4	; 0x7c4 <digitalWrite>
     980:	6a e0       	ldi	r22, 0x0A	; 10
     982:	70 e0       	ldi	r23, 0x00	; 0
     984:	80 e0       	ldi	r24, 0x00	; 0
     986:	90 e0       	ldi	r25, 0x00	; 0
     988:	0e 94 fb 02 	call	0x5f6	; 0x5f6 <delay>
     98c:	61 e0       	ldi	r22, 0x01	; 1
     98e:	88 81       	ld	r24, Y
     990:	0e 94 e2 03 	call	0x7c4	; 0x7c4 <digitalWrite>
     994:	6a e0       	ldi	r22, 0x0A	; 10
     996:	70 e0       	ldi	r23, 0x00	; 0
     998:	80 e0       	ldi	r24, 0x00	; 0
     99a:	90 e0       	ldi	r25, 0x00	; 0
     99c:	df 91       	pop	r29
     99e:	cf 91       	pop	r28
     9a0:	0c 94 fb 02 	jmp	0x5f6	; 0x5f6 <delay>

000009a4 <_ZN6SI473510setPowerUpEhhhhhh>:
     9a4:	cf 92       	push	r12
     9a6:	ef 92       	push	r14
     9a8:	0f 93       	push	r16
     9aa:	cf 93       	push	r28
     9ac:	df 93       	push	r29
     9ae:	fc 01       	movw	r30, r24
     9b0:	dc 01       	movw	r26, r24
     9b2:	a3 52       	subi	r26, 0x23	; 35
     9b4:	bf 4f       	sbci	r27, 0xFF	; 255
     9b6:	9c 91       	ld	r25, X
     9b8:	60 fb       	bst	r22, 0
     9ba:	97 f9       	bld	r25, 7
     9bc:	40 fb       	bst	r20, 0
     9be:	96 f9       	bld	r25, 6
     9c0:	20 fb       	bst	r18, 0
     9c2:	95 f9       	bld	r25, 5
     9c4:	00 fb       	bst	r16, 0
     9c6:	94 f9       	bld	r25, 4
     9c8:	8e 2d       	mov	r24, r14
     9ca:	8f 70       	andi	r24, 0x0F	; 15
     9cc:	90 7f       	andi	r25, 0xF0	; 240
     9ce:	98 2b       	or	r25, r24
     9d0:	9c 93       	st	X, r25
     9d2:	11 96       	adiw	r26, 0x01	; 1
     9d4:	cc 92       	st	X, r12
     9d6:	db 97       	sbiw	r26, 0x3b	; 59
     9d8:	0c 93       	st	X, r16
     9da:	ef 01       	movw	r28, r30
     9dc:	c8 56       	subi	r28, 0x68	; 104
     9de:	df 4f       	sbci	r29, 0xFF	; 255
     9e0:	1a 96       	adiw	r26, 0x0a	; 10
     9e2:	e1 10       	cpse	r14, r1
     9e4:	05 c0       	rjmp	.+10     	; 0x9f0 <_ZN6SI473510setPowerUpEhhhhhh+0x4c>
     9e6:	80 e2       	ldi	r24, 0x20	; 32
     9e8:	88 83       	st	Y, r24
     9ea:	8c 91       	ld	r24, X
     9ec:	82 60       	ori	r24, 0x02	; 2
     9ee:	04 c0       	rjmp	.+8      	; 0x9f8 <_ZN6SI473510setPowerUpEhhhhhh+0x54>
     9f0:	80 e4       	ldi	r24, 0x40	; 64
     9f2:	88 83       	st	Y, r24
     9f4:	8c 91       	ld	r24, X
     9f6:	8d 7f       	andi	r24, 0xFD	; 253
     9f8:	8c 93       	st	X, r24
     9fa:	8c 91       	ld	r24, X
     9fc:	81 60       	ori	r24, 0x01	; 1
     9fe:	83 7c       	andi	r24, 0xC3	; 195
     a00:	8c 93       	st	X, r24
     a02:	df 01       	movw	r26, r30
     a04:	a0 55       	subi	r26, 0x50	; 80
     a06:	bf 4f       	sbci	r27, 0xFF	; 255
     a08:	1c 92       	st	X, r1
     a0a:	ef 54       	subi	r30, 0x4F	; 79
     a0c:	ff 4f       	sbci	r31, 0xFF	; 255
     a0e:	81 e0       	ldi	r24, 0x01	; 1
     a10:	80 83       	st	Z, r24
     a12:	df 91       	pop	r29
     a14:	cf 91       	pop	r28
     a16:	0f 91       	pop	r16
     a18:	ef 90       	pop	r14
     a1a:	cf 90       	pop	r12
     a1c:	08 95       	ret

00000a1e <_ZN6SI473514disableFmDebugEv>:
     a1e:	84 57       	subi	r24, 0x74	; 116
     a20:	9f 4f       	sbci	r25, 0xFF	; 255
     a22:	fc 01       	movw	r30, r24
     a24:	60 81       	ld	r22, Z
     a26:	71 81       	ldd	r23, Z+1	; 0x01
     a28:	81 eb       	ldi	r24, 0xB1	; 177
     a2a:	92 e0       	ldi	r25, 0x02	; 2
     a2c:	0e 94 0e 09 	call	0x121c	; 0x121c <_ZN7TwoWire17beginTransmissionEi>
     a30:	62 e1       	ldi	r22, 0x12	; 18
     a32:	70 e0       	ldi	r23, 0x00	; 0
     a34:	81 eb       	ldi	r24, 0xB1	; 177
     a36:	92 e0       	ldi	r25, 0x02	; 2
     a38:	0e 94 64 04 	call	0x8c8	; 0x8c8 <_ZN7TwoWire5writeEi>
     a3c:	60 e0       	ldi	r22, 0x00	; 0
     a3e:	70 e0       	ldi	r23, 0x00	; 0
     a40:	81 eb       	ldi	r24, 0xB1	; 177
     a42:	92 e0       	ldi	r25, 0x02	; 2
     a44:	0e 94 64 04 	call	0x8c8	; 0x8c8 <_ZN7TwoWire5writeEi>
     a48:	6f ef       	ldi	r22, 0xFF	; 255
     a4a:	70 e0       	ldi	r23, 0x00	; 0
     a4c:	81 eb       	ldi	r24, 0xB1	; 177
     a4e:	92 e0       	ldi	r25, 0x02	; 2
     a50:	0e 94 64 04 	call	0x8c8	; 0x8c8 <_ZN7TwoWire5writeEi>
     a54:	60 e0       	ldi	r22, 0x00	; 0
     a56:	70 e0       	ldi	r23, 0x00	; 0
     a58:	81 eb       	ldi	r24, 0xB1	; 177
     a5a:	92 e0       	ldi	r25, 0x02	; 2
     a5c:	0e 94 64 04 	call	0x8c8	; 0x8c8 <_ZN7TwoWire5writeEi>
     a60:	60 e0       	ldi	r22, 0x00	; 0
     a62:	70 e0       	ldi	r23, 0x00	; 0
     a64:	81 eb       	ldi	r24, 0xB1	; 177
     a66:	92 e0       	ldi	r25, 0x02	; 2
     a68:	0e 94 64 04 	call	0x8c8	; 0x8c8 <_ZN7TwoWire5writeEi>
     a6c:	60 e0       	ldi	r22, 0x00	; 0
     a6e:	70 e0       	ldi	r23, 0x00	; 0
     a70:	81 eb       	ldi	r24, 0xB1	; 177
     a72:	92 e0       	ldi	r25, 0x02	; 2
     a74:	0e 94 64 04 	call	0x8c8	; 0x8c8 <_ZN7TwoWire5writeEi>
     a78:	81 eb       	ldi	r24, 0xB1	; 177
     a7a:	92 e0       	ldi	r25, 0x02	; 2
     a7c:	0e 94 8a 09 	call	0x1314	; 0x1314 <_ZN7TwoWire15endTransmissionEv>
     a80:	84 ec       	ldi	r24, 0xC4	; 196
     a82:	99 e0       	ldi	r25, 0x09	; 9
     a84:	0c 94 37 03 	jmp	0x66e	; 0x66e <delayMicroseconds>

00000a88 <_ZN6SI473510waitToSendEv>:
     a88:	cf 93       	push	r28
     a8a:	df 93       	push	r29
     a8c:	ec 01       	movw	r28, r24
     a8e:	c4 57       	subi	r28, 0x74	; 116
     a90:	df 4f       	sbci	r29, 0xFF	; 255
     a92:	8c e2       	ldi	r24, 0x2C	; 44
     a94:	91 e0       	ldi	r25, 0x01	; 1
     a96:	0e 94 37 03 	call	0x66e	; 0x66e <delayMicroseconds>
     a9a:	68 81       	ld	r22, Y
     a9c:	79 81       	ldd	r23, Y+1	; 0x01
     a9e:	41 e0       	ldi	r20, 0x01	; 1
     aa0:	50 e0       	ldi	r21, 0x00	; 0
     aa2:	81 eb       	ldi	r24, 0xB1	; 177
     aa4:	92 e0       	ldi	r25, 0x02	; 2
     aa6:	0e 94 87 09 	call	0x130e	; 0x130e <_ZN7TwoWire11requestFromEii>
     aaa:	81 eb       	ldi	r24, 0xB1	; 177
     aac:	92 e0       	ldi	r25, 0x02	; 2
     aae:	0e 94 28 08 	call	0x1050	; 0x1050 <_ZN7TwoWire4readEv>
     ab2:	87 ff       	sbrs	r24, 7
     ab4:	ee cf       	rjmp	.-36     	; 0xa92 <_ZN6SI473510waitToSendEv+0xa>
     ab6:	df 91       	pop	r29
     ab8:	cf 91       	pop	r28
     aba:	08 95       	ret

00000abc <_ZN6SI47359powerDownEv>:
     abc:	cf 93       	push	r28
     abe:	df 93       	push	r29
     ac0:	ec 01       	movw	r28, r24
     ac2:	fc 01       	movw	r30, r24
     ac4:	ee 51       	subi	r30, 0x1E	; 30
     ac6:	ff 4f       	sbci	r31, 0xFF	; 255
     ac8:	80 81       	ld	r24, Z
     aca:	87 fd       	sbrc	r24, 7
     acc:	07 c0       	rjmp	.+14     	; 0xadc <_ZN6SI47359powerDownEv+0x20>
     ace:	61 e0       	ldi	r22, 0x01	; 1
     ad0:	0e 94 e2 03 	call	0x7c4	; 0x7c4 <digitalWrite>
     ad4:	8c e2       	ldi	r24, 0x2C	; 44
     ad6:	91 e0       	ldi	r25, 0x01	; 1
     ad8:	0e 94 37 03 	call	0x66e	; 0x66e <delayMicroseconds>
     adc:	ce 01       	movw	r24, r28
     ade:	0e 94 44 05 	call	0xa88	; 0xa88 <_ZN6SI473510waitToSendEv>
     ae2:	c4 57       	subi	r28, 0x74	; 116
     ae4:	df 4f       	sbci	r29, 0xFF	; 255
     ae6:	68 81       	ld	r22, Y
     ae8:	79 81       	ldd	r23, Y+1	; 0x01
     aea:	81 eb       	ldi	r24, 0xB1	; 177
     aec:	92 e0       	ldi	r25, 0x02	; 2
     aee:	0e 94 0e 09 	call	0x121c	; 0x121c <_ZN7TwoWire17beginTransmissionEi>
     af2:	61 e1       	ldi	r22, 0x11	; 17
     af4:	70 e0       	ldi	r23, 0x00	; 0
     af6:	81 eb       	ldi	r24, 0xB1	; 177
     af8:	92 e0       	ldi	r25, 0x02	; 2
     afa:	0e 94 64 04 	call	0x8c8	; 0x8c8 <_ZN7TwoWire5writeEi>
     afe:	81 eb       	ldi	r24, 0xB1	; 177
     b00:	92 e0       	ldi	r25, 0x02	; 2
     b02:	0e 94 8a 09 	call	0x1314	; 0x1314 <_ZN7TwoWire15endTransmissionEv>
     b06:	84 ec       	ldi	r24, 0xC4	; 196
     b08:	99 e0       	ldi	r25, 0x09	; 9
     b0a:	df 91       	pop	r29
     b0c:	cf 91       	pop	r28
     b0e:	0c 94 37 03 	jmp	0x66e	; 0x66e <delayMicroseconds>

00000b12 <_ZN6SI473511getFirmwareEv>:
     b12:	af 92       	push	r10
     b14:	bf 92       	push	r11
     b16:	cf 92       	push	r12
     b18:	df 92       	push	r13
     b1a:	ef 92       	push	r14
     b1c:	ff 92       	push	r15
     b1e:	0f 93       	push	r16
     b20:	1f 93       	push	r17
     b22:	cf 93       	push	r28
     b24:	df 93       	push	r29
     b26:	ec 01       	movw	r28, r24
     b28:	0e 94 44 05 	call	0xa88	; 0xa88 <_ZN6SI473510waitToSendEv>
     b2c:	7e 01       	movw	r14, r28
     b2e:	8c e8       	ldi	r24, 0x8C	; 140
     b30:	e8 0e       	add	r14, r24
     b32:	f1 1c       	adc	r15, r1
     b34:	f7 01       	movw	r30, r14
     b36:	60 81       	ld	r22, Z
     b38:	71 81       	ldd	r23, Z+1	; 0x01
     b3a:	81 eb       	ldi	r24, 0xB1	; 177
     b3c:	92 e0       	ldi	r25, 0x02	; 2
     b3e:	0e 94 0e 09 	call	0x121c	; 0x121c <_ZN7TwoWire17beginTransmissionEi>
     b42:	60 e1       	ldi	r22, 0x10	; 16
     b44:	70 e0       	ldi	r23, 0x00	; 0
     b46:	81 eb       	ldi	r24, 0xB1	; 177
     b48:	92 e0       	ldi	r25, 0x02	; 2
     b4a:	0e 94 64 04 	call	0x8c8	; 0x8c8 <_ZN7TwoWire5writeEi>
     b4e:	81 eb       	ldi	r24, 0xB1	; 177
     b50:	92 e0       	ldi	r25, 0x02	; 2
     b52:	0e 94 8a 09 	call	0x1314	; 0x1314 <_ZN7TwoWire15endTransmissionEv>
     b56:	5e 01       	movw	r10, r28
     b58:	fb ec       	ldi	r31, 0xCB	; 203
     b5a:	af 0e       	add	r10, r31
     b5c:	b1 1c       	adc	r11, r1
     b5e:	ce 01       	movw	r24, r28
     b60:	0e 94 44 05 	call	0xa88	; 0xa88 <_ZN6SI473510waitToSendEv>
     b64:	f7 01       	movw	r30, r14
     b66:	60 81       	ld	r22, Z
     b68:	71 81       	ldd	r23, Z+1	; 0x01
     b6a:	49 e0       	ldi	r20, 0x09	; 9
     b6c:	50 e0       	ldi	r21, 0x00	; 0
     b6e:	81 eb       	ldi	r24, 0xB1	; 177
     b70:	92 e0       	ldi	r25, 0x02	; 2
     b72:	0e 94 87 09 	call	0x130e	; 0x130e <_ZN7TwoWire11requestFromEii>
     b76:	8e 01       	movw	r16, r28
     b78:	0e 53       	subi	r16, 0x3E	; 62
     b7a:	1f 4f       	sbci	r17, 0xFF	; 255
     b7c:	68 01       	movw	r12, r16
     b7e:	81 eb       	ldi	r24, 0xB1	; 177
     b80:	92 e0       	ldi	r25, 0x02	; 2
     b82:	0e 94 28 08 	call	0x1050	; 0x1050 <_ZN7TwoWire4readEv>
     b86:	f8 01       	movw	r30, r16
     b88:	81 93       	st	Z+, r24
     b8a:	8f 01       	movw	r16, r30
     b8c:	ea 15       	cp	r30, r10
     b8e:	fb 05       	cpc	r31, r11
     b90:	b1 f7       	brne	.-20     	; 0xb7e <_ZN6SI473511getFirmwareEv+0x6c>
     b92:	f6 01       	movw	r30, r12
     b94:	80 81       	ld	r24, Z
     b96:	86 fd       	sbrc	r24, 6
     b98:	e2 cf       	rjmp	.-60     	; 0xb5e <_ZN6SI473511getFirmwareEv+0x4c>
     b9a:	df 91       	pop	r29
     b9c:	cf 91       	pop	r28
     b9e:	1f 91       	pop	r17
     ba0:	0f 91       	pop	r16
     ba2:	ff 90       	pop	r15
     ba4:	ef 90       	pop	r14
     ba6:	df 90       	pop	r13
     ba8:	cf 90       	pop	r12
     baa:	bf 90       	pop	r11
     bac:	af 90       	pop	r10
     bae:	08 95       	ret

00000bb0 <_ZN6SI473512setFrequencyEj>:
     bb0:	8f 92       	push	r8
     bb2:	9f 92       	push	r9
     bb4:	af 92       	push	r10
     bb6:	bf 92       	push	r11
     bb8:	cf 92       	push	r12
     bba:	df 92       	push	r13
     bbc:	ef 92       	push	r14
     bbe:	ff 92       	push	r15
     bc0:	0f 93       	push	r16
     bc2:	1f 93       	push	r17
     bc4:	cf 93       	push	r28
     bc6:	df 93       	push	r29
     bc8:	ec 01       	movw	r28, r24
     bca:	7b 01       	movw	r14, r22
     bcc:	0e 94 44 05 	call	0xa88	; 0xa88 <_ZN6SI473510waitToSendEv>
     bd0:	fe 01       	movw	r30, r28
     bd2:	e5 55       	subi	r30, 0x55	; 85
     bd4:	ff 4f       	sbci	r31, 0xFF	; 255
     bd6:	f1 82       	std	Z+1, r15	; 0x01
     bd8:	e0 82       	st	Z, r14
     bda:	5e 01       	movw	r10, r28
     bdc:	8e ea       	ldi	r24, 0xAE	; 174
     bde:	a8 0e       	add	r10, r24
     be0:	b1 1c       	adc	r11, r1
     be2:	de 01       	movw	r26, r28
     be4:	a4 55       	subi	r26, 0x54	; 84
     be6:	bf 4f       	sbci	r27, 0xFF	; 255
     be8:	8c 91       	ld	r24, X
     bea:	d5 01       	movw	r26, r10
     bec:	8c 93       	st	X, r24
     bee:	6e 01       	movw	r12, r28
     bf0:	bf ea       	ldi	r27, 0xAF	; 175
     bf2:	cb 0e       	add	r12, r27
     bf4:	d1 1c       	adc	r13, r1
     bf6:	80 81       	ld	r24, Z
     bf8:	f6 01       	movw	r30, r12
     bfa:	80 83       	st	Z, r24
     bfc:	f2 96       	adiw	r30, 0x32	; 50
     bfe:	80 81       	ld	r24, Z
     c00:	8e 01       	movw	r16, r28
     c02:	03 55       	subi	r16, 0x53	; 83
     c04:	1f 4f       	sbci	r17, 0xFF	; 255
     c06:	88 23       	and	r24, r24
     c08:	59 f0       	breq	.+22     	; 0xc20 <_ZN6SI473512setFrequencyEj+0x70>
     c0a:	d8 01       	movw	r26, r16
     c0c:	9c 91       	ld	r25, X
     c0e:	82 95       	swap	r24
     c10:	88 0f       	add	r24, r24
     c12:	88 0f       	add	r24, r24
     c14:	80 7c       	andi	r24, 0xC0	; 192
     c16:	93 70       	andi	r25, 0x03	; 3
     c18:	89 2b       	or	r24, r25
     c1a:	81 60       	ori	r24, 0x01	; 1
     c1c:	8d 7f       	andi	r24, 0xFD	; 253
     c1e:	8c 93       	st	X, r24
     c20:	fe 01       	movw	r30, r28
     c22:	e4 57       	subi	r30, 0x74	; 116
     c24:	ff 4f       	sbci	r31, 0xFF	; 255
     c26:	60 81       	ld	r22, Z
     c28:	71 81       	ldd	r23, Z+1	; 0x01
     c2a:	81 eb       	ldi	r24, 0xB1	; 177
     c2c:	92 e0       	ldi	r25, 0x02	; 2
     c2e:	0e 94 0e 09 	call	0x121c	; 0x121c <_ZN7TwoWire17beginTransmissionEi>
     c32:	4e 01       	movw	r8, r28
     c34:	b8 e9       	ldi	r27, 0x98	; 152
     c36:	8b 0e       	add	r8, r27
     c38:	91 1c       	adc	r9, r1
     c3a:	f4 01       	movw	r30, r8
     c3c:	60 81       	ld	r22, Z
     c3e:	81 eb       	ldi	r24, 0xB1	; 177
     c40:	92 e0       	ldi	r25, 0x02	; 2
     c42:	0e 94 af 08 	call	0x115e	; 0x115e <_ZN7TwoWire5writeEh>
     c46:	d8 01       	movw	r26, r16
     c48:	6c 91       	ld	r22, X
     c4a:	81 eb       	ldi	r24, 0xB1	; 177
     c4c:	92 e0       	ldi	r25, 0x02	; 2
     c4e:	0e 94 af 08 	call	0x115e	; 0x115e <_ZN7TwoWire5writeEh>
     c52:	f5 01       	movw	r30, r10
     c54:	60 81       	ld	r22, Z
     c56:	81 eb       	ldi	r24, 0xB1	; 177
     c58:	92 e0       	ldi	r25, 0x02	; 2
     c5a:	0e 94 af 08 	call	0x115e	; 0x115e <_ZN7TwoWire5writeEh>
     c5e:	d6 01       	movw	r26, r12
     c60:	6c 91       	ld	r22, X
     c62:	81 eb       	ldi	r24, 0xB1	; 177
     c64:	92 e0       	ldi	r25, 0x02	; 2
     c66:	0e 94 af 08 	call	0x115e	; 0x115e <_ZN7TwoWire5writeEh>
     c6a:	fe 01       	movw	r30, r28
     c6c:	e0 55       	subi	r30, 0x50	; 80
     c6e:	ff 4f       	sbci	r31, 0xFF	; 255
     c70:	60 81       	ld	r22, Z
     c72:	81 eb       	ldi	r24, 0xB1	; 177
     c74:	92 e0       	ldi	r25, 0x02	; 2
     c76:	0e 94 af 08 	call	0x115e	; 0x115e <_ZN7TwoWire5writeEh>
     c7a:	f4 01       	movw	r30, r8
     c7c:	80 81       	ld	r24, Z
     c7e:	80 34       	cpi	r24, 0x40	; 64
     c80:	31 f4       	brne	.+12     	; 0xc8e <_ZN6SI473512setFrequencyEj+0xde>
     c82:	79 96       	adiw	r30, 0x19	; 25
     c84:	60 81       	ld	r22, Z
     c86:	81 eb       	ldi	r24, 0xB1	; 177
     c88:	92 e0       	ldi	r25, 0x02	; 2
     c8a:	0e 94 af 08 	call	0x115e	; 0x115e <_ZN7TwoWire5writeEh>
     c8e:	81 eb       	ldi	r24, 0xB1	; 177
     c90:	92 e0       	ldi	r25, 0x02	; 2
     c92:	0e 94 8a 09 	call	0x1314	; 0x1314 <_ZN7TwoWire15endTransmissionEv>
     c96:	ce 01       	movw	r24, r28
     c98:	0e 94 44 05 	call	0xa88	; 0xa88 <_ZN6SI473510waitToSendEv>
     c9c:	fe 01       	movw	r30, r28
     c9e:	e3 56       	subi	r30, 0x63	; 99
     ca0:	ff 4f       	sbci	r31, 0xFF	; 255
     ca2:	f1 82       	std	Z+1, r15	; 0x01
     ca4:	e0 82       	st	Z, r14
     ca6:	c2 57       	subi	r28, 0x72	; 114
     ca8:	df 4f       	sbci	r29, 0xFF	; 255
     caa:	68 81       	ld	r22, Y
     cac:	79 81       	ldd	r23, Y+1	; 0x01
     cae:	80 e0       	ldi	r24, 0x00	; 0
     cb0:	90 e0       	ldi	r25, 0x00	; 0
     cb2:	df 91       	pop	r29
     cb4:	cf 91       	pop	r28
     cb6:	1f 91       	pop	r17
     cb8:	0f 91       	pop	r16
     cba:	ff 90       	pop	r15
     cbc:	ef 90       	pop	r14
     cbe:	df 90       	pop	r13
     cc0:	cf 90       	pop	r12
     cc2:	bf 90       	pop	r11
     cc4:	af 90       	pop	r10
     cc6:	9f 90       	pop	r9
     cc8:	8f 90       	pop	r8
     cca:	0c 94 fb 02 	jmp	0x5f6	; 0x5f6 <delay>

00000cce <_ZN6SI473512sendPropertyEjj>:
     cce:	ef 92       	push	r14
     cd0:	ff 92       	push	r15
     cd2:	0f 93       	push	r16
     cd4:	1f 93       	push	r17
     cd6:	cf 93       	push	r28
     cd8:	df 93       	push	r29
     cda:	ec 01       	movw	r28, r24
     cdc:	f6 2e       	mov	r15, r22
     cde:	e7 2e       	mov	r14, r23
     ce0:	14 2f       	mov	r17, r20
     ce2:	05 2f       	mov	r16, r21
     ce4:	0e 94 44 05 	call	0xa88	; 0xa88 <_ZN6SI473510waitToSendEv>
     ce8:	c4 57       	subi	r28, 0x74	; 116
     cea:	df 4f       	sbci	r29, 0xFF	; 255
     cec:	68 81       	ld	r22, Y
     cee:	79 81       	ldd	r23, Y+1	; 0x01
     cf0:	81 eb       	ldi	r24, 0xB1	; 177
     cf2:	92 e0       	ldi	r25, 0x02	; 2
     cf4:	0e 94 0e 09 	call	0x121c	; 0x121c <_ZN7TwoWire17beginTransmissionEi>
     cf8:	62 e1       	ldi	r22, 0x12	; 18
     cfa:	70 e0       	ldi	r23, 0x00	; 0
     cfc:	81 eb       	ldi	r24, 0xB1	; 177
     cfe:	92 e0       	ldi	r25, 0x02	; 2
     d00:	0e 94 64 04 	call	0x8c8	; 0x8c8 <_ZN7TwoWire5writeEi>
     d04:	60 e0       	ldi	r22, 0x00	; 0
     d06:	70 e0       	ldi	r23, 0x00	; 0
     d08:	81 eb       	ldi	r24, 0xB1	; 177
     d0a:	92 e0       	ldi	r25, 0x02	; 2
     d0c:	0e 94 64 04 	call	0x8c8	; 0x8c8 <_ZN7TwoWire5writeEi>
     d10:	6e 2d       	mov	r22, r14
     d12:	81 eb       	ldi	r24, 0xB1	; 177
     d14:	92 e0       	ldi	r25, 0x02	; 2
     d16:	0e 94 af 08 	call	0x115e	; 0x115e <_ZN7TwoWire5writeEh>
     d1a:	6f 2d       	mov	r22, r15
     d1c:	81 eb       	ldi	r24, 0xB1	; 177
     d1e:	92 e0       	ldi	r25, 0x02	; 2
     d20:	0e 94 af 08 	call	0x115e	; 0x115e <_ZN7TwoWire5writeEh>
     d24:	60 2f       	mov	r22, r16
     d26:	81 eb       	ldi	r24, 0xB1	; 177
     d28:	92 e0       	ldi	r25, 0x02	; 2
     d2a:	0e 94 af 08 	call	0x115e	; 0x115e <_ZN7TwoWire5writeEh>
     d2e:	61 2f       	mov	r22, r17
     d30:	81 eb       	ldi	r24, 0xB1	; 177
     d32:	92 e0       	ldi	r25, 0x02	; 2
     d34:	0e 94 af 08 	call	0x115e	; 0x115e <_ZN7TwoWire5writeEh>
     d38:	81 eb       	ldi	r24, 0xB1	; 177
     d3a:	92 e0       	ldi	r25, 0x02	; 2
     d3c:	0e 94 8a 09 	call	0x1314	; 0x1314 <_ZN7TwoWire15endTransmissionEv>
     d40:	86 e2       	ldi	r24, 0x26	; 38
     d42:	92 e0       	ldi	r25, 0x02	; 2
     d44:	df 91       	pop	r29
     d46:	cf 91       	pop	r28
     d48:	1f 91       	pop	r17
     d4a:	0f 91       	pop	r16
     d4c:	ff 90       	pop	r15
     d4e:	ef 90       	pop	r14
     d50:	0c 94 37 03 	jmp	0x66e	; 0x66e <delayMicroseconds>

00000d54 <_ZN6SI473511setRefClockEj>:
     d54:	0f 93       	push	r16
     d56:	1f 93       	push	r17
     d58:	cf 93       	push	r28
     d5a:	df 93       	push	r29
     d5c:	ec 01       	movw	r28, r24
     d5e:	8b 01       	movw	r16, r22
     d60:	ab 01       	movw	r20, r22
     d62:	61 e0       	ldi	r22, 0x01	; 1
     d64:	72 e0       	ldi	r23, 0x02	; 2
     d66:	0e 94 67 06 	call	0xcce	; 0xcce <_ZN6SI473512sendPropertyEjj>
     d6a:	ca 55       	subi	r28, 0x5A	; 90
     d6c:	df 4f       	sbci	r29, 0xFF	; 255
     d6e:	19 83       	std	Y+1, r17	; 0x01
     d70:	08 83       	st	Y, r16
     d72:	df 91       	pop	r29
     d74:	cf 91       	pop	r28
     d76:	1f 91       	pop	r17
     d78:	0f 91       	pop	r16
     d7a:	08 95       	ret

00000d7c <_ZN6SI473520setRefClockPrescalerEjh>:
     d7c:	ff 92       	push	r15
     d7e:	0f 93       	push	r16
     d80:	1f 93       	push	r17
     d82:	cf 93       	push	r28
     d84:	df 93       	push	r29
     d86:	ec 01       	movw	r28, r24
     d88:	8b 01       	movw	r16, r22
     d8a:	f4 2e       	mov	r15, r20
     d8c:	ab 01       	movw	r20, r22
     d8e:	62 e0       	ldi	r22, 0x02	; 2
     d90:	72 e0       	ldi	r23, 0x02	; 2
     d92:	0e 94 67 06 	call	0xcce	; 0xcce <_ZN6SI473512sendPropertyEjj>
     d96:	fe 01       	movw	r30, r28
     d98:	e8 55       	subi	r30, 0x58	; 88
     d9a:	ff 4f       	sbci	r31, 0xFF	; 255
     d9c:	11 83       	std	Z+1, r17	; 0x01
     d9e:	00 83       	st	Z, r16
     da0:	c6 55       	subi	r28, 0x56	; 86
     da2:	df 4f       	sbci	r29, 0xFF	; 255
     da4:	f8 82       	st	Y, r15
     da6:	df 91       	pop	r29
     da8:	cf 91       	pop	r28
     daa:	1f 91       	pop	r17
     dac:	0f 91       	pop	r16
     dae:	ff 90       	pop	r15
     db0:	08 95       	ret

00000db2 <_ZN6SI47359setVolumeEh>:
     db2:	1f 93       	push	r17
     db4:	cf 93       	push	r28
     db6:	df 93       	push	r29
     db8:	ec 01       	movw	r28, r24
     dba:	16 2f       	mov	r17, r22
     dbc:	46 2f       	mov	r20, r22
     dbe:	50 e0       	ldi	r21, 0x00	; 0
     dc0:	60 e0       	ldi	r22, 0x00	; 0
     dc2:	70 e4       	ldi	r23, 0x40	; 64
     dc4:	0e 94 67 06 	call	0xcce	; 0xcce <_ZN6SI473512sendPropertyEjj>
     dc8:	c1 52       	subi	r28, 0x21	; 33
     dca:	df 4f       	sbci	r29, 0xFF	; 255
     dcc:	18 83       	st	Y, r17
     dce:	df 91       	pop	r29
     dd0:	cf 91       	pop	r28
     dd2:	1f 91       	pop	r17
     dd4:	08 95       	ret

00000dd6 <_ZN6SI473512radioPowerUpEv>:
     dd6:	cf 93       	push	r28
     dd8:	df 93       	push	r29
     dda:	ec 01       	movw	r28, r24
     ddc:	0e 94 44 05 	call	0xa88	; 0xa88 <_ZN6SI473510waitToSendEv>
     de0:	fe 01       	movw	r30, r28
     de2:	e4 57       	subi	r30, 0x74	; 116
     de4:	ff 4f       	sbci	r31, 0xFF	; 255
     de6:	60 81       	ld	r22, Z
     de8:	71 81       	ldd	r23, Z+1	; 0x01
     dea:	81 eb       	ldi	r24, 0xB1	; 177
     dec:	92 e0       	ldi	r25, 0x02	; 2
     dee:	0e 94 0e 09 	call	0x121c	; 0x121c <_ZN7TwoWire17beginTransmissionEi>
     df2:	61 e0       	ldi	r22, 0x01	; 1
     df4:	70 e0       	ldi	r23, 0x00	; 0
     df6:	81 eb       	ldi	r24, 0xB1	; 177
     df8:	92 e0       	ldi	r25, 0x02	; 2
     dfa:	0e 94 64 04 	call	0x8c8	; 0x8c8 <_ZN7TwoWire5writeEi>
     dfe:	fe 01       	movw	r30, r28
     e00:	e3 52       	subi	r30, 0x23	; 35
     e02:	ff 4f       	sbci	r31, 0xFF	; 255
     e04:	60 81       	ld	r22, Z
     e06:	81 eb       	ldi	r24, 0xB1	; 177
     e08:	92 e0       	ldi	r25, 0x02	; 2
     e0a:	0e 94 af 08 	call	0x115e	; 0x115e <_ZN7TwoWire5writeEh>
     e0e:	fe 01       	movw	r30, r28
     e10:	e2 52       	subi	r30, 0x22	; 34
     e12:	ff 4f       	sbci	r31, 0xFF	; 255
     e14:	60 81       	ld	r22, Z
     e16:	81 eb       	ldi	r24, 0xB1	; 177
     e18:	92 e0       	ldi	r25, 0x02	; 2
     e1a:	0e 94 af 08 	call	0x115e	; 0x115e <_ZN7TwoWire5writeEh>
     e1e:	81 eb       	ldi	r24, 0xB1	; 177
     e20:	92 e0       	ldi	r25, 0x02	; 2
     e22:	0e 94 8a 09 	call	0x1314	; 0x1314 <_ZN7TwoWire15endTransmissionEv>
     e26:	ce 01       	movw	r24, r28
     e28:	0e 94 44 05 	call	0xa88	; 0xa88 <_ZN6SI473510waitToSendEv>
     e2c:	fe 01       	movw	r30, r28
     e2e:	e0 57       	subi	r30, 0x70	; 112
     e30:	ff 4f       	sbci	r31, 0xFF	; 255
     e32:	60 81       	ld	r22, Z
     e34:	71 81       	ldd	r23, Z+1	; 0x01
     e36:	80 e0       	ldi	r24, 0x00	; 0
     e38:	90 e0       	ldi	r25, 0x00	; 0
     e3a:	0e 94 fb 02 	call	0x5f6	; 0x5f6 <delay>
     e3e:	fe 01       	movw	r30, r28
     e40:	ee 51       	subi	r30, 0x1E	; 30
     e42:	ff 4f       	sbci	r31, 0xFF	; 255
     e44:	80 81       	ld	r24, Z
     e46:	87 fd       	sbrc	r24, 7
     e48:	07 c0       	rjmp	.+14     	; 0xe58 <_ZN6SI473512radioPowerUpEv+0x82>
     e4a:	60 e0       	ldi	r22, 0x00	; 0
     e4c:	0e 94 e2 03 	call	0x7c4	; 0x7c4 <digitalWrite>
     e50:	8c e2       	ldi	r24, 0x2C	; 44
     e52:	91 e0       	ldi	r25, 0x01	; 1
     e54:	0e 94 37 03 	call	0x66e	; 0x66e <delayMicroseconds>
     e58:	fe 01       	movw	r30, r28
     e5a:	ed 55       	subi	r30, 0x5D	; 93
     e5c:	ff 4f       	sbci	r31, 0xFF	; 255
     e5e:	80 81       	ld	r24, Z
     e60:	81 11       	cpse	r24, r1
     e62:	14 c0       	rjmp	.+40     	; 0xe8c <_ZN6SI473512radioPowerUpEv+0xb6>
     e64:	33 96       	adiw	r30, 0x03	; 3
     e66:	60 81       	ld	r22, Z
     e68:	71 81       	ldd	r23, Z+1	; 0x01
     e6a:	ce 01       	movw	r24, r28
     e6c:	0e 94 aa 06 	call	0xd54	; 0xd54 <_ZN6SI473511setRefClockEj>
     e70:	fe 01       	movw	r30, r28
     e72:	e6 55       	subi	r30, 0x56	; 86
     e74:	ff 4f       	sbci	r31, 0xFF	; 255
     e76:	de 01       	movw	r26, r28
     e78:	a8 55       	subi	r26, 0x58	; 88
     e7a:	bf 4f       	sbci	r27, 0xFF	; 255
     e7c:	6d 91       	ld	r22, X+
     e7e:	7c 91       	ld	r23, X
     e80:	40 81       	ld	r20, Z
     e82:	ce 01       	movw	r24, r28
     e84:	df 91       	pop	r29
     e86:	cf 91       	pop	r28
     e88:	0c 94 be 06 	jmp	0xd7c	; 0xd7c <_ZN6SI473520setRefClockPrescalerEjh>
     e8c:	df 91       	pop	r29
     e8e:	cf 91       	pop	r28
     e90:	08 95       	ret

00000e92 <_ZN6SI47355setupEhhhhhh>:
     e92:	af 92       	push	r10
     e94:	bf 92       	push	r11
     e96:	cf 92       	push	r12
     e98:	df 92       	push	r13
     e9a:	ef 92       	push	r14
     e9c:	ff 92       	push	r15
     e9e:	0f 93       	push	r16
     ea0:	1f 93       	push	r17
     ea2:	cf 93       	push	r28
     ea4:	df 93       	push	r29
     ea6:	ec 01       	movw	r28, r24
     ea8:	a6 2e       	mov	r10, r22
     eaa:	14 2f       	mov	r17, r20
     eac:	b2 2e       	mov	r11, r18
     eae:	de 2c       	mov	r13, r14
     eb0:	fc 2c       	mov	r15, r12
     eb2:	81 eb       	ldi	r24, 0xB1	; 177
     eb4:	92 e0       	ldi	r25, 0x02	; 2
     eb6:	0e 94 ee 08 	call	0x11dc	; 0x11dc <_ZN7TwoWire5beginEv>
     eba:	fe 01       	movw	r30, r28
     ebc:	e9 56       	subi	r30, 0x69	; 105
     ebe:	ff 4f       	sbci	r31, 0xFF	; 255
     ec0:	a0 82       	st	Z, r10
     ec2:	3d 96       	adiw	r30, 0x0d	; 13
     ec4:	81 e0       	ldi	r24, 0x01	; 1
     ec6:	11 11       	cpse	r17, r1
     ec8:	01 c0       	rjmp	.+2      	; 0xecc <_ZN6SI47355setupEhhhhhh+0x3a>
     eca:	80 e0       	ldi	r24, 0x00	; 0
     ecc:	80 83       	st	Z, r24
     ece:	fe 01       	movw	r30, r28
     ed0:	eb 55       	subi	r30, 0x5B	; 91
     ed2:	ff 4f       	sbci	r31, 0xFF	; 255
     ed4:	f0 82       	st	Z, r15
     ed6:	fb 96       	adiw	r30, 0x3b	; 59
     ed8:	00 83       	st	Z, r16
     eda:	c0 2e       	mov	r12, r16
     edc:	eb 2c       	mov	r14, r11
     ede:	0d 2d       	mov	r16, r13
     ee0:	20 e0       	ldi	r18, 0x00	; 0
     ee2:	4f 2d       	mov	r20, r15
     ee4:	61 2f       	mov	r22, r17
     ee6:	ce 01       	movw	r24, r28
     ee8:	0e 94 d2 04 	call	0x9a4	; 0x9a4 <_ZN6SI473510setPowerUpEhhhhhh>
     eec:	fe 01       	movw	r30, r28
     eee:	ee 51       	subi	r30, 0x1E	; 30
     ef0:	ff 4f       	sbci	r31, 0xFF	; 255
     ef2:	80 81       	ld	r24, Z
     ef4:	87 fd       	sbrc	r24, 7
     ef6:	07 c0       	rjmp	.+14     	; 0xf06 <_ZN6SI47355setupEhhhhhh+0x74>
     ef8:	61 e0       	ldi	r22, 0x01	; 1
     efa:	0e 94 e2 03 	call	0x7c4	; 0x7c4 <digitalWrite>
     efe:	8c e2       	ldi	r24, 0x2C	; 44
     f00:	91 e0       	ldi	r25, 0x01	; 1
     f02:	0e 94 37 03 	call	0x66e	; 0x66e <delayMicroseconds>
     f06:	ce 01       	movw	r24, r28
     f08:	0e 94 ad 04 	call	0x95a	; 0x95a <_ZN6SI47355resetEv>
     f0c:	ce 01       	movw	r24, r28
     f0e:	0e 94 eb 06 	call	0xdd6	; 0xdd6 <_ZN6SI473512radioPowerUpEv>
     f12:	6e e1       	ldi	r22, 0x1E	; 30
     f14:	ce 01       	movw	r24, r28
     f16:	0e 94 d9 06 	call	0xdb2	; 0xdb2 <_ZN6SI47359setVolumeEh>
     f1a:	ce 01       	movw	r24, r28
     f1c:	df 91       	pop	r29
     f1e:	cf 91       	pop	r28
     f20:	1f 91       	pop	r17
     f22:	0f 91       	pop	r16
     f24:	ff 90       	pop	r15
     f26:	ef 90       	pop	r14
     f28:	df 90       	pop	r13
     f2a:	cf 90       	pop	r12
     f2c:	bf 90       	pop	r11
     f2e:	af 90       	pop	r10
     f30:	0c 94 89 05 	jmp	0xb12	; 0xb12 <_ZN6SI473511getFirmwareEv>

00000f34 <_ZN6SI47355setupEhh>:
     f34:	cf 92       	push	r12
     f36:	ef 92       	push	r14
     f38:	0f 93       	push	r16
     f3a:	24 2f       	mov	r18, r20
     f3c:	c1 2c       	mov	r12, r1
     f3e:	ee 24       	eor	r14, r14
     f40:	e3 94       	inc	r14
     f42:	05 e0       	ldi	r16, 0x05	; 5
     f44:	40 e0       	ldi	r20, 0x00	; 0
     f46:	0e 94 49 07 	call	0xe92	; 0xe92 <_ZN6SI47355setupEhhhhhh>
     f4a:	6a ef       	ldi	r22, 0xFA	; 250
     f4c:	70 e0       	ldi	r23, 0x00	; 0
     f4e:	80 e0       	ldi	r24, 0x00	; 0
     f50:	90 e0       	ldi	r25, 0x00	; 0
     f52:	0f 91       	pop	r16
     f54:	ef 90       	pop	r14
     f56:	cf 90       	pop	r12
     f58:	0c 94 fb 02 	jmp	0x5f6	; 0x5f6 <delay>

00000f5c <_ZN6SI47355setFMEv>:
 * @brief Sets the radio to FM function
 * 
 * @see Si47XX PROGRAMMING GUIDE; AN332 (REV 1.0); page 64. 
 */
void SI4735::setFM()
{
     f5c:	cf 93       	push	r28
     f5e:	df 93       	push	r29
     f60:	ec 01       	movw	r28, r24
    powerDown();
     f62:	0e 94 5e 05 	call	0xabc	; 0xabc <_ZN6SI47359powerDownEv>
    setPowerUp(this->ctsIntEnable, this->gpo2Enable, 0, this->currentClockType, FM_CURRENT_MODE, this->currentAudioMode);
     f66:	fe 01       	movw	r30, r28
     f68:	e0 52       	subi	r30, 0x20	; 32
     f6a:	ff 4f       	sbci	r31, 0xFF	; 255
     f6c:	90 81       	ld	r25, Z
     f6e:	fd 97       	sbiw	r30, 0x3d	; 61
     f70:	20 81       	ld	r18, Z
     f72:	32 96       	adiw	r30, 0x02	; 2
     f74:	30 81       	ld	r19, Z
     f76:	de 01       	movw	r26, r28
     f78:	ac 55       	subi	r26, 0x5C	; 92
     f7a:	bf 4f       	sbci	r27, 0xFF	; 255
 * @param uint8_t FUNC sets the receiver function have to be used [0 = FM Receive; 1 = AM (LW/MW/SW) and SSB (if SSB patch apllied)]
 * @param uint8_t OPMODE set the kind of audio mode you want to use.
 */
void SI4735::setPowerUp(uint8_t CTSIEN, uint8_t GPO2OEN, uint8_t PATCH, uint8_t XOSCEN, uint8_t FUNC, uint8_t OPMODE)
{
    powerUp.arg.CTSIEN = CTSIEN;   // 1 -> Interrupt anabled;
     f7c:	f8 96       	adiw	r30, 0x38	; 56
     f7e:	80 81       	ld	r24, Z
     f80:	4c 91       	ld	r20, X
     f82:	40 fb       	bst	r20, 0
     f84:	87 f9       	bld	r24, 7
    powerUp.arg.GPO2OEN = GPO2OEN; // 1 -> GPO2 Output Enable;
     f86:	30 fb       	bst	r19, 0
     f88:	86 f9       	bld	r24, 6
    powerUp.arg.PATCH = PATCH;     // 0 -> Boot normally;
    powerUp.arg.XOSCEN = XOSCEN;   // 1 -> Use external crystal oscillator;
     f8a:	8f 7d       	andi	r24, 0xDF	; 223
     f8c:	20 fb       	bst	r18, 0
     f8e:	84 f9       	bld	r24, 4
    powerUp.arg.FUNC = FUNC;       // 0 = FM Receive; 1 = AM/SSB (LW/MW/SW) Receiver.
     f90:	80 7f       	andi	r24, 0xF0	; 240
     f92:	80 83       	st	Z, r24
    powerUp.arg.OPMODE = OPMODE;   // 0x5 = 00000101 = Analog audio outputs (LOUT/ROUT).
     f94:	31 96       	adiw	r30, 0x01	; 1
     f96:	90 83       	st	Z, r25

    this->currentClockType = XOSCEN;

    if (FUNC == 0)
    {
        currentTune = FM_TUNE_FREQ;
     f98:	e6 54       	subi	r30, 0x46	; 70
     f9a:	f1 09       	sbc	r31, r1
     f9c:	80 e2       	ldi	r24, 0x20	; 32
     f9e:	80 83       	st	Z, r24
        currentFrequencyParams.arg.FREEZE = 1;
     fa0:	75 96       	adiw	r30, 0x15	; 21
     fa2:	80 81       	ld	r24, Z
    else
    {
        currentTune = AM_TUNE_FREQ;
        currentFrequencyParams.arg.FREEZE = 0;
    }
    currentFrequencyParams.arg.FAST = 1;
     fa4:	80 7c       	andi	r24, 0xC0	; 192
    currentFrequencyParams.arg.DUMMY1 = 0;
     fa6:	83 60       	ori	r24, 0x03	; 3
     fa8:	80 83       	st	Z, r24
    currentFrequencyParams.arg.ANTCAPH = 0;
     faa:	33 96       	adiw	r30, 0x03	; 3
     fac:	10 82       	st	Z, r1
    currentFrequencyParams.arg.ANTCAPL = 1;
     fae:	31 96       	adiw	r30, 0x01	; 1
     fb0:	81 e0       	ldi	r24, 0x01	; 1
     fb2:	80 83       	st	Z, r24
 */
void SI4735::setFM()
{
    powerDown();
    setPowerUp(this->ctsIntEnable, this->gpo2Enable, 0, this->currentClockType, FM_CURRENT_MODE, this->currentAudioMode);
    radioPowerUp();
     fb4:	ce 01       	movw	r24, r28
     fb6:	0e 94 eb 06 	call	0xdd6	; 0xdd6 <_ZN6SI473512radioPowerUpEv>
    setVolume(volume); // Set to previus configured volume
     fba:	fe 01       	movw	r30, r28
     fbc:	e1 52       	subi	r30, 0x21	; 33
     fbe:	ff 4f       	sbci	r31, 0xFF	; 255
     fc0:	60 81       	ld	r22, Z
     fc2:	ce 01       	movw	r24, r28
     fc4:	0e 94 d9 06 	call	0xdb2	; 0xdb2 <_ZN6SI47359setVolumeEh>
    currentSsbStatus = 0;
     fc8:	fe 01       	movw	r30, r28
     fca:	ef 51       	subi	r30, 0x1F	; 31
     fcc:	ff 4f       	sbci	r31, 0xFF	; 255
     fce:	10 82       	st	Z, r1
    disableFmDebug();
     fd0:	ce 01       	movw	r24, r28
     fd2:	0e 94 0f 05 	call	0xa1e	; 0xa1e <_ZN6SI473514disableFmDebugEv>
    lastMode = FM_CURRENT_MODE;
     fd6:	cf 55       	subi	r28, 0x5F	; 95
     fd8:	df 4f       	sbci	r29, 0xFF	; 255
     fda:	18 82       	st	Y, r1
}
     fdc:	df 91       	pop	r29
     fde:	cf 91       	pop	r28
     fe0:	08 95       	ret

00000fe2 <_ZN6SI47355setFMEjjjj>:
 * @param toFreq maximum frequency for the band
 * @param initialFreq initial frequency (default frequency)
 * @param step step used to go to the next channel   
 */
void SI4735::setFM(uint16_t fromFreq, uint16_t toFreq, uint16_t initialFreq, uint16_t step)
{
     fe2:	ef 92       	push	r14
     fe4:	ff 92       	push	r15
     fe6:	0f 93       	push	r16
     fe8:	1f 93       	push	r17
     fea:	cf 93       	push	r28
     fec:	df 93       	push	r29
     fee:	ec 01       	movw	r28, r24
     ff0:	79 01       	movw	r14, r18
    currentMinimumFrequency = fromFreq;
     ff2:	fc 01       	movw	r30, r24
     ff4:	e7 56       	subi	r30, 0x67	; 103
     ff6:	ff 4f       	sbci	r31, 0xFF	; 255
     ff8:	71 83       	std	Z+1, r23	; 0x01
     ffa:	60 83       	st	Z, r22
    currentMaximumFrequency = toFreq;
     ffc:	32 96       	adiw	r30, 0x02	; 2
     ffe:	51 83       	std	Z+1, r21	; 0x01
    1000:	40 83       	st	Z, r20
    currentStep = step;
    1002:	34 96       	adiw	r30, 0x04	; 4
    1004:	11 83       	std	Z+1, r17	; 0x01
    1006:	00 83       	st	Z, r16

    if (initialFreq < fromFreq || initialFreq > toFreq)
    1008:	26 17       	cp	r18, r22
    100a:	37 07       	cpc	r19, r23
    100c:	18 f0       	brcs	.+6      	; 0x1014 <_ZN6SI47355setFMEjjjj+0x32>
    100e:	42 17       	cp	r20, r18
    1010:	53 07       	cpc	r21, r19
    1012:	08 f4       	brcc	.+2      	; 0x1016 <_ZN6SI47355setFMEjjjj+0x34>
    1014:	7b 01       	movw	r14, r22
        initialFreq = fromFreq;

    setFM();
    1016:	ce 01       	movw	r24, r28
    1018:	0e 94 ae 07 	call	0xf5c	; 0xf5c <_ZN6SI47355setFMEv>

    currentWorkFrequency = initialFreq;
    101c:	fe 01       	movw	r30, r28
    101e:	e3 56       	subi	r30, 0x63	; 99
    1020:	ff 4f       	sbci	r31, 0xFF	; 255
    1022:	f1 82       	std	Z+1, r15	; 0x01
    1024:	e0 82       	st	Z, r14
    setFrequency(currentWorkFrequency);
    1026:	b7 01       	movw	r22, r14
    1028:	ce 01       	movw	r24, r28
}
    102a:	df 91       	pop	r29
    102c:	cf 91       	pop	r28
    102e:	1f 91       	pop	r17
    1030:	0f 91       	pop	r16
    1032:	ff 90       	pop	r15
    1034:	ef 90       	pop	r14
        initialFreq = fromFreq;

    setFM();

    currentWorkFrequency = initialFreq;
    setFrequency(currentWorkFrequency);
    1036:	0c 94 d8 05 	jmp	0xbb0	; 0xbb0 <_ZN6SI473512setFrequencyEj>

0000103a <_ZN5Print17availableForWriteEv>:
}

// sets function called on slave read
void TwoWire::onRequest( void (*function)(void) )
{
  user_onRequest = function;
    103a:	80 e0       	ldi	r24, 0x00	; 0
    103c:	90 e0       	ldi	r25, 0x00	; 0
    103e:	08 95       	ret

00001040 <_ZN7TwoWire9availableEv>:
    1040:	80 91 e5 02 	lds	r24, 0x02E5	; 0x8002e5 <_ZN7TwoWire14rxBufferLengthE>
    1044:	90 e0       	ldi	r25, 0x00	; 0
    1046:	20 91 e6 02 	lds	r18, 0x02E6	; 0x8002e6 <_ZN7TwoWire13rxBufferIndexE>
    104a:	82 1b       	sub	r24, r18
    104c:	91 09       	sbc	r25, r1
    104e:	08 95       	ret

00001050 <_ZN7TwoWire4readEv>:
    1050:	90 91 e6 02 	lds	r25, 0x02E6	; 0x8002e6 <_ZN7TwoWire13rxBufferIndexE>
    1054:	80 91 e5 02 	lds	r24, 0x02E5	; 0x8002e5 <_ZN7TwoWire14rxBufferLengthE>
    1058:	98 17       	cp	r25, r24
    105a:	50 f4       	brcc	.+20     	; 0x1070 <_ZN7TwoWire4readEv+0x20>
    105c:	e9 2f       	mov	r30, r25
    105e:	f0 e0       	ldi	r31, 0x00	; 0
    1060:	e9 51       	subi	r30, 0x19	; 25
    1062:	fd 4f       	sbci	r31, 0xFD	; 253
    1064:	20 81       	ld	r18, Z
    1066:	30 e0       	ldi	r19, 0x00	; 0
    1068:	9f 5f       	subi	r25, 0xFF	; 255
    106a:	90 93 e6 02 	sts	0x02E6, r25	; 0x8002e6 <_ZN7TwoWire13rxBufferIndexE>
    106e:	02 c0       	rjmp	.+4      	; 0x1074 <_ZN7TwoWire4readEv+0x24>
    1070:	2f ef       	ldi	r18, 0xFF	; 255
    1072:	3f ef       	ldi	r19, 0xFF	; 255
    1074:	c9 01       	movw	r24, r18
    1076:	08 95       	ret

00001078 <_ZN7TwoWire4peekEv>:
    1078:	e0 91 e6 02 	lds	r30, 0x02E6	; 0x8002e6 <_ZN7TwoWire13rxBufferIndexE>
    107c:	80 91 e5 02 	lds	r24, 0x02E5	; 0x8002e5 <_ZN7TwoWire14rxBufferLengthE>
    1080:	e8 17       	cp	r30, r24
    1082:	30 f4       	brcc	.+12     	; 0x1090 <_ZN7TwoWire4peekEv+0x18>
    1084:	f0 e0       	ldi	r31, 0x00	; 0
    1086:	e9 51       	subi	r30, 0x19	; 25
    1088:	fd 4f       	sbci	r31, 0xFD	; 253
    108a:	80 81       	ld	r24, Z
    108c:	90 e0       	ldi	r25, 0x00	; 0
    108e:	08 95       	ret
    1090:	8f ef       	ldi	r24, 0xFF	; 255
    1092:	9f ef       	ldi	r25, 0xFF	; 255
    1094:	08 95       	ret

00001096 <_ZN7TwoWire5flushEv>:
    1096:	08 95       	ret

00001098 <_ZN7TwoWire16onReceiveServiceEPhi>:
    1098:	cf 93       	push	r28
    109a:	df 93       	push	r29
    109c:	ec 01       	movw	r28, r24
    109e:	e0 91 bd 02 	lds	r30, 0x02BD	; 0x8002bd <_ZN7TwoWire14user_onReceiveE>
    10a2:	f0 91 be 02 	lds	r31, 0x02BE	; 0x8002be <_ZN7TwoWire14user_onReceiveE+0x1>
    10a6:	30 97       	sbiw	r30, 0x00	; 0
    10a8:	f1 f0       	breq	.+60     	; 0x10e6 <_ZN7TwoWire16onReceiveServiceEPhi+0x4e>
    10aa:	90 91 e6 02 	lds	r25, 0x02E6	; 0x8002e6 <_ZN7TwoWire13rxBufferIndexE>
    10ae:	80 91 e5 02 	lds	r24, 0x02E5	; 0x8002e5 <_ZN7TwoWire14rxBufferLengthE>
    10b2:	98 17       	cp	r25, r24
    10b4:	c0 f0       	brcs	.+48     	; 0x10e6 <_ZN7TwoWire16onReceiveServiceEPhi+0x4e>
    10b6:	90 e0       	ldi	r25, 0x00	; 0
    10b8:	29 2f       	mov	r18, r25
    10ba:	30 e0       	ldi	r19, 0x00	; 0
    10bc:	26 17       	cp	r18, r22
    10be:	37 07       	cpc	r19, r23
    10c0:	54 f4       	brge	.+20     	; 0x10d6 <_ZN7TwoWire16onReceiveServiceEPhi+0x3e>
    10c2:	de 01       	movw	r26, r28
    10c4:	a2 0f       	add	r26, r18
    10c6:	b3 1f       	adc	r27, r19
    10c8:	4c 91       	ld	r20, X
    10ca:	d9 01       	movw	r26, r18
    10cc:	a9 51       	subi	r26, 0x19	; 25
    10ce:	bd 4f       	sbci	r27, 0xFD	; 253
    10d0:	4c 93       	st	X, r20
    10d2:	9f 5f       	subi	r25, 0xFF	; 255
    10d4:	f1 cf       	rjmp	.-30     	; 0x10b8 <_ZN7TwoWire16onReceiveServiceEPhi+0x20>
    10d6:	10 92 e6 02 	sts	0x02E6, r1	; 0x8002e6 <_ZN7TwoWire13rxBufferIndexE>
    10da:	60 93 e5 02 	sts	0x02E5, r22	; 0x8002e5 <_ZN7TwoWire14rxBufferLengthE>
    10de:	cb 01       	movw	r24, r22
    10e0:	df 91       	pop	r29
    10e2:	cf 91       	pop	r28
    10e4:	09 94       	ijmp
    10e6:	df 91       	pop	r29
    10e8:	cf 91       	pop	r28
    10ea:	08 95       	ret

000010ec <_ZN7TwoWire16onRequestServiceEv>:
    10ec:	e0 91 bf 02 	lds	r30, 0x02BF	; 0x8002bf <_ZN7TwoWire14user_onRequestE>
    10f0:	f0 91 c0 02 	lds	r31, 0x02C0	; 0x8002c0 <_ZN7TwoWire14user_onRequestE+0x1>
    10f4:	30 97       	sbiw	r30, 0x00	; 0
    10f6:	29 f0       	breq	.+10     	; 0x1102 <_ZN7TwoWire16onRequestServiceEv+0x16>
    10f8:	10 92 c3 02 	sts	0x02C3, r1	; 0x8002c3 <_ZN7TwoWire13txBufferIndexE>
    10fc:	10 92 c2 02 	sts	0x02C2, r1	; 0x8002c2 <_ZN7TwoWire14txBufferLengthE>
    1100:	09 94       	ijmp
    1102:	08 95       	ret

00001104 <_ZN7TwoWire5writeEPKhj>:
    1104:	cf 92       	push	r12
    1106:	df 92       	push	r13
    1108:	ef 92       	push	r14
    110a:	ff 92       	push	r15
    110c:	0f 93       	push	r16
    110e:	1f 93       	push	r17
    1110:	cf 93       	push	r28
    1112:	df 93       	push	r29
    1114:	7c 01       	movw	r14, r24
    1116:	cb 01       	movw	r24, r22
    1118:	8a 01       	movw	r16, r20
    111a:	20 91 c1 02 	lds	r18, 0x02C1	; 0x8002c1 <_ZN7TwoWire12transmittingE>
    111e:	22 23       	and	r18, r18
    1120:	89 f0       	breq	.+34     	; 0x1144 <_ZN7TwoWire5writeEPKhj+0x40>
    1122:	eb 01       	movw	r28, r22
    1124:	6b 01       	movw	r12, r22
    1126:	c4 0e       	add	r12, r20
    1128:	d5 1e       	adc	r13, r21
    112a:	cc 15       	cp	r28, r12
    112c:	dd 05       	cpc	r29, r13
    112e:	69 f0       	breq	.+26     	; 0x114a <_ZN7TwoWire5writeEPKhj+0x46>
    1130:	69 91       	ld	r22, Y+
    1132:	d7 01       	movw	r26, r14
    1134:	ed 91       	ld	r30, X+
    1136:	fc 91       	ld	r31, X
    1138:	01 90       	ld	r0, Z+
    113a:	f0 81       	ld	r31, Z
    113c:	e0 2d       	mov	r30, r0
    113e:	c7 01       	movw	r24, r14
    1140:	09 95       	icall
    1142:	f3 cf       	rjmp	.-26     	; 0x112a <_ZN7TwoWire5writeEPKhj+0x26>
    1144:	64 2f       	mov	r22, r20
    1146:	0e 94 d1 09 	call	0x13a2	; 0x13a2 <twi_transmit>
    114a:	c8 01       	movw	r24, r16
    114c:	df 91       	pop	r29
    114e:	cf 91       	pop	r28
    1150:	1f 91       	pop	r17
    1152:	0f 91       	pop	r16
    1154:	ff 90       	pop	r15
    1156:	ef 90       	pop	r14
    1158:	df 90       	pop	r13
    115a:	cf 90       	pop	r12
    115c:	08 95       	ret

0000115e <_ZN7TwoWire5writeEh>:
    115e:	cf 93       	push	r28
    1160:	df 93       	push	r29
    1162:	1f 92       	push	r1
    1164:	cd b7       	in	r28, 0x3d	; 61
    1166:	de b7       	in	r29, 0x3e	; 62
    1168:	69 83       	std	Y+1, r22	; 0x01
    116a:	20 91 c1 02 	lds	r18, 0x02C1	; 0x8002c1 <_ZN7TwoWire12transmittingE>
    116e:	22 23       	and	r18, r18
    1170:	d1 f0       	breq	.+52     	; 0x11a6 <_ZN7TwoWire5writeEh+0x48>
    1172:	20 91 c2 02 	lds	r18, 0x02C2	; 0x8002c2 <_ZN7TwoWire14txBufferLengthE>
    1176:	20 32       	cpi	r18, 0x20	; 32
    1178:	40 f0       	brcs	.+16     	; 0x118a <_ZN7TwoWire5writeEh+0x2c>
    117a:	21 e0       	ldi	r18, 0x01	; 1
    117c:	30 e0       	ldi	r19, 0x00	; 0
    117e:	fc 01       	movw	r30, r24
    1180:	33 83       	std	Z+3, r19	; 0x03
    1182:	22 83       	std	Z+2, r18	; 0x02
    1184:	80 e0       	ldi	r24, 0x00	; 0
    1186:	90 e0       	ldi	r25, 0x00	; 0
    1188:	15 c0       	rjmp	.+42     	; 0x11b4 <_ZN7TwoWire5writeEh+0x56>
    118a:	80 91 c3 02 	lds	r24, 0x02C3	; 0x8002c3 <_ZN7TwoWire13txBufferIndexE>
    118e:	e8 2f       	mov	r30, r24
    1190:	f0 e0       	ldi	r31, 0x00	; 0
    1192:	ec 53       	subi	r30, 0x3C	; 60
    1194:	fd 4f       	sbci	r31, 0xFD	; 253
    1196:	99 81       	ldd	r25, Y+1	; 0x01
    1198:	90 83       	st	Z, r25
    119a:	8f 5f       	subi	r24, 0xFF	; 255
    119c:	80 93 c3 02 	sts	0x02C3, r24	; 0x8002c3 <_ZN7TwoWire13txBufferIndexE>
    11a0:	80 93 c2 02 	sts	0x02C2, r24	; 0x8002c2 <_ZN7TwoWire14txBufferLengthE>
    11a4:	05 c0       	rjmp	.+10     	; 0x11b0 <_ZN7TwoWire5writeEh+0x52>
    11a6:	61 e0       	ldi	r22, 0x01	; 1
    11a8:	ce 01       	movw	r24, r28
    11aa:	01 96       	adiw	r24, 0x01	; 1
    11ac:	0e 94 d1 09 	call	0x13a2	; 0x13a2 <twi_transmit>
    11b0:	81 e0       	ldi	r24, 0x01	; 1
    11b2:	90 e0       	ldi	r25, 0x00	; 0
    11b4:	0f 90       	pop	r0
    11b6:	df 91       	pop	r29
    11b8:	cf 91       	pop	r28
    11ba:	08 95       	ret

000011bc <_ZN7TwoWireC1Ev>:
    11bc:	fc 01       	movw	r30, r24
    11be:	13 82       	std	Z+3, r1	; 0x03
    11c0:	12 82       	std	Z+2, r1	; 0x02
    11c2:	88 ee       	ldi	r24, 0xE8	; 232
    11c4:	93 e0       	ldi	r25, 0x03	; 3
    11c6:	a0 e0       	ldi	r26, 0x00	; 0
    11c8:	b0 e0       	ldi	r27, 0x00	; 0
    11ca:	84 83       	std	Z+4, r24	; 0x04
    11cc:	95 83       	std	Z+5, r25	; 0x05
    11ce:	a6 83       	std	Z+6, r26	; 0x06
    11d0:	b7 83       	std	Z+7, r27	; 0x07
    11d2:	8d e3       	ldi	r24, 0x3D	; 61
    11d4:	91 e0       	ldi	r25, 0x01	; 1
    11d6:	91 83       	std	Z+1, r25	; 0x01
    11d8:	80 83       	st	Z, r24
    11da:	08 95       	ret

000011dc <_ZN7TwoWire5beginEv>:
    11dc:	10 92 e6 02 	sts	0x02E6, r1	; 0x8002e6 <_ZN7TwoWire13rxBufferIndexE>
    11e0:	10 92 e5 02 	sts	0x02E5, r1	; 0x8002e5 <_ZN7TwoWire14rxBufferLengthE>
    11e4:	10 92 c3 02 	sts	0x02C3, r1	; 0x8002c3 <_ZN7TwoWire13txBufferIndexE>
    11e8:	10 92 c2 02 	sts	0x02C2, r1	; 0x8002c2 <_ZN7TwoWire14txBufferLengthE>
    11ec:	0e 94 92 09 	call	0x1324	; 0x1324 <twi_init>
    11f0:	86 e7       	ldi	r24, 0x76	; 118
    11f2:	98 e0       	ldi	r25, 0x08	; 8
    11f4:	0e 94 fe 09 	call	0x13fc	; 0x13fc <twi_attachSlaveTxEvent>
    11f8:	8c e4       	ldi	r24, 0x4C	; 76
    11fa:	98 e0       	ldi	r25, 0x08	; 8
    11fc:	0c 94 f9 09 	jmp	0x13f2	; 0x13f2 <twi_attachSlaveRxEvent>

00001200 <_ZN7TwoWire8setClockEm>:
    1200:	cb 01       	movw	r24, r22
    1202:	ba 01       	movw	r22, r20
    1204:	0c 94 bd 09 	jmp	0x137a	; 0x137a <twi_setFrequency>

00001208 <_ZN7TwoWire17beginTransmissionEh>:
    1208:	81 e0       	ldi	r24, 0x01	; 1
    120a:	80 93 c1 02 	sts	0x02C1, r24	; 0x8002c1 <_ZN7TwoWire12transmittingE>
    120e:	60 93 e4 02 	sts	0x02E4, r22	; 0x8002e4 <_ZN7TwoWire9txAddressE>
    1212:	10 92 c3 02 	sts	0x02C3, r1	; 0x8002c3 <_ZN7TwoWire13txBufferIndexE>
    1216:	10 92 c2 02 	sts	0x02C2, r1	; 0x8002c2 <_ZN7TwoWire14txBufferLengthE>
    121a:	08 95       	ret

0000121c <_ZN7TwoWire17beginTransmissionEi>:
    121c:	0c 94 04 09 	jmp	0x1208	; 0x1208 <_ZN7TwoWire17beginTransmissionEh>

00001220 <_ZN7TwoWire15endTransmissionEh>:
    1220:	0f 93       	push	r16
    1222:	06 2f       	mov	r16, r22
    1224:	21 e0       	ldi	r18, 0x01	; 1
    1226:	40 91 c2 02 	lds	r20, 0x02C2	; 0x8002c2 <_ZN7TwoWire14txBufferLengthE>
    122a:	64 ec       	ldi	r22, 0xC4	; 196
    122c:	72 e0       	ldi	r23, 0x02	; 2
    122e:	80 91 e4 02 	lds	r24, 0x02E4	; 0x8002e4 <_ZN7TwoWire9txAddressE>
    1232:	0e 94 08 0b 	call	0x1610	; 0x1610 <twi_writeTo>
    1236:	10 92 c3 02 	sts	0x02C3, r1	; 0x8002c3 <_ZN7TwoWire13txBufferIndexE>
    123a:	10 92 c2 02 	sts	0x02C2, r1	; 0x8002c2 <_ZN7TwoWire14txBufferLengthE>
    123e:	10 92 c1 02 	sts	0x02C1, r1	; 0x8002c1 <_ZN7TwoWire12transmittingE>
    1242:	0f 91       	pop	r16
    1244:	08 95       	ret

00001246 <_ZN7TwoWire11requestFromEhhmhh>:
    1246:	4f 92       	push	r4
    1248:	5f 92       	push	r5
    124a:	6f 92       	push	r6
    124c:	7f 92       	push	r7
    124e:	af 92       	push	r10
    1250:	bf 92       	push	r11
    1252:	cf 92       	push	r12
    1254:	ef 92       	push	r14
    1256:	ff 92       	push	r15
    1258:	0f 93       	push	r16
    125a:	1f 93       	push	r17
    125c:	cf 93       	push	r28
    125e:	df 93       	push	r29
    1260:	5c 01       	movw	r10, r24
    1262:	f6 2e       	mov	r15, r22
    1264:	d4 2f       	mov	r29, r20
    1266:	28 01       	movw	r4, r16
    1268:	39 01       	movw	r6, r18
    126a:	ee 20       	and	r14, r14
    126c:	21 f1       	breq	.+72     	; 0x12b6 <_ZN7TwoWire11requestFromEhhmhh+0x70>
    126e:	0e 94 04 09 	call	0x1208	; 0x1208 <_ZN7TwoWire17beginTransmissionEh>
    1272:	ce 2d       	mov	r28, r14
    1274:	c4 30       	cpi	r28, 0x04	; 4
    1276:	08 f0       	brcs	.+2      	; 0x127a <_ZN7TwoWire11requestFromEhhmhh+0x34>
    1278:	c3 e0       	ldi	r28, 0x03	; 3
    127a:	c1 50       	subi	r28, 0x01	; 1
    127c:	c0 f0       	brcs	.+48     	; 0x12ae <_ZN7TwoWire11requestFromEhhmhh+0x68>
    127e:	28 e0       	ldi	r18, 0x08	; 8
    1280:	c2 9f       	mul	r28, r18
    1282:	c0 01       	movw	r24, r0
    1284:	11 24       	eor	r1, r1
    1286:	a3 01       	movw	r20, r6
    1288:	92 01       	movw	r18, r4
    128a:	04 c0       	rjmp	.+8      	; 0x1294 <_ZN7TwoWire11requestFromEhhmhh+0x4e>
    128c:	56 95       	lsr	r21
    128e:	47 95       	ror	r20
    1290:	37 95       	ror	r19
    1292:	27 95       	ror	r18
    1294:	8a 95       	dec	r24
    1296:	d2 f7       	brpl	.-12     	; 0x128c <_ZN7TwoWire11requestFromEhhmhh+0x46>
    1298:	ca 01       	movw	r24, r20
    129a:	b9 01       	movw	r22, r18
    129c:	d5 01       	movw	r26, r10
    129e:	ed 91       	ld	r30, X+
    12a0:	fc 91       	ld	r31, X
    12a2:	01 90       	ld	r0, Z+
    12a4:	f0 81       	ld	r31, Z
    12a6:	e0 2d       	mov	r30, r0
    12a8:	c5 01       	movw	r24, r10
    12aa:	09 95       	icall
    12ac:	e6 cf       	rjmp	.-52     	; 0x127a <_ZN7TwoWire11requestFromEhhmhh+0x34>
    12ae:	60 e0       	ldi	r22, 0x00	; 0
    12b0:	c5 01       	movw	r24, r10
    12b2:	0e 94 10 09 	call	0x1220	; 0x1220 <_ZN7TwoWire15endTransmissionEh>
    12b6:	4d 2f       	mov	r20, r29
    12b8:	d1 32       	cpi	r29, 0x21	; 33
    12ba:	08 f0       	brcs	.+2      	; 0x12be <_ZN7TwoWire11requestFromEhhmhh+0x78>
    12bc:	40 e2       	ldi	r20, 0x20	; 32
    12be:	2c 2d       	mov	r18, r12
    12c0:	67 ee       	ldi	r22, 0xE7	; 231
    12c2:	72 e0       	ldi	r23, 0x02	; 2
    12c4:	8f 2d       	mov	r24, r15
    12c6:	0e 94 1f 0a 	call	0x143e	; 0x143e <twi_readFrom>
    12ca:	10 92 e6 02 	sts	0x02E6, r1	; 0x8002e6 <_ZN7TwoWire13rxBufferIndexE>
    12ce:	80 93 e5 02 	sts	0x02E5, r24	; 0x8002e5 <_ZN7TwoWire14rxBufferLengthE>
    12d2:	df 91       	pop	r29
    12d4:	cf 91       	pop	r28
    12d6:	1f 91       	pop	r17
    12d8:	0f 91       	pop	r16
    12da:	ff 90       	pop	r15
    12dc:	ef 90       	pop	r14
    12de:	cf 90       	pop	r12
    12e0:	bf 90       	pop	r11
    12e2:	af 90       	pop	r10
    12e4:	7f 90       	pop	r7
    12e6:	6f 90       	pop	r6
    12e8:	5f 90       	pop	r5
    12ea:	4f 90       	pop	r4
    12ec:	08 95       	ret

000012ee <_ZN7TwoWire11requestFromEhhh>:
    12ee:	cf 92       	push	r12
    12f0:	ef 92       	push	r14
    12f2:	0f 93       	push	r16
    12f4:	1f 93       	push	r17
    12f6:	c2 2e       	mov	r12, r18
    12f8:	e1 2c       	mov	r14, r1
    12fa:	00 e0       	ldi	r16, 0x00	; 0
    12fc:	10 e0       	ldi	r17, 0x00	; 0
    12fe:	98 01       	movw	r18, r16
    1300:	0e 94 23 09 	call	0x1246	; 0x1246 <_ZN7TwoWire11requestFromEhhmhh>
    1304:	1f 91       	pop	r17
    1306:	0f 91       	pop	r16
    1308:	ef 90       	pop	r14
    130a:	cf 90       	pop	r12
    130c:	08 95       	ret

0000130e <_ZN7TwoWire11requestFromEii>:
    130e:	21 e0       	ldi	r18, 0x01	; 1
    1310:	0c 94 77 09 	jmp	0x12ee	; 0x12ee <_ZN7TwoWire11requestFromEhhh>

00001314 <_ZN7TwoWire15endTransmissionEv>:
    1314:	61 e0       	ldi	r22, 0x01	; 1
    1316:	0c 94 10 09 	jmp	0x1220	; 0x1220 <_ZN7TwoWire15endTransmissionEh>

0000131a <_GLOBAL__sub_I__ZN7TwoWire8rxBufferE>:
}

// Preinstantiate Objects //////////////////////////////////////////////////////

TwoWire Wire = TwoWire();
    131a:	81 eb       	ldi	r24, 0xB1	; 177
    131c:	92 e0       	ldi	r25, 0x02	; 2
    131e:	0c 94 de 08 	jmp	0x11bc	; 0x11bc <_ZN7TwoWireC1Ev>

00001322 <yield>:
 * libraries or sketches that supports cooperative threads.
 *
 * Its defined as a weak symbol and it can be redefined to implement a
 * real cooperative scheduler.
 */
static void __empty() {
    1322:	08 95       	ret

00001324 <twi_init>:
  bool flag = twi_timed_out_flag;
  if (clear_flag){
    twi_timed_out_flag = false;
  }
  return(flag);
}
    1324:	10 92 7a 03 	sts	0x037A, r1	; 0x80037a <twi_state>
    1328:	81 e0       	ldi	r24, 0x01	; 1
    132a:	80 93 78 03 	sts	0x0378, r24	; 0x800378 <twi_sendStop>
    132e:	10 92 77 03 	sts	0x0377, r1	; 0x800377 <twi_inRepStart>
    1332:	61 e0       	ldi	r22, 0x01	; 1
    1334:	82 e1       	ldi	r24, 0x12	; 18
    1336:	0e 94 e2 03 	call	0x7c4	; 0x7c4 <digitalWrite>
    133a:	61 e0       	ldi	r22, 0x01	; 1
    133c:	83 e1       	ldi	r24, 0x13	; 19
    133e:	0e 94 e2 03 	call	0x7c4	; 0x7c4 <digitalWrite>
    1342:	e9 eb       	ldi	r30, 0xB9	; 185
    1344:	f0 e0       	ldi	r31, 0x00	; 0
    1346:	80 81       	ld	r24, Z
    1348:	8e 7f       	andi	r24, 0xFE	; 254
    134a:	80 83       	st	Z, r24
    134c:	80 81       	ld	r24, Z
    134e:	8d 7f       	andi	r24, 0xFD	; 253
    1350:	80 83       	st	Z, r24
    1352:	88 e4       	ldi	r24, 0x48	; 72
    1354:	80 93 b8 00 	sts	0x00B8, r24	; 0x8000b8 <__TEXT_REGION_LENGTH__+0x7f80b8>
    1358:	85 e4       	ldi	r24, 0x45	; 69
    135a:	80 93 bc 00 	sts	0x00BC, r24	; 0x8000bc <__TEXT_REGION_LENGTH__+0x7f80bc>
    135e:	08 95       	ret

00001360 <twi_disable>:
    1360:	ec eb       	ldi	r30, 0xBC	; 188
    1362:	f0 e0       	ldi	r31, 0x00	; 0
    1364:	80 81       	ld	r24, Z
    1366:	8a 7b       	andi	r24, 0xBA	; 186
    1368:	80 83       	st	Z, r24
    136a:	60 e0       	ldi	r22, 0x00	; 0
    136c:	82 e1       	ldi	r24, 0x12	; 18
    136e:	0e 94 e2 03 	call	0x7c4	; 0x7c4 <digitalWrite>
    1372:	60 e0       	ldi	r22, 0x00	; 0
    1374:	83 e1       	ldi	r24, 0x13	; 19
    1376:	0c 94 e2 03 	jmp	0x7c4	; 0x7c4 <digitalWrite>

0000137a <twi_setFrequency>:
    137a:	9b 01       	movw	r18, r22
    137c:	ac 01       	movw	r20, r24
    137e:	60 e0       	ldi	r22, 0x00	; 0
    1380:	74 e2       	ldi	r23, 0x24	; 36
    1382:	84 ef       	ldi	r24, 0xF4	; 244
    1384:	90 e0       	ldi	r25, 0x00	; 0
    1386:	0e 94 5d 0d 	call	0x1aba	; 0x1aba <__udivmodsi4>
    138a:	da 01       	movw	r26, r20
    138c:	c9 01       	movw	r24, r18
    138e:	40 97       	sbiw	r24, 0x10	; 16
    1390:	a1 09       	sbc	r26, r1
    1392:	b1 09       	sbc	r27, r1
    1394:	b6 95       	lsr	r27
    1396:	a7 95       	ror	r26
    1398:	97 95       	ror	r25
    139a:	87 95       	ror	r24
    139c:	80 93 b8 00 	sts	0x00B8, r24	; 0x8000b8 <__TEXT_REGION_LENGTH__+0x7f80b8>
    13a0:	08 95       	ret

000013a2 <twi_transmit>:
    13a2:	40 91 29 03 	lds	r20, 0x0329	; 0x800329 <twi_txBufferLength>
    13a6:	26 2f       	mov	r18, r22
    13a8:	30 e0       	ldi	r19, 0x00	; 0
    13aa:	24 0f       	add	r18, r20
    13ac:	31 1d       	adc	r19, r1
    13ae:	21 32       	cpi	r18, 0x21	; 33
    13b0:	31 05       	cpc	r19, r1
    13b2:	dc f4       	brge	.+54     	; 0x13ea <twi_transmit+0x48>
    13b4:	20 91 7a 03 	lds	r18, 0x037A	; 0x80037a <twi_state>
    13b8:	24 30       	cpi	r18, 0x04	; 4
    13ba:	c9 f4       	brne	.+50     	; 0x13ee <twi_transmit+0x4c>
    13bc:	fc 01       	movw	r30, r24
    13be:	80 e0       	ldi	r24, 0x00	; 0
    13c0:	90 e0       	ldi	r25, 0x00	; 0
    13c2:	86 17       	cp	r24, r22
    13c4:	58 f4       	brcc	.+22     	; 0x13dc <twi_transmit+0x3a>
    13c6:	30 91 29 03 	lds	r19, 0x0329	; 0x800329 <twi_txBufferLength>
    13ca:	21 91       	ld	r18, Z+
    13cc:	dc 01       	movw	r26, r24
    13ce:	a5 5d       	subi	r26, 0xD5	; 213
    13d0:	bc 4f       	sbci	r27, 0xFC	; 252
    13d2:	a3 0f       	add	r26, r19
    13d4:	b1 1d       	adc	r27, r1
    13d6:	2c 93       	st	X, r18
    13d8:	01 96       	adiw	r24, 0x01	; 1
    13da:	f3 cf       	rjmp	.-26     	; 0x13c2 <twi_transmit+0x20>
    13dc:	80 91 29 03 	lds	r24, 0x0329	; 0x800329 <twi_txBufferLength>
    13e0:	68 0f       	add	r22, r24
    13e2:	60 93 29 03 	sts	0x0329, r22	; 0x800329 <twi_txBufferLength>
    13e6:	80 e0       	ldi	r24, 0x00	; 0
    13e8:	08 95       	ret
    13ea:	81 e0       	ldi	r24, 0x01	; 1
    13ec:	08 95       	ret
    13ee:	82 e0       	ldi	r24, 0x02	; 2
    13f0:	08 95       	ret

000013f2 <twi_attachSlaveRxEvent>:
    13f2:	90 93 6e 03 	sts	0x036E, r25	; 0x80036e <twi_onSlaveReceive+0x1>
    13f6:	80 93 6d 03 	sts	0x036D, r24	; 0x80036d <twi_onSlaveReceive>
    13fa:	08 95       	ret

000013fc <twi_attachSlaveTxEvent>:
    13fc:	90 93 70 03 	sts	0x0370, r25	; 0x800370 <twi_onSlaveTransmit+0x1>
    1400:	80 93 6f 03 	sts	0x036F, r24	; 0x80036f <twi_onSlaveTransmit>
    1404:	08 95       	ret

00001406 <twi_releaseBus>:
    1406:	85 ec       	ldi	r24, 0xC5	; 197
    1408:	80 93 bc 00 	sts	0x00BC, r24	; 0x8000bc <__TEXT_REGION_LENGTH__+0x7f80bc>
    140c:	10 92 7a 03 	sts	0x037A, r1	; 0x80037a <twi_state>
    1410:	08 95       	ret

00001412 <twi_handleTimeout>:
    1412:	cf 93       	push	r28
    1414:	df 93       	push	r29
    1416:	91 e0       	ldi	r25, 0x01	; 1
    1418:	90 93 72 03 	sts	0x0372, r25	; 0x800372 <twi_timed_out_flag>
    141c:	88 23       	and	r24, r24
    141e:	61 f0       	breq	.+24     	; 0x1438 <twi_handleTimeout+0x26>
    1420:	c0 91 b8 00 	lds	r28, 0x00B8	; 0x8000b8 <__TEXT_REGION_LENGTH__+0x7f80b8>
    1424:	d0 91 ba 00 	lds	r29, 0x00BA	; 0x8000ba <__TEXT_REGION_LENGTH__+0x7f80ba>
    1428:	0e 94 b0 09 	call	0x1360	; 0x1360 <twi_disable>
    142c:	0e 94 92 09 	call	0x1324	; 0x1324 <twi_init>
    1430:	d0 93 ba 00 	sts	0x00BA, r29	; 0x8000ba <__TEXT_REGION_LENGTH__+0x7f80ba>
    1434:	c0 93 b8 00 	sts	0x00B8, r28	; 0x8000b8 <__TEXT_REGION_LENGTH__+0x7f80b8>
    1438:	df 91       	pop	r29
    143a:	cf 91       	pop	r28
    143c:	08 95       	ret

0000143e <twi_readFrom>:
    143e:	4f 92       	push	r4
    1440:	5f 92       	push	r5
    1442:	6f 92       	push	r6
    1444:	7f 92       	push	r7
    1446:	8f 92       	push	r8
    1448:	9f 92       	push	r9
    144a:	af 92       	push	r10
    144c:	bf 92       	push	r11
    144e:	cf 92       	push	r12
    1450:	df 92       	push	r13
    1452:	ef 92       	push	r14
    1454:	ff 92       	push	r15
    1456:	0f 93       	push	r16
    1458:	1f 93       	push	r17
    145a:	cf 93       	push	r28
    145c:	df 93       	push	r29
    145e:	f8 2e       	mov	r15, r24
    1460:	16 2f       	mov	r17, r22
    1462:	07 2f       	mov	r16, r23
    1464:	c4 2f       	mov	r28, r20
    1466:	e2 2e       	mov	r14, r18
    1468:	41 32       	cpi	r20, 0x21	; 33
    146a:	08 f0       	brcs	.+2      	; 0x146e <twi_readFrom+0x30>
    146c:	be c0       	rjmp	.+380    	; 0x15ea <twi_readFrom+0x1ac>
    146e:	0e 94 d6 02 	call	0x5ac	; 0x5ac <micros>
    1472:	4b 01       	movw	r8, r22
    1474:	5c 01       	movw	r10, r24
    1476:	d0 91 7a 03 	lds	r29, 0x037A	; 0x80037a <twi_state>
    147a:	dd 23       	and	r29, r29
    147c:	31 f1       	breq	.+76     	; 0x14ca <twi_readFrom+0x8c>
    147e:	80 91 73 03 	lds	r24, 0x0373	; 0x800373 <twi_timeout_us>
    1482:	90 91 74 03 	lds	r25, 0x0374	; 0x800374 <twi_timeout_us+0x1>
    1486:	a0 91 75 03 	lds	r26, 0x0375	; 0x800375 <twi_timeout_us+0x2>
    148a:	b0 91 76 03 	lds	r27, 0x0376	; 0x800376 <twi_timeout_us+0x3>
    148e:	89 2b       	or	r24, r25
    1490:	8a 2b       	or	r24, r26
    1492:	8b 2b       	or	r24, r27
    1494:	81 f3       	breq	.-32     	; 0x1476 <twi_readFrom+0x38>
    1496:	0e 94 d6 02 	call	0x5ac	; 0x5ac <micros>
    149a:	40 90 73 03 	lds	r4, 0x0373	; 0x800373 <twi_timeout_us>
    149e:	50 90 74 03 	lds	r5, 0x0374	; 0x800374 <twi_timeout_us+0x1>
    14a2:	60 90 75 03 	lds	r6, 0x0375	; 0x800375 <twi_timeout_us+0x2>
    14a6:	70 90 76 03 	lds	r7, 0x0376	; 0x800376 <twi_timeout_us+0x3>
    14aa:	dc 01       	movw	r26, r24
    14ac:	cb 01       	movw	r24, r22
    14ae:	88 19       	sub	r24, r8
    14b0:	99 09       	sbc	r25, r9
    14b2:	aa 09       	sbc	r26, r10
    14b4:	bb 09       	sbc	r27, r11
    14b6:	48 16       	cp	r4, r24
    14b8:	59 06       	cpc	r5, r25
    14ba:	6a 06       	cpc	r6, r26
    14bc:	7b 06       	cpc	r7, r27
    14be:	d8 f6       	brcc	.-74     	; 0x1476 <twi_readFrom+0x38>
    14c0:	80 91 71 03 	lds	r24, 0x0371	; 0x800371 <twi_do_reset_on_timeout>
    14c4:	0e 94 09 0a 	call	0x1412	; 0x1412 <twi_handleTimeout>
    14c8:	90 c0       	rjmp	.+288    	; 0x15ea <twi_readFrom+0x1ac>
    14ca:	81 e0       	ldi	r24, 0x01	; 1
    14cc:	80 93 7a 03 	sts	0x037A, r24	; 0x80037a <twi_state>
    14d0:	e0 92 78 03 	sts	0x0378, r14	; 0x800378 <twi_sendStop>
    14d4:	9f ef       	ldi	r25, 0xFF	; 255
    14d6:	90 93 07 03 	sts	0x0307, r25	; 0x800307 <twi_error>
    14da:	10 92 4c 03 	sts	0x034C, r1	; 0x80034c <twi_masterBufferIndex>
    14de:	9c 0f       	add	r25, r28
    14e0:	90 93 4b 03 	sts	0x034B, r25	; 0x80034b <twi_masterBufferLength>
    14e4:	80 93 79 03 	sts	0x0379, r24	; 0x800379 <twi_slarw>
    14e8:	90 91 79 03 	lds	r25, 0x0379	; 0x800379 <twi_slarw>
    14ec:	8f 2d       	mov	r24, r15
    14ee:	88 0f       	add	r24, r24
    14f0:	89 2b       	or	r24, r25
    14f2:	80 93 79 03 	sts	0x0379, r24	; 0x800379 <twi_slarw>
    14f6:	80 91 77 03 	lds	r24, 0x0377	; 0x800377 <twi_inRepStart>
    14fa:	81 30       	cpi	r24, 0x01	; 1
    14fc:	89 f5       	brne	.+98     	; 0x1560 <twi_readFrom+0x122>
    14fe:	10 92 77 03 	sts	0x0377, r1	; 0x800377 <twi_inRepStart>
    1502:	0e 94 d6 02 	call	0x5ac	; 0x5ac <micros>
    1506:	6b 01       	movw	r12, r22
    1508:	7c 01       	movw	r14, r24
    150a:	80 91 79 03 	lds	r24, 0x0379	; 0x800379 <twi_slarw>
    150e:	80 93 bb 00 	sts	0x00BB, r24	; 0x8000bb <__TEXT_REGION_LENGTH__+0x7f80bb>
    1512:	80 91 73 03 	lds	r24, 0x0373	; 0x800373 <twi_timeout_us>
    1516:	90 91 74 03 	lds	r25, 0x0374	; 0x800374 <twi_timeout_us+0x1>
    151a:	a0 91 75 03 	lds	r26, 0x0375	; 0x800375 <twi_timeout_us+0x2>
    151e:	b0 91 76 03 	lds	r27, 0x0376	; 0x800376 <twi_timeout_us+0x3>
    1522:	89 2b       	or	r24, r25
    1524:	8a 2b       	or	r24, r26
    1526:	8b 2b       	or	r24, r27
    1528:	a9 f0       	breq	.+42     	; 0x1554 <twi_readFrom+0x116>
    152a:	0e 94 d6 02 	call	0x5ac	; 0x5ac <micros>
    152e:	80 90 73 03 	lds	r8, 0x0373	; 0x800373 <twi_timeout_us>
    1532:	90 90 74 03 	lds	r9, 0x0374	; 0x800374 <twi_timeout_us+0x1>
    1536:	a0 90 75 03 	lds	r10, 0x0375	; 0x800375 <twi_timeout_us+0x2>
    153a:	b0 90 76 03 	lds	r11, 0x0376	; 0x800376 <twi_timeout_us+0x3>
    153e:	dc 01       	movw	r26, r24
    1540:	cb 01       	movw	r24, r22
    1542:	8c 19       	sub	r24, r12
    1544:	9d 09       	sbc	r25, r13
    1546:	ae 09       	sbc	r26, r14
    1548:	bf 09       	sbc	r27, r15
    154a:	88 16       	cp	r8, r24
    154c:	99 06       	cpc	r9, r25
    154e:	aa 06       	cpc	r10, r26
    1550:	bb 06       	cpc	r11, r27
    1552:	90 f1       	brcs	.+100    	; 0x15b8 <twi_readFrom+0x17a>
    1554:	80 91 bc 00 	lds	r24, 0x00BC	; 0x8000bc <__TEXT_REGION_LENGTH__+0x7f80bc>
    1558:	83 fd       	sbrc	r24, 3
    155a:	d7 cf       	rjmp	.-82     	; 0x150a <twi_readFrom+0xcc>
    155c:	85 ec       	ldi	r24, 0xC5	; 197
    155e:	01 c0       	rjmp	.+2      	; 0x1562 <twi_readFrom+0x124>
    1560:	85 ee       	ldi	r24, 0xE5	; 229
    1562:	80 93 bc 00 	sts	0x00BC, r24	; 0x8000bc <__TEXT_REGION_LENGTH__+0x7f80bc>
    1566:	0e 94 d6 02 	call	0x5ac	; 0x5ac <micros>
    156a:	6b 01       	movw	r12, r22
    156c:	7c 01       	movw	r14, r24
    156e:	80 91 7a 03 	lds	r24, 0x037A	; 0x80037a <twi_state>
    1572:	81 30       	cpi	r24, 0x01	; 1
    1574:	31 f5       	brne	.+76     	; 0x15c2 <twi_readFrom+0x184>
    1576:	80 91 73 03 	lds	r24, 0x0373	; 0x800373 <twi_timeout_us>
    157a:	90 91 74 03 	lds	r25, 0x0374	; 0x800374 <twi_timeout_us+0x1>
    157e:	a0 91 75 03 	lds	r26, 0x0375	; 0x800375 <twi_timeout_us+0x2>
    1582:	b0 91 76 03 	lds	r27, 0x0376	; 0x800376 <twi_timeout_us+0x3>
    1586:	89 2b       	or	r24, r25
    1588:	8a 2b       	or	r24, r26
    158a:	8b 2b       	or	r24, r27
    158c:	81 f3       	breq	.-32     	; 0x156e <twi_readFrom+0x130>
    158e:	0e 94 d6 02 	call	0x5ac	; 0x5ac <micros>
    1592:	80 90 73 03 	lds	r8, 0x0373	; 0x800373 <twi_timeout_us>
    1596:	90 90 74 03 	lds	r9, 0x0374	; 0x800374 <twi_timeout_us+0x1>
    159a:	a0 90 75 03 	lds	r10, 0x0375	; 0x800375 <twi_timeout_us+0x2>
    159e:	b0 90 76 03 	lds	r11, 0x0376	; 0x800376 <twi_timeout_us+0x3>
    15a2:	dc 01       	movw	r26, r24
    15a4:	cb 01       	movw	r24, r22
    15a6:	8c 19       	sub	r24, r12
    15a8:	9d 09       	sbc	r25, r13
    15aa:	ae 09       	sbc	r26, r14
    15ac:	bf 09       	sbc	r27, r15
    15ae:	88 16       	cp	r8, r24
    15b0:	99 06       	cpc	r9, r25
    15b2:	aa 06       	cpc	r10, r26
    15b4:	bb 06       	cpc	r11, r27
    15b6:	d8 f6       	brcc	.-74     	; 0x156e <twi_readFrom+0x130>
    15b8:	80 91 71 03 	lds	r24, 0x0371	; 0x800371 <twi_do_reset_on_timeout>
    15bc:	0e 94 09 0a 	call	0x1412	; 0x1412 <twi_handleTimeout>
    15c0:	15 c0       	rjmp	.+42     	; 0x15ec <twi_readFrom+0x1ae>
    15c2:	80 91 4c 03 	lds	r24, 0x034C	; 0x80034c <twi_masterBufferIndex>
    15c6:	8c 17       	cp	r24, r28
    15c8:	10 f4       	brcc	.+4      	; 0x15ce <twi_readFrom+0x190>
    15ca:	c0 91 4c 03 	lds	r28, 0x034C	; 0x80034c <twi_masterBufferIndex>
    15ce:	ad e4       	ldi	r26, 0x4D	; 77
    15d0:	b3 e0       	ldi	r27, 0x03	; 3
    15d2:	91 2f       	mov	r25, r17
    15d4:	e1 2f       	mov	r30, r17
    15d6:	f0 2f       	mov	r31, r16
    15d8:	8e 2f       	mov	r24, r30
    15da:	89 1b       	sub	r24, r25
    15dc:	8c 17       	cp	r24, r28
    15de:	18 f4       	brcc	.+6      	; 0x15e6 <twi_readFrom+0x1a8>
    15e0:	8d 91       	ld	r24, X+
    15e2:	81 93       	st	Z+, r24
    15e4:	f9 cf       	rjmp	.-14     	; 0x15d8 <twi_readFrom+0x19a>
    15e6:	dc 2f       	mov	r29, r28
    15e8:	01 c0       	rjmp	.+2      	; 0x15ec <twi_readFrom+0x1ae>
    15ea:	d0 e0       	ldi	r29, 0x00	; 0
    15ec:	8d 2f       	mov	r24, r29
    15ee:	df 91       	pop	r29
    15f0:	cf 91       	pop	r28
    15f2:	1f 91       	pop	r17
    15f4:	0f 91       	pop	r16
    15f6:	ff 90       	pop	r15
    15f8:	ef 90       	pop	r14
    15fa:	df 90       	pop	r13
    15fc:	cf 90       	pop	r12
    15fe:	bf 90       	pop	r11
    1600:	af 90       	pop	r10
    1602:	9f 90       	pop	r9
    1604:	8f 90       	pop	r8
    1606:	7f 90       	pop	r7
    1608:	6f 90       	pop	r6
    160a:	5f 90       	pop	r5
    160c:	4f 90       	pop	r4
    160e:	08 95       	ret

00001610 <twi_writeTo>:
    1610:	4f 92       	push	r4
    1612:	5f 92       	push	r5
    1614:	6f 92       	push	r6
    1616:	7f 92       	push	r7
    1618:	8f 92       	push	r8
    161a:	9f 92       	push	r9
    161c:	af 92       	push	r10
    161e:	bf 92       	push	r11
    1620:	cf 92       	push	r12
    1622:	df 92       	push	r13
    1624:	ef 92       	push	r14
    1626:	ff 92       	push	r15
    1628:	0f 93       	push	r16
    162a:	1f 93       	push	r17
    162c:	cf 93       	push	r28
    162e:	df 93       	push	r29
    1630:	41 32       	cpi	r20, 0x21	; 33
    1632:	08 f0       	brcs	.+2      	; 0x1636 <twi_writeTo+0x26>
    1634:	c6 c0       	rjmp	.+396    	; 0x17c2 <twi_writeTo+0x1b2>
    1636:	12 2f       	mov	r17, r18
    1638:	f4 2e       	mov	r15, r20
    163a:	d7 2e       	mov	r13, r23
    163c:	e6 2e       	mov	r14, r22
    163e:	d8 2f       	mov	r29, r24
    1640:	0e 94 d6 02 	call	0x5ac	; 0x5ac <micros>
    1644:	4b 01       	movw	r8, r22
    1646:	5c 01       	movw	r10, r24
    1648:	c0 91 7a 03 	lds	r28, 0x037A	; 0x80037a <twi_state>
    164c:	cc 23       	and	r28, r28
    164e:	11 f1       	breq	.+68     	; 0x1694 <twi_writeTo+0x84>
    1650:	80 91 73 03 	lds	r24, 0x0373	; 0x800373 <twi_timeout_us>
    1654:	90 91 74 03 	lds	r25, 0x0374	; 0x800374 <twi_timeout_us+0x1>
    1658:	a0 91 75 03 	lds	r26, 0x0375	; 0x800375 <twi_timeout_us+0x2>
    165c:	b0 91 76 03 	lds	r27, 0x0376	; 0x800376 <twi_timeout_us+0x3>
    1660:	89 2b       	or	r24, r25
    1662:	8a 2b       	or	r24, r26
    1664:	8b 2b       	or	r24, r27
    1666:	81 f3       	breq	.-32     	; 0x1648 <twi_writeTo+0x38>
    1668:	0e 94 d6 02 	call	0x5ac	; 0x5ac <micros>
    166c:	40 90 73 03 	lds	r4, 0x0373	; 0x800373 <twi_timeout_us>
    1670:	50 90 74 03 	lds	r5, 0x0374	; 0x800374 <twi_timeout_us+0x1>
    1674:	60 90 75 03 	lds	r6, 0x0375	; 0x800375 <twi_timeout_us+0x2>
    1678:	70 90 76 03 	lds	r7, 0x0376	; 0x800376 <twi_timeout_us+0x3>
    167c:	dc 01       	movw	r26, r24
    167e:	cb 01       	movw	r24, r22
    1680:	88 19       	sub	r24, r8
    1682:	99 09       	sbc	r25, r9
    1684:	aa 09       	sbc	r26, r10
    1686:	bb 09       	sbc	r27, r11
    1688:	48 16       	cp	r4, r24
    168a:	59 06       	cpc	r5, r25
    168c:	6a 06       	cpc	r6, r26
    168e:	7b 06       	cpc	r7, r27
    1690:	d8 f6       	brcc	.-74     	; 0x1648 <twi_writeTo+0x38>
    1692:	83 c0       	rjmp	.+262    	; 0x179a <twi_writeTo+0x18a>
    1694:	82 e0       	ldi	r24, 0x02	; 2
    1696:	80 93 7a 03 	sts	0x037A, r24	; 0x80037a <twi_state>
    169a:	00 93 78 03 	sts	0x0378, r16	; 0x800378 <twi_sendStop>
    169e:	8f ef       	ldi	r24, 0xFF	; 255
    16a0:	80 93 07 03 	sts	0x0307, r24	; 0x800307 <twi_error>
    16a4:	10 92 4c 03 	sts	0x034C, r1	; 0x80034c <twi_masterBufferIndex>
    16a8:	f0 92 4b 03 	sts	0x034B, r15	; 0x80034b <twi_masterBufferLength>
    16ac:	9e 2d       	mov	r25, r14
    16ae:	ad e4       	ldi	r26, 0x4D	; 77
    16b0:	b3 e0       	ldi	r27, 0x03	; 3
    16b2:	ee 2d       	mov	r30, r14
    16b4:	fd 2d       	mov	r31, r13
    16b6:	8e 2f       	mov	r24, r30
    16b8:	89 1b       	sub	r24, r25
    16ba:	8f 15       	cp	r24, r15
    16bc:	18 f4       	brcc	.+6      	; 0x16c4 <twi_writeTo+0xb4>
    16be:	81 91       	ld	r24, Z+
    16c0:	8d 93       	st	X+, r24
    16c2:	f9 cf       	rjmp	.-14     	; 0x16b6 <twi_writeTo+0xa6>
    16c4:	10 92 79 03 	sts	0x0379, r1	; 0x800379 <twi_slarw>
    16c8:	90 91 79 03 	lds	r25, 0x0379	; 0x800379 <twi_slarw>
    16cc:	dd 0f       	add	r29, r29
    16ce:	d9 2b       	or	r29, r25
    16d0:	d0 93 79 03 	sts	0x0379, r29	; 0x800379 <twi_slarw>
    16d4:	80 91 77 03 	lds	r24, 0x0377	; 0x800377 <twi_inRepStart>
    16d8:	81 30       	cpi	r24, 0x01	; 1
    16da:	89 f5       	brne	.+98     	; 0x173e <twi_writeTo+0x12e>
    16dc:	10 92 77 03 	sts	0x0377, r1	; 0x800377 <twi_inRepStart>
    16e0:	0e 94 d6 02 	call	0x5ac	; 0x5ac <micros>
    16e4:	6b 01       	movw	r12, r22
    16e6:	7c 01       	movw	r14, r24
    16e8:	80 91 79 03 	lds	r24, 0x0379	; 0x800379 <twi_slarw>
    16ec:	80 93 bb 00 	sts	0x00BB, r24	; 0x8000bb <__TEXT_REGION_LENGTH__+0x7f80bb>
    16f0:	80 91 73 03 	lds	r24, 0x0373	; 0x800373 <twi_timeout_us>
    16f4:	90 91 74 03 	lds	r25, 0x0374	; 0x800374 <twi_timeout_us+0x1>
    16f8:	a0 91 75 03 	lds	r26, 0x0375	; 0x800375 <twi_timeout_us+0x2>
    16fc:	b0 91 76 03 	lds	r27, 0x0376	; 0x800376 <twi_timeout_us+0x3>
    1700:	89 2b       	or	r24, r25
    1702:	8a 2b       	or	r24, r26
    1704:	8b 2b       	or	r24, r27
    1706:	a9 f0       	breq	.+42     	; 0x1732 <twi_writeTo+0x122>
    1708:	0e 94 d6 02 	call	0x5ac	; 0x5ac <micros>
    170c:	80 90 73 03 	lds	r8, 0x0373	; 0x800373 <twi_timeout_us>
    1710:	90 90 74 03 	lds	r9, 0x0374	; 0x800374 <twi_timeout_us+0x1>
    1714:	a0 90 75 03 	lds	r10, 0x0375	; 0x800375 <twi_timeout_us+0x2>
    1718:	b0 90 76 03 	lds	r11, 0x0376	; 0x800376 <twi_timeout_us+0x3>
    171c:	dc 01       	movw	r26, r24
    171e:	cb 01       	movw	r24, r22
    1720:	8c 19       	sub	r24, r12
    1722:	9d 09       	sbc	r25, r13
    1724:	ae 09       	sbc	r26, r14
    1726:	bf 09       	sbc	r27, r15
    1728:	88 16       	cp	r8, r24
    172a:	99 06       	cpc	r9, r25
    172c:	aa 06       	cpc	r10, r26
    172e:	bb 06       	cpc	r11, r27
    1730:	a0 f1       	brcs	.+104    	; 0x179a <twi_writeTo+0x18a>
    1732:	80 91 bc 00 	lds	r24, 0x00BC	; 0x8000bc <__TEXT_REGION_LENGTH__+0x7f80bc>
    1736:	83 fd       	sbrc	r24, 3
    1738:	d7 cf       	rjmp	.-82     	; 0x16e8 <twi_writeTo+0xd8>
    173a:	85 ec       	ldi	r24, 0xC5	; 197
    173c:	01 c0       	rjmp	.+2      	; 0x1740 <twi_writeTo+0x130>
    173e:	85 ee       	ldi	r24, 0xE5	; 229
    1740:	80 93 bc 00 	sts	0x00BC, r24	; 0x8000bc <__TEXT_REGION_LENGTH__+0x7f80bc>
    1744:	0e 94 d6 02 	call	0x5ac	; 0x5ac <micros>
    1748:	6b 01       	movw	r12, r22
    174a:	7c 01       	movw	r14, r24
    174c:	11 23       	and	r17, r17
    174e:	59 f1       	breq	.+86     	; 0x17a6 <twi_writeTo+0x196>
    1750:	80 91 7a 03 	lds	r24, 0x037A	; 0x80037a <twi_state>
    1754:	82 30       	cpi	r24, 0x02	; 2
    1756:	39 f5       	brne	.+78     	; 0x17a6 <twi_writeTo+0x196>
    1758:	80 91 73 03 	lds	r24, 0x0373	; 0x800373 <twi_timeout_us>
    175c:	90 91 74 03 	lds	r25, 0x0374	; 0x800374 <twi_timeout_us+0x1>
    1760:	a0 91 75 03 	lds	r26, 0x0375	; 0x800375 <twi_timeout_us+0x2>
    1764:	b0 91 76 03 	lds	r27, 0x0376	; 0x800376 <twi_timeout_us+0x3>
    1768:	89 2b       	or	r24, r25
    176a:	8a 2b       	or	r24, r26
    176c:	8b 2b       	or	r24, r27
    176e:	71 f3       	breq	.-36     	; 0x174c <twi_writeTo+0x13c>
    1770:	0e 94 d6 02 	call	0x5ac	; 0x5ac <micros>
    1774:	80 90 73 03 	lds	r8, 0x0373	; 0x800373 <twi_timeout_us>
    1778:	90 90 74 03 	lds	r9, 0x0374	; 0x800374 <twi_timeout_us+0x1>
    177c:	a0 90 75 03 	lds	r10, 0x0375	; 0x800375 <twi_timeout_us+0x2>
    1780:	b0 90 76 03 	lds	r11, 0x0376	; 0x800376 <twi_timeout_us+0x3>
    1784:	dc 01       	movw	r26, r24
    1786:	cb 01       	movw	r24, r22
    1788:	8c 19       	sub	r24, r12
    178a:	9d 09       	sbc	r25, r13
    178c:	ae 09       	sbc	r26, r14
    178e:	bf 09       	sbc	r27, r15
    1790:	88 16       	cp	r8, r24
    1792:	99 06       	cpc	r9, r25
    1794:	aa 06       	cpc	r10, r26
    1796:	bb 06       	cpc	r11, r27
    1798:	c8 f6       	brcc	.-78     	; 0x174c <twi_writeTo+0x13c>
    179a:	80 91 71 03 	lds	r24, 0x0371	; 0x800371 <twi_do_reset_on_timeout>
    179e:	0e 94 09 0a 	call	0x1412	; 0x1412 <twi_handleTimeout>
    17a2:	c5 e0       	ldi	r28, 0x05	; 5
    17a4:	13 c0       	rjmp	.+38     	; 0x17cc <twi_writeTo+0x1bc>
    17a6:	80 91 07 03 	lds	r24, 0x0307	; 0x800307 <twi_error>
    17aa:	8f 3f       	cpi	r24, 0xFF	; 255
    17ac:	79 f0       	breq	.+30     	; 0x17cc <twi_writeTo+0x1bc>
    17ae:	80 91 07 03 	lds	r24, 0x0307	; 0x800307 <twi_error>
    17b2:	80 32       	cpi	r24, 0x20	; 32
    17b4:	41 f0       	breq	.+16     	; 0x17c6 <twi_writeTo+0x1b6>
    17b6:	80 91 07 03 	lds	r24, 0x0307	; 0x800307 <twi_error>
    17ba:	80 33       	cpi	r24, 0x30	; 48
    17bc:	31 f0       	breq	.+12     	; 0x17ca <twi_writeTo+0x1ba>
    17be:	c4 e0       	ldi	r28, 0x04	; 4
    17c0:	05 c0       	rjmp	.+10     	; 0x17cc <twi_writeTo+0x1bc>
    17c2:	c1 e0       	ldi	r28, 0x01	; 1
    17c4:	03 c0       	rjmp	.+6      	; 0x17cc <twi_writeTo+0x1bc>
    17c6:	c2 e0       	ldi	r28, 0x02	; 2
    17c8:	01 c0       	rjmp	.+2      	; 0x17cc <twi_writeTo+0x1bc>
    17ca:	c3 e0       	ldi	r28, 0x03	; 3
    17cc:	8c 2f       	mov	r24, r28
    17ce:	df 91       	pop	r29
    17d0:	cf 91       	pop	r28
    17d2:	1f 91       	pop	r17
    17d4:	0f 91       	pop	r16
    17d6:	ff 90       	pop	r15
    17d8:	ef 90       	pop	r14
    17da:	df 90       	pop	r13
    17dc:	cf 90       	pop	r12
    17de:	bf 90       	pop	r11
    17e0:	af 90       	pop	r10
    17e2:	9f 90       	pop	r9
    17e4:	8f 90       	pop	r8
    17e6:	7f 90       	pop	r7
    17e8:	6f 90       	pop	r6
    17ea:	5f 90       	pop	r5
    17ec:	4f 90       	pop	r4
    17ee:	08 95       	ret

000017f0 <twi_stop>:
    17f0:	85 ed       	ldi	r24, 0xD5	; 213
    17f2:	80 93 bc 00 	sts	0x00BC, r24	; 0x8000bc <__TEXT_REGION_LENGTH__+0x7f80bc>
    17f6:	80 91 73 03 	lds	r24, 0x0373	; 0x800373 <twi_timeout_us>
    17fa:	90 91 74 03 	lds	r25, 0x0374	; 0x800374 <twi_timeout_us+0x1>
    17fe:	a0 91 75 03 	lds	r26, 0x0375	; 0x800375 <twi_timeout_us+0x2>
    1802:	b0 91 76 03 	lds	r27, 0x0376	; 0x800376 <twi_timeout_us+0x3>
    1806:	07 96       	adiw	r24, 0x07	; 7
    1808:	a1 1d       	adc	r26, r1
    180a:	b1 1d       	adc	r27, r1
    180c:	23 e0       	ldi	r18, 0x03	; 3
    180e:	b6 95       	lsr	r27
    1810:	a7 95       	ror	r26
    1812:	97 95       	ror	r25
    1814:	87 95       	ror	r24
    1816:	2a 95       	dec	r18
    1818:	d1 f7       	brne	.-12     	; 0x180e <twi_stop+0x1e>
    181a:	20 91 bc 00 	lds	r18, 0x00BC	; 0x8000bc <__TEXT_REGION_LENGTH__+0x7f80bc>
    181e:	24 ff       	sbrs	r18, 4
    1820:	1c c0       	rjmp	.+56     	; 0x185a <twi_stop+0x6a>
    1822:	40 91 73 03 	lds	r20, 0x0373	; 0x800373 <twi_timeout_us>
    1826:	50 91 74 03 	lds	r21, 0x0374	; 0x800374 <twi_timeout_us+0x1>
    182a:	60 91 75 03 	lds	r22, 0x0375	; 0x800375 <twi_timeout_us+0x2>
    182e:	70 91 76 03 	lds	r23, 0x0376	; 0x800376 <twi_timeout_us+0x3>
    1832:	45 2b       	or	r20, r21
    1834:	46 2b       	or	r20, r22
    1836:	47 2b       	or	r20, r23
    1838:	81 f3       	breq	.-32     	; 0x181a <twi_stop+0x2a>
    183a:	00 97       	sbiw	r24, 0x00	; 0
    183c:	a1 05       	cpc	r26, r1
    183e:	b1 05       	cpc	r27, r1
    1840:	41 f0       	breq	.+16     	; 0x1852 <twi_stop+0x62>
    1842:	2a e2       	ldi	r18, 0x2A	; 42
    1844:	2a 95       	dec	r18
    1846:	f1 f7       	brne	.-4      	; 0x1844 <twi_stop+0x54>
    1848:	00 c0       	rjmp	.+0      	; 0x184a <twi_stop+0x5a>
    184a:	01 97       	sbiw	r24, 0x01	; 1
    184c:	a1 09       	sbc	r26, r1
    184e:	b1 09       	sbc	r27, r1
    1850:	e4 cf       	rjmp	.-56     	; 0x181a <twi_stop+0x2a>
    1852:	80 91 71 03 	lds	r24, 0x0371	; 0x800371 <twi_do_reset_on_timeout>
    1856:	0c 94 09 0a 	jmp	0x1412	; 0x1412 <twi_handleTimeout>
    185a:	10 92 7a 03 	sts	0x037A, r1	; 0x80037a <twi_state>
    185e:	08 95       	ret

00001860 <__vector_24>:

ISR(TWI_vect)
{
    1860:	1f 92       	push	r1
    1862:	0f 92       	push	r0
    1864:	0f b6       	in	r0, 0x3f	; 63
    1866:	0f 92       	push	r0
    1868:	11 24       	eor	r1, r1
    186a:	2f 93       	push	r18
    186c:	3f 93       	push	r19
    186e:	4f 93       	push	r20
    1870:	5f 93       	push	r21
    1872:	6f 93       	push	r22
    1874:	7f 93       	push	r23
    1876:	8f 93       	push	r24
    1878:	9f 93       	push	r25
    187a:	af 93       	push	r26
    187c:	bf 93       	push	r27
    187e:	ef 93       	push	r30
    1880:	ff 93       	push	r31
  switch(TW_STATUS){
    1882:	80 91 b9 00 	lds	r24, 0x00B9	; 0x8000b9 <__TEXT_REGION_LENGTH__+0x7f80b9>
    1886:	88 7f       	andi	r24, 0xF8	; 248
    1888:	80 36       	cpi	r24, 0x60	; 96
    188a:	09 f4       	brne	.+2      	; 0x188e <__vector_24+0x2e>
    188c:	9e c0       	rjmp	.+316    	; 0x19ca <__vector_24+0x16a>
    188e:	78 f5       	brcc	.+94     	; 0x18ee <__vector_24+0x8e>
    1890:	88 32       	cpi	r24, 0x28	; 40
    1892:	09 f4       	brne	.+2      	; 0x1896 <__vector_24+0x36>
    1894:	5d c0       	rjmp	.+186    	; 0x1950 <__vector_24+0xf0>
    1896:	90 f4       	brcc	.+36     	; 0x18bc <__vector_24+0x5c>
    1898:	80 31       	cpi	r24, 0x10	; 16
    189a:	09 f4       	brne	.+2      	; 0x189e <__vector_24+0x3e>
    189c:	56 c0       	rjmp	.+172    	; 0x194a <__vector_24+0xea>
    189e:	38 f4       	brcc	.+14     	; 0x18ae <__vector_24+0x4e>
    18a0:	88 23       	and	r24, r24
    18a2:	09 f4       	brne	.+2      	; 0x18a6 <__vector_24+0x46>
    18a4:	f5 c0       	rjmp	.+490    	; 0x1a90 <__vector_24+0x230>
    18a6:	88 30       	cpi	r24, 0x08	; 8
    18a8:	09 f4       	brne	.+2      	; 0x18ac <__vector_24+0x4c>
    18aa:	4f c0       	rjmp	.+158    	; 0x194a <__vector_24+0xea>
    18ac:	f5 c0       	rjmp	.+490    	; 0x1a98 <__vector_24+0x238>
    18ae:	88 31       	cpi	r24, 0x18	; 24
    18b0:	09 f4       	brne	.+2      	; 0x18b4 <__vector_24+0x54>
    18b2:	4e c0       	rjmp	.+156    	; 0x1950 <__vector_24+0xf0>
    18b4:	80 32       	cpi	r24, 0x20	; 32
    18b6:	09 f4       	brne	.+2      	; 0x18ba <__vector_24+0x5a>
    18b8:	5f c0       	rjmp	.+190    	; 0x1978 <__vector_24+0x118>
    18ba:	ee c0       	rjmp	.+476    	; 0x1a98 <__vector_24+0x238>
    18bc:	80 34       	cpi	r24, 0x40	; 64
    18be:	09 f4       	brne	.+2      	; 0x18c2 <__vector_24+0x62>
    18c0:	6a c0       	rjmp	.+212    	; 0x1996 <__vector_24+0x136>
    18c2:	58 f4       	brcc	.+22     	; 0x18da <__vector_24+0x7a>
    18c4:	80 33       	cpi	r24, 0x30	; 48
    18c6:	09 f4       	brne	.+2      	; 0x18ca <__vector_24+0x6a>
    18c8:	57 c0       	rjmp	.+174    	; 0x1978 <__vector_24+0x118>
    18ca:	88 33       	cpi	r24, 0x38	; 56
    18cc:	09 f0       	breq	.+2      	; 0x18d0 <__vector_24+0x70>
    18ce:	e4 c0       	rjmp	.+456    	; 0x1a98 <__vector_24+0x238>
    case TW_MT_DATA_NACK: // data sent, nack received
      twi_error = TW_MT_DATA_NACK;
      twi_stop();
      break;
    case TW_MT_ARB_LOST: // lost bus arbitration
      twi_error = TW_MT_ARB_LOST;
    18d0:	80 93 07 03 	sts	0x0307, r24	; 0x800307 <twi_error>
      twi_releaseBus();
    18d4:	0e 94 03 0a 	call	0x1406	; 0x1406 <twi_releaseBus>
      break;
    18d8:	df c0       	rjmp	.+446    	; 0x1a98 <__vector_24+0x238>
  return(flag);
}

ISR(TWI_vect)
{
  switch(TW_STATUS){
    18da:	80 35       	cpi	r24, 0x50	; 80
    18dc:	09 f4       	brne	.+2      	; 0x18e0 <__vector_24+0x80>
    18de:	4f c0       	rjmp	.+158    	; 0x197e <__vector_24+0x11e>
    18e0:	88 35       	cpi	r24, 0x58	; 88
    18e2:	09 f4       	brne	.+2      	; 0x18e6 <__vector_24+0x86>
    18e4:	5d c0       	rjmp	.+186    	; 0x19a0 <__vector_24+0x140>
    18e6:	88 34       	cpi	r24, 0x48	; 72
    18e8:	09 f0       	breq	.+2      	; 0x18ec <__vector_24+0x8c>
    18ea:	d6 c0       	rjmp	.+428    	; 0x1a98 <__vector_24+0x238>
    18ec:	d3 c0       	rjmp	.+422    	; 0x1a94 <__vector_24+0x234>
    18ee:	88 39       	cpi	r24, 0x98	; 152
    18f0:	09 f4       	brne	.+2      	; 0x18f4 <__vector_24+0x94>
    18f2:	c4 c0       	rjmp	.+392    	; 0x1a7c <__vector_24+0x21c>
    18f4:	a8 f4       	brcc	.+42     	; 0x1920 <__vector_24+0xc0>
    18f6:	88 37       	cpi	r24, 0x78	; 120
    18f8:	09 f4       	brne	.+2      	; 0x18fc <__vector_24+0x9c>
    18fa:	67 c0       	rjmp	.+206    	; 0x19ca <__vector_24+0x16a>
    18fc:	38 f4       	brcc	.+14     	; 0x190c <__vector_24+0xac>
    18fe:	88 36       	cpi	r24, 0x68	; 104
    1900:	09 f4       	brne	.+2      	; 0x1904 <__vector_24+0xa4>
    1902:	63 c0       	rjmp	.+198    	; 0x19ca <__vector_24+0x16a>
    1904:	80 37       	cpi	r24, 0x70	; 112
    1906:	09 f4       	brne	.+2      	; 0x190a <__vector_24+0xaa>
    1908:	60 c0       	rjmp	.+192    	; 0x19ca <__vector_24+0x16a>
    190a:	c6 c0       	rjmp	.+396    	; 0x1a98 <__vector_24+0x238>
    190c:	88 38       	cpi	r24, 0x88	; 136
    190e:	09 f4       	brne	.+2      	; 0x1912 <__vector_24+0xb2>
    1910:	b5 c0       	rjmp	.+362    	; 0x1a7c <__vector_24+0x21c>
    1912:	80 39       	cpi	r24, 0x90	; 144
    1914:	09 f4       	brne	.+2      	; 0x1918 <__vector_24+0xb8>
    1916:	5f c0       	rjmp	.+190    	; 0x19d6 <__vector_24+0x176>
    1918:	80 38       	cpi	r24, 0x80	; 128
    191a:	09 f0       	breq	.+2      	; 0x191e <__vector_24+0xbe>
    191c:	bd c0       	rjmp	.+378    	; 0x1a98 <__vector_24+0x238>
    191e:	5b c0       	rjmp	.+182    	; 0x19d6 <__vector_24+0x176>
    1920:	80 3b       	cpi	r24, 0xB0	; 176
    1922:	09 f4       	brne	.+2      	; 0x1926 <__vector_24+0xc6>
    1924:	83 c0       	rjmp	.+262    	; 0x1a2c <__vector_24+0x1cc>
    1926:	38 f4       	brcc	.+14     	; 0x1936 <__vector_24+0xd6>
    1928:	80 3a       	cpi	r24, 0xA0	; 160
    192a:	09 f4       	brne	.+2      	; 0x192e <__vector_24+0xce>
    192c:	66 c0       	rjmp	.+204    	; 0x19fa <__vector_24+0x19a>
    192e:	88 3a       	cpi	r24, 0xA8	; 168
    1930:	09 f4       	brne	.+2      	; 0x1934 <__vector_24+0xd4>
    1932:	7c c0       	rjmp	.+248    	; 0x1a2c <__vector_24+0x1cc>
    1934:	b1 c0       	rjmp	.+354    	; 0x1a98 <__vector_24+0x238>
    1936:	80 3c       	cpi	r24, 0xC0	; 192
    1938:	09 f4       	brne	.+2      	; 0x193c <__vector_24+0xdc>
    193a:	a4 c0       	rjmp	.+328    	; 0x1a84 <__vector_24+0x224>
    193c:	88 3c       	cpi	r24, 0xC8	; 200
    193e:	09 f4       	brne	.+2      	; 0x1942 <__vector_24+0xe2>
    1940:	a1 c0       	rjmp	.+322    	; 0x1a84 <__vector_24+0x224>
    1942:	88 3b       	cpi	r24, 0xB8	; 184
    1944:	09 f4       	brne	.+2      	; 0x1948 <__vector_24+0xe8>
    1946:	87 c0       	rjmp	.+270    	; 0x1a56 <__vector_24+0x1f6>
    1948:	a7 c0       	rjmp	.+334    	; 0x1a98 <__vector_24+0x238>
    // All Master
    case TW_START:     // sent start condition
    case TW_REP_START: // sent repeated start condition
      // copy device address and r/w bit to output register and ack
      TWDR = twi_slarw;
    194a:	80 91 79 03 	lds	r24, 0x0379	; 0x800379 <twi_slarw>
    194e:	10 c0       	rjmp	.+32     	; 0x1970 <__vector_24+0x110>

    // Master Transmitter
    case TW_MT_SLA_ACK:  // slave receiver acked address
    case TW_MT_DATA_ACK: // slave receiver acked data
      // if there is data to send, send it, otherwise stop 
      if(twi_masterBufferIndex < twi_masterBufferLength){
    1950:	90 91 4c 03 	lds	r25, 0x034C	; 0x80034c <twi_masterBufferIndex>
    1954:	80 91 4b 03 	lds	r24, 0x034B	; 0x80034b <twi_masterBufferLength>
    1958:	98 17       	cp	r25, r24
    195a:	70 f5       	brcc	.+92     	; 0x19b8 <__vector_24+0x158>
        // copy data to output register and ack
        TWDR = twi_masterBuffer[twi_masterBufferIndex++];
    195c:	e0 91 4c 03 	lds	r30, 0x034C	; 0x80034c <twi_masterBufferIndex>
    1960:	81 e0       	ldi	r24, 0x01	; 1
    1962:	8e 0f       	add	r24, r30
    1964:	80 93 4c 03 	sts	0x034C, r24	; 0x80034c <twi_masterBufferIndex>
    1968:	f0 e0       	ldi	r31, 0x00	; 0
    196a:	e3 5b       	subi	r30, 0xB3	; 179
    196c:	fc 4f       	sbci	r31, 0xFC	; 252
    196e:	80 81       	ld	r24, Z
    1970:	80 93 bb 00 	sts	0x00BB, r24	; 0x8000bb <__TEXT_REGION_LENGTH__+0x7f80bb>
 */
void twi_reply(uint8_t ack)
{
  // transmit master read ready signal, with or without ack
  if(ack){
    TWCR = _BV(TWEN) | _BV(TWIE) | _BV(TWINT) | _BV(TWEA);
    1974:	85 ec       	ldi	r24, 0xC5	; 197
    1976:	83 c0       	rjmp	.+262    	; 0x1a7e <__vector_24+0x21e>
    case TW_MT_SLA_NACK:  // address sent, nack received
      twi_error = TW_MT_SLA_NACK;
      twi_stop();
      break;
    case TW_MT_DATA_NACK: // data sent, nack received
      twi_error = TW_MT_DATA_NACK;
    1978:	80 93 07 03 	sts	0x0307, r24	; 0x800307 <twi_error>
    197c:	8b c0       	rjmp	.+278    	; 0x1a94 <__vector_24+0x234>
      break;

    // Master Receiver
    case TW_MR_DATA_ACK: // data received, ack sent
      // put byte into buffer
      twi_masterBuffer[twi_masterBufferIndex++] = TWDR;
    197e:	e0 91 4c 03 	lds	r30, 0x034C	; 0x80034c <twi_masterBufferIndex>
    1982:	81 e0       	ldi	r24, 0x01	; 1
    1984:	8e 0f       	add	r24, r30
    1986:	80 93 4c 03 	sts	0x034C, r24	; 0x80034c <twi_masterBufferIndex>
    198a:	80 91 bb 00 	lds	r24, 0x00BB	; 0x8000bb <__TEXT_REGION_LENGTH__+0x7f80bb>
    198e:	f0 e0       	ldi	r31, 0x00	; 0
    1990:	e3 5b       	subi	r30, 0xB3	; 179
    1992:	fc 4f       	sbci	r31, 0xFC	; 252
    1994:	80 83       	st	Z, r24
      __attribute__ ((fallthrough));
    case TW_MR_SLA_ACK:  // address sent, ack received
      // ack if more bytes are expected, otherwise nack
      if(twi_masterBufferIndex < twi_masterBufferLength){
    1996:	90 91 4c 03 	lds	r25, 0x034C	; 0x80034c <twi_masterBufferIndex>
    199a:	80 91 4b 03 	lds	r24, 0x034B	; 0x80034b <twi_masterBufferLength>
    199e:	6b c0       	rjmp	.+214    	; 0x1a76 <__vector_24+0x216>
        twi_reply(0);
      }
      break;
    case TW_MR_DATA_NACK: // data received, nack sent
      // put final byte into buffer
      twi_masterBuffer[twi_masterBufferIndex++] = TWDR;
    19a0:	e0 91 4c 03 	lds	r30, 0x034C	; 0x80034c <twi_masterBufferIndex>
    19a4:	81 e0       	ldi	r24, 0x01	; 1
    19a6:	8e 0f       	add	r24, r30
    19a8:	80 93 4c 03 	sts	0x034C, r24	; 0x80034c <twi_masterBufferIndex>
    19ac:	80 91 bb 00 	lds	r24, 0x00BB	; 0x8000bb <__TEXT_REGION_LENGTH__+0x7f80bb>
    19b0:	f0 e0       	ldi	r31, 0x00	; 0
    19b2:	e3 5b       	subi	r30, 0xB3	; 179
    19b4:	fc 4f       	sbci	r31, 0xFC	; 252
    19b6:	80 83       	st	Z, r24
      if (twi_sendStop){
    19b8:	80 91 78 03 	lds	r24, 0x0378	; 0x800378 <twi_sendStop>
    19bc:	81 11       	cpse	r24, r1
    19be:	6a c0       	rjmp	.+212    	; 0x1a94 <__vector_24+0x234>
        twi_stop();
      } else {
        twi_inRepStart = true;	// we're gonna send the START
    19c0:	81 e0       	ldi	r24, 0x01	; 1
    19c2:	80 93 77 03 	sts	0x0377, r24	; 0x800377 <twi_inRepStart>
        // don't enable the interrupt. We'll generate the start, but we
        // avoid handling the interrupt until we're in the next transaction,
        // at the point where we would normally issue the start.
        TWCR = _BV(TWINT) | _BV(TWSTA)| _BV(TWEN) ;
    19c6:	84 ea       	ldi	r24, 0xA4	; 164
    19c8:	5e c0       	rjmp	.+188    	; 0x1a86 <__vector_24+0x226>
    case TW_SR_SLA_ACK:   // addressed, returned ack
    case TW_SR_GCALL_ACK: // addressed generally, returned ack
    case TW_SR_ARB_LOST_SLA_ACK:   // lost arbitration, returned ack
    case TW_SR_ARB_LOST_GCALL_ACK: // lost arbitration, returned ack
      // enter slave receiver mode
      twi_state = TWI_SRX;
    19ca:	83 e0       	ldi	r24, 0x03	; 3
    19cc:	80 93 7a 03 	sts	0x037A, r24	; 0x80037a <twi_state>
      // indicate that rx buffer can be overwritten and ack
      twi_rxBufferIndex = 0;
    19d0:	10 92 08 03 	sts	0x0308, r1	; 0x800308 <twi_rxBufferIndex>
    19d4:	cf cf       	rjmp	.-98     	; 0x1974 <__vector_24+0x114>
      twi_reply(1);
      break;
    case TW_SR_DATA_ACK:       // data received, returned ack
    case TW_SR_GCALL_DATA_ACK: // data received generally, returned ack
      // if there is still room in the rx buffer
      if(twi_rxBufferIndex < TWI_BUFFER_LENGTH){
    19d6:	80 91 08 03 	lds	r24, 0x0308	; 0x800308 <twi_rxBufferIndex>
    19da:	80 32       	cpi	r24, 0x20	; 32
    19dc:	08 f0       	brcs	.+2      	; 0x19e0 <__vector_24+0x180>
    19de:	4e c0       	rjmp	.+156    	; 0x1a7c <__vector_24+0x21c>
        // put byte in buffer and ack
        twi_rxBuffer[twi_rxBufferIndex++] = TWDR;
    19e0:	e0 91 08 03 	lds	r30, 0x0308	; 0x800308 <twi_rxBufferIndex>
    19e4:	81 e0       	ldi	r24, 0x01	; 1
    19e6:	8e 0f       	add	r24, r30
    19e8:	80 93 08 03 	sts	0x0308, r24	; 0x800308 <twi_rxBufferIndex>
    19ec:	80 91 bb 00 	lds	r24, 0x00BB	; 0x8000bb <__TEXT_REGION_LENGTH__+0x7f80bb>
    19f0:	f0 e0       	ldi	r31, 0x00	; 0
    19f2:	e7 5f       	subi	r30, 0xF7	; 247
    19f4:	fc 4f       	sbci	r31, 0xFC	; 252
    19f6:	80 83       	st	Z, r24
    19f8:	bd cf       	rjmp	.-134    	; 0x1974 <__vector_24+0x114>
        twi_reply(0);
      }
      break;
    case TW_SR_STOP: // stop or repeated start condition received
      // ack future responses and leave slave receiver state
      twi_releaseBus();
    19fa:	0e 94 03 0a 	call	0x1406	; 0x1406 <twi_releaseBus>
      // put a null char after data if there's room
      if(twi_rxBufferIndex < TWI_BUFFER_LENGTH){
    19fe:	80 91 08 03 	lds	r24, 0x0308	; 0x800308 <twi_rxBufferIndex>
    1a02:	80 32       	cpi	r24, 0x20	; 32
    1a04:	30 f4       	brcc	.+12     	; 0x1a12 <__vector_24+0x1b2>
        twi_rxBuffer[twi_rxBufferIndex] = '\0';
    1a06:	e0 91 08 03 	lds	r30, 0x0308	; 0x800308 <twi_rxBufferIndex>
    1a0a:	f0 e0       	ldi	r31, 0x00	; 0
    1a0c:	e7 5f       	subi	r30, 0xF7	; 247
    1a0e:	fc 4f       	sbci	r31, 0xFC	; 252
    1a10:	10 82       	st	Z, r1
      }
      // callback to user defined callback
      twi_onSlaveReceive(twi_rxBuffer, twi_rxBufferIndex);
    1a12:	60 91 08 03 	lds	r22, 0x0308	; 0x800308 <twi_rxBufferIndex>
    1a16:	70 e0       	ldi	r23, 0x00	; 0
    1a18:	e0 91 6d 03 	lds	r30, 0x036D	; 0x80036d <twi_onSlaveReceive>
    1a1c:	f0 91 6e 03 	lds	r31, 0x036E	; 0x80036e <twi_onSlaveReceive+0x1>
    1a20:	89 e0       	ldi	r24, 0x09	; 9
    1a22:	93 e0       	ldi	r25, 0x03	; 3
    1a24:	09 95       	icall
      // since we submit rx buffer to "wire" library, we can reset it
      twi_rxBufferIndex = 0;
    1a26:	10 92 08 03 	sts	0x0308, r1	; 0x800308 <twi_rxBufferIndex>
      break;
    1a2a:	36 c0       	rjmp	.+108    	; 0x1a98 <__vector_24+0x238>
    
    // Slave Transmitter
    case TW_ST_SLA_ACK:          // addressed, returned ack
    case TW_ST_ARB_LOST_SLA_ACK: // arbitration lost, returned ack
      // enter slave transmitter mode
      twi_state = TWI_STX;
    1a2c:	84 e0       	ldi	r24, 0x04	; 4
    1a2e:	80 93 7a 03 	sts	0x037A, r24	; 0x80037a <twi_state>
      // ready the tx buffer index for iteration
      twi_txBufferIndex = 0;
    1a32:	10 92 2a 03 	sts	0x032A, r1	; 0x80032a <twi_txBufferIndex>
      // set tx buffer length to be zero, to verify if user changes it
      twi_txBufferLength = 0;
    1a36:	10 92 29 03 	sts	0x0329, r1	; 0x800329 <twi_txBufferLength>
      // request for txBuffer to be filled and length to be set
      // note: user must call twi_transmit(bytes, length) to do this
      twi_onSlaveTransmit();
    1a3a:	e0 91 6f 03 	lds	r30, 0x036F	; 0x80036f <twi_onSlaveTransmit>
    1a3e:	f0 91 70 03 	lds	r31, 0x0370	; 0x800370 <twi_onSlaveTransmit+0x1>
    1a42:	09 95       	icall
      // if they didn't change buffer & length, initialize it
      if(0 == twi_txBufferLength){
    1a44:	80 91 29 03 	lds	r24, 0x0329	; 0x800329 <twi_txBufferLength>
    1a48:	81 11       	cpse	r24, r1
    1a4a:	05 c0       	rjmp	.+10     	; 0x1a56 <__vector_24+0x1f6>
        twi_txBufferLength = 1;
    1a4c:	81 e0       	ldi	r24, 0x01	; 1
    1a4e:	80 93 29 03 	sts	0x0329, r24	; 0x800329 <twi_txBufferLength>
        twi_txBuffer[0] = 0x00;
    1a52:	10 92 2b 03 	sts	0x032B, r1	; 0x80032b <twi_txBuffer>
      }
      __attribute__ ((fallthrough));		  
      // transmit first byte from buffer, fall
    case TW_ST_DATA_ACK: // byte sent, ack returned
      // copy data to output register
      TWDR = twi_txBuffer[twi_txBufferIndex++];
    1a56:	e0 91 2a 03 	lds	r30, 0x032A	; 0x80032a <twi_txBufferIndex>
    1a5a:	81 e0       	ldi	r24, 0x01	; 1
    1a5c:	8e 0f       	add	r24, r30
    1a5e:	80 93 2a 03 	sts	0x032A, r24	; 0x80032a <twi_txBufferIndex>
    1a62:	f0 e0       	ldi	r31, 0x00	; 0
    1a64:	e5 5d       	subi	r30, 0xD5	; 213
    1a66:	fc 4f       	sbci	r31, 0xFC	; 252
    1a68:	80 81       	ld	r24, Z
    1a6a:	80 93 bb 00 	sts	0x00BB, r24	; 0x8000bb <__TEXT_REGION_LENGTH__+0x7f80bb>
      // if there is more to send, ack, otherwise nack
      if(twi_txBufferIndex < twi_txBufferLength){
    1a6e:	90 91 2a 03 	lds	r25, 0x032A	; 0x80032a <twi_txBufferIndex>
    1a72:	80 91 29 03 	lds	r24, 0x0329	; 0x800329 <twi_txBufferLength>
    1a76:	98 17       	cp	r25, r24
    1a78:	08 f4       	brcc	.+2      	; 0x1a7c <__vector_24+0x21c>
    1a7a:	7c cf       	rjmp	.-264    	; 0x1974 <__vector_24+0x114>
{
  // transmit master read ready signal, with or without ack
  if(ack){
    TWCR = _BV(TWEN) | _BV(TWIE) | _BV(TWINT) | _BV(TWEA);
  }else{
    TWCR = _BV(TWEN) | _BV(TWIE) | _BV(TWINT);
    1a7c:	85 e8       	ldi	r24, 0x85	; 133
    1a7e:	80 93 bc 00 	sts	0x00BC, r24	; 0x8000bc <__TEXT_REGION_LENGTH__+0x7f80bc>
    1a82:	0a c0       	rjmp	.+20     	; 0x1a98 <__vector_24+0x238>
 */
void twi_reply(uint8_t ack)
{
  // transmit master read ready signal, with or without ack
  if(ack){
    TWCR = _BV(TWEN) | _BV(TWIE) | _BV(TWINT) | _BV(TWEA);
    1a84:	85 ec       	ldi	r24, 0xC5	; 197
    1a86:	80 93 bc 00 	sts	0x00BC, r24	; 0x8000bc <__TEXT_REGION_LENGTH__+0x7f80bc>
    case TW_ST_DATA_NACK: // received nack, we are done 
    case TW_ST_LAST_DATA: // received ack, but we are done already!
      // ack future responses
      twi_reply(1);
      // leave slave receiver state
      twi_state = TWI_READY;
    1a8a:	10 92 7a 03 	sts	0x037A, r1	; 0x80037a <twi_state>
      break;
    1a8e:	04 c0       	rjmp	.+8      	; 0x1a98 <__vector_24+0x238>

    // All
    case TW_NO_INFO:   // no state information
      break;
    case TW_BUS_ERROR: // bus error, illegal stop/start
      twi_error = TW_BUS_ERROR;
    1a90:	10 92 07 03 	sts	0x0307, r1	; 0x800307 <twi_error>
      twi_stop();
    1a94:	0e 94 f8 0b 	call	0x17f0	; 0x17f0 <twi_stop>
      break;
  }
}
    1a98:	ff 91       	pop	r31
    1a9a:	ef 91       	pop	r30
    1a9c:	bf 91       	pop	r27
    1a9e:	af 91       	pop	r26
    1aa0:	9f 91       	pop	r25
    1aa2:	8f 91       	pop	r24
    1aa4:	7f 91       	pop	r23
    1aa6:	6f 91       	pop	r22
    1aa8:	5f 91       	pop	r21
    1aaa:	4f 91       	pop	r20
    1aac:	3f 91       	pop	r19
    1aae:	2f 91       	pop	r18
    1ab0:	0f 90       	pop	r0
    1ab2:	0f be       	out	0x3f, r0	; 63
    1ab4:	0f 90       	pop	r0
    1ab6:	1f 90       	pop	r1
    1ab8:	18 95       	reti

00001aba <__udivmodsi4>:
    1aba:	a1 e2       	ldi	r26, 0x21	; 33
    1abc:	1a 2e       	mov	r1, r26
    1abe:	aa 1b       	sub	r26, r26
    1ac0:	bb 1b       	sub	r27, r27
    1ac2:	fd 01       	movw	r30, r26
    1ac4:	0d c0       	rjmp	.+26     	; 0x1ae0 <__udivmodsi4_ep>

00001ac6 <__udivmodsi4_loop>:
    1ac6:	aa 1f       	adc	r26, r26
    1ac8:	bb 1f       	adc	r27, r27
    1aca:	ee 1f       	adc	r30, r30
    1acc:	ff 1f       	adc	r31, r31
    1ace:	a2 17       	cp	r26, r18
    1ad0:	b3 07       	cpc	r27, r19
    1ad2:	e4 07       	cpc	r30, r20
    1ad4:	f5 07       	cpc	r31, r21
    1ad6:	20 f0       	brcs	.+8      	; 0x1ae0 <__udivmodsi4_ep>
    1ad8:	a2 1b       	sub	r26, r18
    1ada:	b3 0b       	sbc	r27, r19
    1adc:	e4 0b       	sbc	r30, r20
    1ade:	f5 0b       	sbc	r31, r21

00001ae0 <__udivmodsi4_ep>:
    1ae0:	66 1f       	adc	r22, r22
    1ae2:	77 1f       	adc	r23, r23
    1ae4:	88 1f       	adc	r24, r24
    1ae6:	99 1f       	adc	r25, r25
    1ae8:	1a 94       	dec	r1
    1aea:	69 f7       	brne	.-38     	; 0x1ac6 <__udivmodsi4_loop>
    1aec:	60 95       	com	r22
    1aee:	70 95       	com	r23
    1af0:	80 95       	com	r24
    1af2:	90 95       	com	r25
    1af4:	9b 01       	movw	r18, r22
    1af6:	ac 01       	movw	r20, r24
    1af8:	bd 01       	movw	r22, r26
    1afa:	cf 01       	movw	r24, r30
    1afc:	08 95       	ret

00001afe <__tablejump2__>:
    1afe:	ee 0f       	add	r30, r30
    1b00:	ff 1f       	adc	r31, r31
    1b02:	05 90       	lpm	r0, Z+
    1b04:	f4 91       	lpm	r31, Z
    1b06:	e0 2d       	mov	r30, r0
    1b08:	09 94       	ijmp

00001b0a <memcpy_P>:
    1b0a:	fb 01       	movw	r30, r22
    1b0c:	dc 01       	movw	r26, r24
    1b0e:	02 c0       	rjmp	.+4      	; 0x1b14 <memcpy_P+0xa>
    1b10:	05 90       	lpm	r0, Z+
    1b12:	0d 92       	st	X+, r0
    1b14:	41 50       	subi	r20, 0x01	; 1
    1b16:	50 40       	sbci	r21, 0x00	; 0
    1b18:	d8 f7       	brcc	.-10     	; 0x1b10 <memcpy_P+0x6>
    1b1a:	08 95       	ret

00001b1c <_exit>:
    1b1c:	f8 94       	cli

00001b1e <__stop_program>:
    1b1e:	ff cf       	rjmp	.-2      	; 0x1b1e <__stop_program>
