
Arduino_Si4735.elf:     file format elf32-avr

Sections:
Idx Name          Size      VMA       LMA       File off  Algn
  0 .data         00000316  00800100  00007878  0000790c  2**0
                  CONTENTS, ALLOC, LOAD, DATA
  1 .text         00007878  00000000  00000000  00000094  2**1
                  CONTENTS, ALLOC, LOAD, READONLY, CODE
  2 .bss          00000387  00800416  00800416  00007c22  2**0
                  ALLOC
  3 .comment      0000005c  00000000  00000000  00007c22  2**0
                  CONTENTS, READONLY
  4 .note.gnu.avr.deviceinfo 0000003c  00000000  00000000  00007c80  2**2
                  CONTENTS, READONLY
  5 .debug_aranges 000008d0  00000000  00000000  00007cc0  2**3
                  CONTENTS, READONLY, DEBUGGING
  6 .debug_info   0001b6a9  00000000  00000000  00008590  2**0
                  CONTENTS, READONLY, DEBUGGING
  7 .debug_abbrev 000025ad  00000000  00000000  00023c39  2**0
                  CONTENTS, READONLY, DEBUGGING
  8 .debug_line   00007b4e  00000000  00000000  000261e6  2**0
                  CONTENTS, READONLY, DEBUGGING
  9 .debug_frame  00001f68  00000000  00000000  0002dd34  2**2
                  CONTENTS, READONLY, DEBUGGING
 10 .debug_str    00006ea3  00000000  00000000  0002fc9c  2**0
                  CONTENTS, READONLY, DEBUGGING
 11 .debug_loc    0000b9a3  00000000  00000000  00036b3f  2**0
                  CONTENTS, READONLY, DEBUGGING
 12 .debug_ranges 00000a38  00000000  00000000  000424e2  2**0
                  CONTENTS, READONLY, DEBUGGING

Disassembly of section .text:

00000000 <__vectors>:
       0:	0c 94 c9 00 	jmp	0x192	; 0x192 <__ctors_end>
       4:	0c 94 f1 00 	jmp	0x1e2	; 0x1e2 <__bad_interrupt>
       8:	0c 94 f1 00 	jmp	0x1e2	; 0x1e2 <__bad_interrupt>
       c:	0c 94 f1 00 	jmp	0x1e2	; 0x1e2 <__bad_interrupt>
      10:	0c 94 f1 00 	jmp	0x1e2	; 0x1e2 <__bad_interrupt>
      14:	0c 94 f1 00 	jmp	0x1e2	; 0x1e2 <__bad_interrupt>
      18:	0c 94 f1 00 	jmp	0x1e2	; 0x1e2 <__bad_interrupt>
      1c:	0c 94 f1 00 	jmp	0x1e2	; 0x1e2 <__bad_interrupt>
      20:	0c 94 f1 00 	jmp	0x1e2	; 0x1e2 <__bad_interrupt>
      24:	0c 94 45 0e 	jmp	0x1c8a	; 0x1c8a <__vector_9>
      28:	0c 94 f1 00 	jmp	0x1e2	; 0x1e2 <__bad_interrupt>
      2c:	0c 94 e3 0e 	jmp	0x1dc6	; 0x1dc6 <__vector_11>
      30:	0c 94 f1 00 	jmp	0x1e2	; 0x1e2 <__bad_interrupt>
      34:	0c 94 f1 00 	jmp	0x1e2	; 0x1e2 <__bad_interrupt>
      38:	0c 94 f1 00 	jmp	0x1e2	; 0x1e2 <__bad_interrupt>
      3c:	0c 94 f1 00 	jmp	0x1e2	; 0x1e2 <__bad_interrupt>
      40:	0c 94 25 28 	jmp	0x504a	; 0x504a <__vector_16>
      44:	0c 94 f1 00 	jmp	0x1e2	; 0x1e2 <__bad_interrupt>
      48:	0c 94 f1 00 	jmp	0x1e2	; 0x1e2 <__bad_interrupt>
      4c:	0c 94 f1 00 	jmp	0x1e2	; 0x1e2 <__bad_interrupt>
      50:	0c 94 f1 00 	jmp	0x1e2	; 0x1e2 <__bad_interrupt>
      54:	0c 94 f1 00 	jmp	0x1e2	; 0x1e2 <__bad_interrupt>
      58:	0c 94 f1 00 	jmp	0x1e2	; 0x1e2 <__bad_interrupt>
      5c:	0c 94 f1 00 	jmp	0x1e2	; 0x1e2 <__bad_interrupt>
      60:	0c 94 3a 37 	jmp	0x6e74	; 0x6e74 <__vector_24>
      64:	0c 94 f1 00 	jmp	0x1e2	; 0x1e2 <__bad_interrupt>

00000068 <__trampolines_end>:
      68:	17 03       	mulsu	r17, r23
      6a:	06 03       	mulsu	r16, r22
      6c:	06 00       	.word	0x0006	; ????
      6e:	00 00       	nop
      70:	00 00       	nop
      72:	09 09       	sbc	r16, r9
      74:	11 16       	cp	r1, r17
      76:	00 00       	nop
      78:	03 0f       	Address 0x00000078 is out of bounds.
.word	0xffff	; ????

00000079 <_ZL13grundig_param>:
      79:	0f 06 0a 06 0a 00 00 00 00 00 00 01 0b 11 00 01     ................
      89:	03                                                  .

0000008a <_ZL9rc6_param>:
      8a:	09 05 0c 05 09 00 00 00 00 05 0d 0d 15 15 00 00     ................
      9a:	03                                                  .

0000009b <_ZL11denon_param>:
      9b:	08 03 07 17 1e 03 07 09 0d 00 05 05 0f 0f 01 00     ................
	...

000000ac <_ZL9rc5_param>:
      ac:	07 0b 10 0b 10 00 00 00 00 01 07 07 0d 0d 00 00     ................
      bc:	01                                                  .

000000bd <_ZL14kaseikyo_param>:
      bd:	05 03 0a 0e 18 03 0a 04 09 00 10 1c 28 30 01 01     ............(0..
	...

000000ce <_ZL16matsushita_param>:
      ce:	04 07 13 17 38 07 13 07 13 0c 18 00 0c 18 01 01     ....8...........
	...

000000df <_ZL13samsung_param>:
      df:	03 05 0c 0f 1e 05 0c 04 0b 00 10 15 25 25 01 01     ............%%..
	...

000000f0 <_ZL11nec42_param>:
      f0:	1c 05 0c 11 22 05 0c 05 0c 00 0d 1a 22 2a 01 01     ...."......."*..
	...

00000101 <_ZL13nec_rep_param>:
     101:	02 05 0c 11 22 05 0c 05 0c 00 00 00 00 00 01 01     ...."...........
	...

00000112 <_ZL9nec_param>:
     112:	02 05 0c 11 22 05 0c 05 0c 00 10 10 20 20 01 01     ....".......  ..
	...

00000123 <_ZL11sircs_param>:
     123:	01 0f 15 07 0b 07 0b 07 0b 0f 14 00 0f 14 00 01     ................
	...

00000134 <digital_pin_to_timer_PGM>:
     134:	00 00 00 08 00 02 01 00 00 03 04 07 00 00 00 00     ................
     144:	00 00 00 00                                         ....

00000148 <digital_pin_to_bit_mask_PGM>:
     148:	01 02 04 08 10 20 40 80 01 02 04 08 10 20 01 02     ..... @...... ..
     158:	04 08 10 20                                         ... 

0000015c <digital_pin_to_port_PGM>:
     15c:	04 04 04 04 04 04 04 04 02 02 02 02 02 02 03 03     ................
     16c:	03 03 03 03                                         ....

00000170 <port_to_input_PGM>:
     170:	00 00 00 00 23 00 26 00 29 00                       ....#.&.).

0000017a <port_to_output_PGM>:
     17a:	00 00 00 00 25 00 28 00 2b 00                       ....%.(.+.

00000184 <port_to_mode_PGM>:
     184:	00 00 00 00 24 00 27 00 2a 00                       ....$.'.*.

0000018e <__ctors_start>:
     18e:	07 0f       	add	r16, r23
     190:	97 34       	cpi	r25, 0x47	; 71

00000192 <__ctors_end>:
     192:	11 24       	eor	r1, r1
     194:	1f be       	out	0x3f, r1	; 63
     196:	cf ef       	ldi	r28, 0xFF	; 255
     198:	d8 e0       	ldi	r29, 0x08	; 8
     19a:	de bf       	out	0x3e, r29	; 62
     19c:	cd bf       	out	0x3d, r28	; 61

0000019e <__do_copy_data>:
     19e:	14 e0       	ldi	r17, 0x04	; 4
     1a0:	a0 e0       	ldi	r26, 0x00	; 0
     1a2:	b1 e0       	ldi	r27, 0x01	; 1
     1a4:	e8 e7       	ldi	r30, 0x78	; 120
     1a6:	f8 e7       	ldi	r31, 0x78	; 120
     1a8:	02 c0       	rjmp	.+4      	; 0x1ae <__do_copy_data+0x10>
     1aa:	05 90       	lpm	r0, Z+
     1ac:	0d 92       	st	X+, r0
     1ae:	a6 31       	cpi	r26, 0x16	; 22
     1b0:	b1 07       	cpc	r27, r17
     1b2:	d9 f7       	brne	.-10     	; 0x1aa <__do_copy_data+0xc>

000001b4 <__do_clear_bss>:
     1b4:	27 e0       	ldi	r18, 0x07	; 7
     1b6:	a6 e1       	ldi	r26, 0x16	; 22
     1b8:	b4 e0       	ldi	r27, 0x04	; 4
     1ba:	01 c0       	rjmp	.+2      	; 0x1be <.do_clear_bss_start>

000001bc <.do_clear_bss_loop>:
     1bc:	1d 92       	st	X+, r1

000001be <.do_clear_bss_start>:
     1be:	ad 39       	cpi	r26, 0x9D	; 157
     1c0:	b2 07       	cpc	r27, r18
     1c2:	e1 f7       	brne	.-8      	; 0x1bc <.do_clear_bss_loop>

000001c4 <__do_global_ctors>:
     1c4:	10 e0       	ldi	r17, 0x00	; 0
     1c6:	c9 ec       	ldi	r28, 0xC9	; 201
     1c8:	d0 e0       	ldi	r29, 0x00	; 0
     1ca:	04 c0       	rjmp	.+8      	; 0x1d4 <__do_global_ctors+0x10>
     1cc:	21 97       	sbiw	r28, 0x01	; 1
     1ce:	fe 01       	movw	r30, r28
     1d0:	0e 94 d8 38 	call	0x71b0	; 0x71b0 <__tablejump2__>
     1d4:	c7 3c       	cpi	r28, 0xC7	; 199
     1d6:	d1 07       	cpc	r29, r17
     1d8:	c9 f7       	brne	.-14     	; 0x1cc <__do_global_ctors+0x8>
     1da:	0e 94 c1 27 	call	0x4f82	; 0x4f82 <main>
     1de:	0c 94 3a 3c 	jmp	0x7874	; 0x7874 <_exit>

000001e2 <__bad_interrupt>:
     1e2:	0c 94 00 00 	jmp	0	; 0x0 <__vectors>

000001e6 <_ZL14irmp_store_bith>:
     1e6:	90 91 4c 04 	lds	r25, 0x044C	; 0x80044c <_ZL8irmp_bit>
     1ea:	40 91 3b 04 	lds	r20, 0x043B	; 0x80043b <_ZL10irmp_param>
     1ee:	91 11       	cpse	r25, r1
     1f0:	05 c0       	rjmp	.+10     	; 0x1fc <_ZL14irmp_store_bith+0x16>
     1f2:	4f 30       	cpi	r20, 0x0F	; 15
     1f4:	19 f4       	brne	.+6      	; 0x1fc <_ZL14irmp_store_bith+0x16>
     1f6:	80 93 4d 04 	sts	0x044D, r24	; 0x80044d <_ZL9first_bit>
     1fa:	c1 c0       	rjmp	.+386    	; 0x37e <_ZL14irmp_store_bith+0x198>
     1fc:	50 91 44 04 	lds	r21, 0x0444	; 0x800444 <_ZL10irmp_param+0x9>
     200:	95 17       	cp	r25, r21
     202:	f8 f0       	brcs	.+62     	; 0x242 <_ZL14irmp_store_bith+0x5c>
     204:	20 91 45 04 	lds	r18, 0x0445	; 0x800445 <_ZL10irmp_param+0xa>
     208:	92 17       	cp	r25, r18
     20a:	d8 f4       	brcc	.+54     	; 0x242 <_ZL14irmp_store_bith+0x5c>
     20c:	e0 91 4a 04 	lds	r30, 0x044A	; 0x80044a <_ZL10irmp_param+0xf>
     210:	28 2f       	mov	r18, r24
     212:	30 e0       	ldi	r19, 0x00	; 0
     214:	60 91 30 04 	lds	r22, 0x0430	; 0x800430 <_ZL16irmp_tmp_address>
     218:	70 91 31 04 	lds	r23, 0x0431	; 0x800431 <_ZL16irmp_tmp_address+0x1>
     21c:	ee 23       	and	r30, r30
     21e:	41 f0       	breq	.+16     	; 0x230 <_ZL14irmp_store_bith+0x4a>
     220:	e9 2f       	mov	r30, r25
     222:	e5 1b       	sub	r30, r21
     224:	02 c0       	rjmp	.+4      	; 0x22a <_ZL14irmp_store_bith+0x44>
     226:	22 0f       	add	r18, r18
     228:	33 1f       	adc	r19, r19
     22a:	ea 95       	dec	r30
     22c:	e2 f7       	brpl	.-8      	; 0x226 <_ZL14irmp_store_bith+0x40>
     22e:	02 c0       	rjmp	.+4      	; 0x234 <_ZL14irmp_store_bith+0x4e>
     230:	66 0f       	add	r22, r22
     232:	77 1f       	adc	r23, r23
     234:	26 2b       	or	r18, r22
     236:	37 2b       	or	r19, r23
     238:	30 93 31 04 	sts	0x0431, r19	; 0x800431 <_ZL16irmp_tmp_address+0x1>
     23c:	20 93 30 04 	sts	0x0430, r18	; 0x800430 <_ZL16irmp_tmp_address>
     240:	22 c0       	rjmp	.+68     	; 0x286 <_ZL14irmp_store_bith+0xa0>
     242:	50 91 46 04 	lds	r21, 0x0446	; 0x800446 <_ZL10irmp_param+0xb>
     246:	95 17       	cp	r25, r21
     248:	f0 f0       	brcs	.+60     	; 0x286 <_ZL14irmp_store_bith+0xa0>
     24a:	20 91 47 04 	lds	r18, 0x0447	; 0x800447 <_ZL10irmp_param+0xc>
     24e:	92 17       	cp	r25, r18
     250:	d0 f4       	brcc	.+52     	; 0x286 <_ZL14irmp_store_bith+0xa0>
     252:	e0 91 4a 04 	lds	r30, 0x044A	; 0x80044a <_ZL10irmp_param+0xf>
     256:	28 2f       	mov	r18, r24
     258:	30 e0       	ldi	r19, 0x00	; 0
     25a:	60 91 2e 04 	lds	r22, 0x042E	; 0x80042e <_ZL16irmp_tmp_command>
     25e:	70 91 2f 04 	lds	r23, 0x042F	; 0x80042f <_ZL16irmp_tmp_command+0x1>
     262:	ee 23       	and	r30, r30
     264:	41 f0       	breq	.+16     	; 0x276 <_ZL14irmp_store_bith+0x90>
     266:	e9 2f       	mov	r30, r25
     268:	e5 1b       	sub	r30, r21
     26a:	02 c0       	rjmp	.+4      	; 0x270 <_ZL14irmp_store_bith+0x8a>
     26c:	22 0f       	add	r18, r18
     26e:	33 1f       	adc	r19, r19
     270:	ea 95       	dec	r30
     272:	e2 f7       	brpl	.-8      	; 0x26c <_ZL14irmp_store_bith+0x86>
     274:	02 c0       	rjmp	.+4      	; 0x27a <_ZL14irmp_store_bith+0x94>
     276:	66 0f       	add	r22, r22
     278:	77 1f       	adc	r23, r23
     27a:	26 2b       	or	r18, r22
     27c:	37 2b       	or	r19, r23
     27e:	30 93 2f 04 	sts	0x042F, r19	; 0x80042f <_ZL16irmp_tmp_command+0x1>
     282:	20 93 2e 04 	sts	0x042E, r18	; 0x80042e <_ZL16irmp_tmp_command>
     286:	4c 31       	cpi	r20, 0x1C	; 28
     288:	c9 f4       	brne	.+50     	; 0x2bc <_ZL14irmp_store_bith+0xd6>
     28a:	23 ef       	ldi	r18, 0xF3	; 243
     28c:	29 0f       	add	r18, r25
     28e:	2d 30       	cpi	r18, 0x0D	; 13
     290:	08 f0       	brcs	.+2      	; 0x294 <_ZL14irmp_store_bith+0xae>
     292:	75 c0       	rjmp	.+234    	; 0x37e <_ZL14irmp_store_bith+0x198>
     294:	28 2f       	mov	r18, r24
     296:	30 e0       	ldi	r19, 0x00	; 0
     298:	83 ef       	ldi	r24, 0xF3	; 243
     29a:	89 0f       	add	r24, r25
     29c:	02 c0       	rjmp	.+4      	; 0x2a2 <_ZL14irmp_store_bith+0xbc>
     29e:	22 0f       	add	r18, r18
     2a0:	33 1f       	adc	r19, r19
     2a2:	8a 95       	dec	r24
     2a4:	e2 f7       	brpl	.-8      	; 0x29e <_ZL14irmp_store_bith+0xb8>
     2a6:	40 91 2c 04 	lds	r20, 0x042C	; 0x80042c <_ZL17irmp_tmp_address2>
     2aa:	50 91 2d 04 	lds	r21, 0x042D	; 0x80042d <_ZL17irmp_tmp_address2+0x1>
     2ae:	24 2b       	or	r18, r20
     2b0:	35 2b       	or	r19, r21
     2b2:	30 93 2d 04 	sts	0x042D, r19	; 0x80042d <_ZL17irmp_tmp_address2+0x1>
     2b6:	20 93 2c 04 	sts	0x042C, r18	; 0x80042c <_ZL17irmp_tmp_address2>
     2ba:	61 c0       	rjmp	.+194    	; 0x37e <_ZL14irmp_store_bith+0x198>
     2bc:	43 30       	cpi	r20, 0x03	; 3
     2be:	c9 f4       	brne	.+50     	; 0x2f2 <_ZL14irmp_store_bith+0x10c>
     2c0:	2f ee       	ldi	r18, 0xEF	; 239
     2c2:	29 0f       	add	r18, r25
     2c4:	24 30       	cpi	r18, 0x04	; 4
     2c6:	08 f0       	brcs	.+2      	; 0x2ca <_ZL14irmp_store_bith+0xe4>
     2c8:	5a c0       	rjmp	.+180    	; 0x37e <_ZL14irmp_store_bith+0x198>
     2ca:	28 2f       	mov	r18, r24
     2cc:	30 e0       	ldi	r19, 0x00	; 0
     2ce:	8f ee       	ldi	r24, 0xEF	; 239
     2d0:	89 0f       	add	r24, r25
     2d2:	02 c0       	rjmp	.+4      	; 0x2d8 <_ZL14irmp_store_bith+0xf2>
     2d4:	22 0f       	add	r18, r18
     2d6:	33 1f       	adc	r19, r19
     2d8:	8a 95       	dec	r24
     2da:	e2 f7       	brpl	.-8      	; 0x2d4 <_ZL14irmp_store_bith+0xee>
     2dc:	40 91 2a 04 	lds	r20, 0x042A	; 0x80042a <_ZL11irmp_tmp_id>
     2e0:	50 91 2b 04 	lds	r21, 0x042B	; 0x80042b <_ZL11irmp_tmp_id+0x1>
     2e4:	24 2b       	or	r18, r20
     2e6:	35 2b       	or	r19, r21
     2e8:	30 93 2b 04 	sts	0x042B, r19	; 0x80042b <_ZL11irmp_tmp_id+0x1>
     2ec:	20 93 2a 04 	sts	0x042A, r18	; 0x80042a <_ZL11irmp_tmp_id>
     2f0:	46 c0       	rjmp	.+140    	; 0x37e <_ZL14irmp_store_bith+0x198>
     2f2:	45 30       	cpi	r20, 0x05	; 5
     2f4:	09 f0       	breq	.+2      	; 0x2f8 <_ZL14irmp_store_bith+0x112>
     2f6:	43 c0       	rjmp	.+134    	; 0x37e <_ZL14irmp_store_bith+0x198>
     2f8:	2c ee       	ldi	r18, 0xEC	; 236
     2fa:	29 0f       	add	r18, r25
     2fc:	24 30       	cpi	r18, 0x04	; 4
     2fe:	a0 f4       	brcc	.+40     	; 0x328 <_ZL14irmp_store_bith+0x142>
     300:	28 2f       	mov	r18, r24
     302:	30 e0       	ldi	r19, 0x00	; 0
     304:	48 ef       	ldi	r20, 0xF8	; 248
     306:	49 0f       	add	r20, r25
     308:	02 c0       	rjmp	.+4      	; 0x30e <_ZL14irmp_store_bith+0x128>
     30a:	22 0f       	add	r18, r18
     30c:	33 1f       	adc	r19, r19
     30e:	4a 95       	dec	r20
     310:	e2 f7       	brpl	.-8      	; 0x30a <_ZL14irmp_store_bith+0x124>
     312:	40 91 2e 04 	lds	r20, 0x042E	; 0x80042e <_ZL16irmp_tmp_command>
     316:	50 91 2f 04 	lds	r21, 0x042F	; 0x80042f <_ZL16irmp_tmp_command+0x1>
     31a:	24 2b       	or	r18, r20
     31c:	35 2b       	or	r19, r21
     31e:	30 93 2f 04 	sts	0x042F, r19	; 0x80042f <_ZL16irmp_tmp_command+0x1>
     322:	20 93 2e 04 	sts	0x042E, r18	; 0x80042e <_ZL16irmp_tmp_command>
     326:	13 c0       	rjmp	.+38     	; 0x34e <_ZL14irmp_store_bith+0x168>
     328:	28 ee       	ldi	r18, 0xE8	; 232
     32a:	29 0f       	add	r18, r25
     32c:	24 30       	cpi	r18, 0x04	; 4
     32e:	68 f4       	brcc	.+26     	; 0x34a <_ZL14irmp_store_bith+0x164>
     330:	28 2f       	mov	r18, r24
     332:	4c ee       	ldi	r20, 0xEC	; 236
     334:	49 0f       	add	r20, r25
     336:	01 c0       	rjmp	.+2      	; 0x33a <_ZL14irmp_store_bith+0x154>
     338:	22 0f       	add	r18, r18
     33a:	4a 95       	dec	r20
     33c:	ea f7       	brpl	.-6      	; 0x338 <_ZL14irmp_store_bith+0x152>
     33e:	30 91 23 04 	lds	r19, 0x0423	; 0x800423 <_ZL6genre2>
     342:	23 2b       	or	r18, r19
     344:	20 93 23 04 	sts	0x0423, r18	; 0x800423 <_ZL6genre2>
     348:	02 c0       	rjmp	.+4      	; 0x34e <_ZL14irmp_store_bith+0x168>
     34a:	90 33       	cpi	r25, 0x30	; 48
     34c:	c0 f4       	brcc	.+48     	; 0x37e <_ZL14irmp_store_bith+0x198>
     34e:	e9 2f       	mov	r30, r25
     350:	e6 95       	lsr	r30
     352:	e6 95       	lsr	r30
     354:	e6 95       	lsr	r30
     356:	49 2f       	mov	r20, r25
     358:	47 70       	andi	r20, 0x07	; 7
     35a:	f0 e0       	ldi	r31, 0x00	; 0
     35c:	ec 5d       	subi	r30, 0xDC	; 220
     35e:	fb 4f       	sbci	r31, 0xFB	; 251
     360:	21 e0       	ldi	r18, 0x01	; 1
     362:	30 e0       	ldi	r19, 0x00	; 0
     364:	01 c0       	rjmp	.+2      	; 0x368 <_ZL14irmp_store_bith+0x182>
     366:	22 0f       	add	r18, r18
     368:	4a 95       	dec	r20
     36a:	ea f7       	brpl	.-6      	; 0x366 <_ZL14irmp_store_bith+0x180>
     36c:	88 23       	and	r24, r24
     36e:	19 f0       	breq	.+6      	; 0x376 <_ZL14irmp_store_bith+0x190>
     370:	80 81       	ld	r24, Z
     372:	28 2b       	or	r18, r24
     374:	03 c0       	rjmp	.+6      	; 0x37c <_ZL14irmp_store_bith+0x196>
     376:	20 95       	com	r18
     378:	80 81       	ld	r24, Z
     37a:	28 23       	and	r18, r24
     37c:	20 83       	st	Z, r18
     37e:	9f 5f       	subi	r25, 0xFF	; 255
     380:	90 93 4c 04 	sts	0x044C, r25	; 0x80044c <_ZL8irmp_bit>
     384:	08 95       	ret

00000386 <irmp_init>:
     386:	2c 98       	cbi	0x05, 4	; 5
     388:	24 98       	cbi	0x04, 4	; 4
     38a:	08 95       	ret

0000038c <irmp_get_data>:
     38c:	fc 01       	movw	r30, r24
     38e:	80 91 3a 04 	lds	r24, 0x043A	; 0x80043a <_ZL16irmp_ir_detected>
     392:	88 23       	and	r24, r24
     394:	09 f4       	brne	.+2      	; 0x398 <irmp_get_data+0xc>
     396:	af c0       	rjmp	.+350    	; 0x4f6 <__EEPROM_REGION_LENGTH__+0xf6>
     398:	90 91 39 04 	lds	r25, 0x0439	; 0x800439 <_ZL13irmp_protocol>
     39c:	91 31       	cpi	r25, 0x11	; 17
     39e:	09 f4       	brne	.+2      	; 0x3a2 <irmp_get_data+0x16>
     3a0:	79 c0       	rjmp	.+242    	; 0x494 <__EEPROM_REGION_LENGTH__+0x94>
     3a2:	48 f4       	brcc	.+18     	; 0x3b6 <irmp_get_data+0x2a>
     3a4:	93 30       	cpi	r25, 0x03	; 3
     3a6:	89 f0       	breq	.+34     	; 0x3ca <irmp_get_data+0x3e>
     3a8:	97 30       	cpi	r25, 0x07	; 7
     3aa:	09 f4       	brne	.+2      	; 0x3ae <irmp_get_data+0x22>
     3ac:	92 c0       	rjmp	.+292    	; 0x4d2 <__EEPROM_REGION_LENGTH__+0xd2>
     3ae:	92 30       	cpi	r25, 0x02	; 2
     3b0:	09 f0       	breq	.+2      	; 0x3b4 <irmp_get_data+0x28>
     3b2:	a3 c0       	rjmp	.+326    	; 0x4fa <__EEPROM_REGION_LENGTH__+0xfa>
     3b4:	31 c0       	rjmp	.+98     	; 0x418 <__EEPROM_REGION_LENGTH__+0x18>
     3b6:	98 31       	cpi	r25, 0x18	; 24
     3b8:	09 f4       	brne	.+2      	; 0x3bc <irmp_get_data+0x30>
     3ba:	95 c0       	rjmp	.+298    	; 0x4e6 <__EEPROM_REGION_LENGTH__+0xe6>
     3bc:	92 33       	cpi	r25, 0x32	; 50
     3be:	09 f4       	brne	.+2      	; 0x3c2 <irmp_get_data+0x36>
     3c0:	54 c0       	rjmp	.+168    	; 0x46a <__EEPROM_REGION_LENGTH__+0x6a>
     3c2:	97 31       	cpi	r25, 0x17	; 23
     3c4:	09 f0       	breq	.+2      	; 0x3c8 <irmp_get_data+0x3c>
     3c6:	99 c0       	rjmp	.+306    	; 0x4fa <__EEPROM_REGION_LENGTH__+0xfa>
     3c8:	65 c0       	rjmp	.+202    	; 0x494 <__EEPROM_REGION_LENGTH__+0x94>
     3ca:	80 91 35 04 	lds	r24, 0x0435	; 0x800435 <_ZL12irmp_command>
     3ce:	90 91 36 04 	lds	r25, 0x0436	; 0x800436 <_ZL12irmp_command+0x1>
     3d2:	20 91 35 04 	lds	r18, 0x0435	; 0x800435 <_ZL12irmp_command>
     3d6:	30 91 36 04 	lds	r19, 0x0436	; 0x800436 <_ZL12irmp_command+0x1>
     3da:	89 2f       	mov	r24, r25
     3dc:	99 27       	eor	r25, r25
     3de:	20 95       	com	r18
     3e0:	30 95       	com	r19
     3e2:	33 27       	eor	r19, r19
     3e4:	82 17       	cp	r24, r18
     3e6:	93 07       	cpc	r25, r19
     3e8:	09 f0       	breq	.+2      	; 0x3ec <irmp_get_data+0x60>
     3ea:	a7 c0       	rjmp	.+334    	; 0x53a <__EEPROM_REGION_LENGTH__+0x13a>
     3ec:	80 91 35 04 	lds	r24, 0x0435	; 0x800435 <_ZL12irmp_command>
     3f0:	90 91 36 04 	lds	r25, 0x0436	; 0x800436 <_ZL12irmp_command+0x1>
     3f4:	99 27       	eor	r25, r25
     3f6:	90 93 36 04 	sts	0x0436, r25	; 0x800436 <_ZL12irmp_command+0x1>
     3fa:	80 93 35 04 	sts	0x0435, r24	; 0x800435 <_ZL12irmp_command>
     3fe:	80 91 33 04 	lds	r24, 0x0433	; 0x800433 <_ZL7irmp_id>
     402:	90 91 34 04 	lds	r25, 0x0434	; 0x800434 <_ZL7irmp_id+0x1>
     406:	20 91 35 04 	lds	r18, 0x0435	; 0x800435 <_ZL12irmp_command>
     40a:	30 91 36 04 	lds	r19, 0x0436	; 0x800436 <_ZL12irmp_command+0x1>
     40e:	98 2f       	mov	r25, r24
     410:	88 27       	eor	r24, r24
     412:	82 2b       	or	r24, r18
     414:	93 2b       	or	r25, r19
     416:	58 c0       	rjmp	.+176    	; 0x4c8 <__EEPROM_REGION_LENGTH__+0xc8>
     418:	80 91 35 04 	lds	r24, 0x0435	; 0x800435 <_ZL12irmp_command>
     41c:	90 91 36 04 	lds	r25, 0x0436	; 0x800436 <_ZL12irmp_command+0x1>
     420:	20 91 35 04 	lds	r18, 0x0435	; 0x800435 <_ZL12irmp_command>
     424:	30 91 36 04 	lds	r19, 0x0436	; 0x800436 <_ZL12irmp_command+0x1>
     428:	89 2f       	mov	r24, r25
     42a:	99 27       	eor	r25, r25
     42c:	20 95       	com	r18
     42e:	30 95       	com	r19
     430:	33 27       	eor	r19, r19
     432:	82 17       	cp	r24, r18
     434:	93 07       	cpc	r25, r19
     436:	41 f1       	breq	.+80     	; 0x488 <__EEPROM_REGION_LENGTH__+0x88>
     438:	80 91 37 04 	lds	r24, 0x0437	; 0x800437 <_ZL12irmp_address>
     43c:	90 91 38 04 	lds	r25, 0x0438	; 0x800438 <_ZL12irmp_address+0x1>
     440:	8e 3e       	cpi	r24, 0xEE	; 238
     442:	97 48       	sbci	r25, 0x87	; 135
     444:	71 f4       	brne	.+28     	; 0x462 <__EEPROM_REGION_LENGTH__+0x62>
     446:	8b e0       	ldi	r24, 0x0B	; 11
     448:	80 93 39 04 	sts	0x0439, r24	; 0x800439 <_ZL13irmp_protocol>
     44c:	80 91 35 04 	lds	r24, 0x0435	; 0x800435 <_ZL12irmp_command>
     450:	90 91 36 04 	lds	r25, 0x0436	; 0x800436 <_ZL12irmp_command+0x1>
     454:	89 2f       	mov	r24, r25
     456:	99 27       	eor	r25, r25
     458:	90 93 38 04 	sts	0x0438, r25	; 0x800438 <_ZL12irmp_address+0x1>
     45c:	80 93 37 04 	sts	0x0437, r24	; 0x800437 <_ZL12irmp_address>
     460:	13 c0       	rjmp	.+38     	; 0x488 <__EEPROM_REGION_LENGTH__+0x88>
     462:	88 e3       	ldi	r24, 0x38	; 56
     464:	80 93 39 04 	sts	0x0439, r24	; 0x800439 <_ZL13irmp_protocol>
     468:	48 c0       	rjmp	.+144    	; 0x4fa <__EEPROM_REGION_LENGTH__+0xfa>
     46a:	20 91 35 04 	lds	r18, 0x0435	; 0x800435 <_ZL12irmp_command>
     46e:	30 91 36 04 	lds	r19, 0x0436	; 0x800436 <_ZL12irmp_command+0x1>
     472:	80 91 35 04 	lds	r24, 0x0435	; 0x800435 <_ZL12irmp_command>
     476:	90 91 36 04 	lds	r25, 0x0436	; 0x800436 <_ZL12irmp_command+0x1>
     47a:	23 2f       	mov	r18, r19
     47c:	33 27       	eor	r19, r19
     47e:	99 27       	eor	r25, r25
     480:	28 17       	cp	r18, r24
     482:	39 07       	cpc	r19, r25
     484:	09 f0       	breq	.+2      	; 0x488 <__EEPROM_REGION_LENGTH__+0x88>
     486:	59 c0       	rjmp	.+178    	; 0x53a <__EEPROM_REGION_LENGTH__+0x13a>
     488:	80 91 35 04 	lds	r24, 0x0435	; 0x800435 <_ZL12irmp_command>
     48c:	90 91 36 04 	lds	r25, 0x0436	; 0x800436 <_ZL12irmp_command+0x1>
     490:	99 27       	eor	r25, r25
     492:	1a c0       	rjmp	.+52     	; 0x4c8 <__EEPROM_REGION_LENGTH__+0xc8>
     494:	80 91 35 04 	lds	r24, 0x0435	; 0x800435 <_ZL12irmp_command>
     498:	90 91 36 04 	lds	r25, 0x0436	; 0x800436 <_ZL12irmp_command+0x1>
     49c:	20 91 35 04 	lds	r18, 0x0435	; 0x800435 <_ZL12irmp_command>
     4a0:	30 91 36 04 	lds	r19, 0x0436	; 0x800436 <_ZL12irmp_command+0x1>
     4a4:	86 95       	lsr	r24
     4a6:	81 70       	andi	r24, 0x01	; 1
     4a8:	91 e0       	ldi	r25, 0x01	; 1
     4aa:	89 27       	eor	r24, r25
     4ac:	21 70       	andi	r18, 0x01	; 1
     4ae:	33 27       	eor	r19, r19
     4b0:	91 e0       	ldi	r25, 0x01	; 1
     4b2:	29 27       	eor	r18, r25
     4b4:	21 70       	andi	r18, 0x01	; 1
     4b6:	82 17       	cp	r24, r18
     4b8:	09 f4       	brne	.+2      	; 0x4bc <__EEPROM_REGION_LENGTH__+0xbc>
     4ba:	3f c0       	rjmp	.+126    	; 0x53a <__EEPROM_REGION_LENGTH__+0x13a>
     4bc:	80 91 35 04 	lds	r24, 0x0435	; 0x800435 <_ZL12irmp_command>
     4c0:	90 91 36 04 	lds	r25, 0x0436	; 0x800436 <_ZL12irmp_command+0x1>
     4c4:	96 95       	lsr	r25
     4c6:	87 95       	ror	r24
     4c8:	90 93 36 04 	sts	0x0436, r25	; 0x800436 <_ZL12irmp_command+0x1>
     4cc:	80 93 35 04 	sts	0x0435, r24	; 0x800435 <_ZL12irmp_command>
     4d0:	14 c0       	rjmp	.+40     	; 0x4fa <__EEPROM_REGION_LENGTH__+0xfa>
     4d2:	80 91 37 04 	lds	r24, 0x0437	; 0x800437 <_ZL12irmp_address>
     4d6:	90 91 38 04 	lds	r25, 0x0438	; 0x800438 <_ZL12irmp_address+0x1>
     4da:	8f 7d       	andi	r24, 0xDF	; 223
     4dc:	90 93 38 04 	sts	0x0438, r25	; 0x800438 <_ZL12irmp_address+0x1>
     4e0:	80 93 37 04 	sts	0x0437, r24	; 0x800437 <_ZL12irmp_address>
     4e4:	0a c0       	rjmp	.+20     	; 0x4fa <__EEPROM_REGION_LENGTH__+0xfa>
     4e6:	80 91 35 04 	lds	r24, 0x0435	; 0x800435 <_ZL12irmp_command>
     4ea:	90 91 36 04 	lds	r25, 0x0436	; 0x800436 <_ZL12irmp_command+0x1>
     4ee:	8d 37       	cpi	r24, 0x7D	; 125
     4f0:	91 05       	cpc	r25, r1
     4f2:	19 f4       	brne	.+6      	; 0x4fa <__EEPROM_REGION_LENGTH__+0xfa>
     4f4:	22 c0       	rjmp	.+68     	; 0x53a <__EEPROM_REGION_LENGTH__+0x13a>
     4f6:	80 e0       	ldi	r24, 0x00	; 0
     4f8:	08 95       	ret
     4fa:	80 91 39 04 	lds	r24, 0x0439	; 0x800439 <_ZL13irmp_protocol>
     4fe:	80 83       	st	Z, r24
     500:	80 91 37 04 	lds	r24, 0x0437	; 0x800437 <_ZL12irmp_address>
     504:	90 91 38 04 	lds	r25, 0x0438	; 0x800438 <_ZL12irmp_address+0x1>
     508:	92 83       	std	Z+2, r25	; 0x02
     50a:	81 83       	std	Z+1, r24	; 0x01
     50c:	80 91 35 04 	lds	r24, 0x0435	; 0x800435 <_ZL12irmp_command>
     510:	90 91 36 04 	lds	r25, 0x0436	; 0x800436 <_ZL12irmp_command+0x1>
     514:	94 83       	std	Z+4, r25	; 0x04
     516:	83 83       	std	Z+3, r24	; 0x03
     518:	80 91 32 04 	lds	r24, 0x0432	; 0x800432 <_ZL10irmp_flags>
     51c:	85 83       	std	Z+5, r24	; 0x05
     51e:	81 e0       	ldi	r24, 0x01	; 1
     520:	10 92 36 04 	sts	0x0436, r1	; 0x800436 <_ZL12irmp_command+0x1>
     524:	10 92 35 04 	sts	0x0435, r1	; 0x800435 <_ZL12irmp_command>
     528:	10 92 38 04 	sts	0x0438, r1	; 0x800438 <_ZL12irmp_address+0x1>
     52c:	10 92 37 04 	sts	0x0437, r1	; 0x800437 <_ZL12irmp_address>
     530:	10 92 32 04 	sts	0x0432, r1	; 0x800432 <_ZL10irmp_flags>
     534:	10 92 3a 04 	sts	0x043A, r1	; 0x80043a <_ZL16irmp_ir_detected>
     538:	08 95       	ret
     53a:	10 92 39 04 	sts	0x0439, r1	; 0x800439 <_ZL13irmp_protocol>
     53e:	80 e0       	ldi	r24, 0x00	; 0
     540:	ef cf       	rjmp	.-34     	; 0x520 <__EEPROM_REGION_LENGTH__+0x120>

00000542 <irmp_ISR>:
     542:	cf 93       	push	r28
     544:	df 93       	push	r29
     546:	83 b1       	in	r24, 0x03	; 3
     548:	90 91 3a 04 	lds	r25, 0x043A	; 0x80043a <_ZL16irmp_ir_detected>
     54c:	91 11       	cpse	r25, r1
     54e:	a8 c2       	rjmp	.+1360   	; 0xaa0 <__stack+0x1a1>
     550:	80 71       	andi	r24, 0x10	; 16
     552:	90 91 22 04 	lds	r25, 0x0422	; 0x800422 <_ZZ8irmp_ISRE23irmp_start_bit_detected>
     556:	91 11       	cpse	r25, r1
     558:	5d c0       	rjmp	.+186    	; 0x614 <irmp_ISR+0xd2>
     55a:	90 91 21 04 	lds	r25, 0x0421	; 0x800421 <_ZZ8irmp_ISRE15irmp_pulse_time>
     55e:	81 11       	cpse	r24, r1
     560:	04 c0       	rjmp	.+8      	; 0x56a <irmp_ISR+0x28>
     562:	9f 5f       	subi	r25, 0xFF	; 255
     564:	90 93 21 04 	sts	0x0421, r25	; 0x800421 <_ZZ8irmp_ISRE15irmp_pulse_time>
     568:	9b c2       	rjmp	.+1334   	; 0xaa0 <__stack+0x1a1>
     56a:	99 23       	and	r25, r25
     56c:	09 f1       	breq	.+66     	; 0x5b0 <irmp_ISR+0x6e>
     56e:	81 e0       	ldi	r24, 0x01	; 1
     570:	80 93 22 04 	sts	0x0422, r24	; 0x800422 <_ZZ8irmp_ISRE23irmp_start_bit_detected>
     574:	80 93 20 04 	sts	0x0420, r24	; 0x800420 <_ZZ8irmp_ISRE20wait_for_start_space>
     578:	10 92 1f 04 	sts	0x041F, r1	; 0x80041f <_ZZ8irmp_ISRE14wait_for_space>
     57c:	10 92 2f 04 	sts	0x042F, r1	; 0x80042f <_ZL16irmp_tmp_command+0x1>
     580:	10 92 2e 04 	sts	0x042E, r1	; 0x80042e <_ZL16irmp_tmp_command>
     584:	10 92 31 04 	sts	0x0431, r1	; 0x800431 <_ZL16irmp_tmp_address+0x1>
     588:	10 92 30 04 	sts	0x0430, r1	; 0x800430 <_ZL16irmp_tmp_address>
     58c:	10 92 23 04 	sts	0x0423, r1	; 0x800423 <_ZL6genre2>
     590:	10 92 2b 04 	sts	0x042B, r1	; 0x80042b <_ZL11irmp_tmp_id+0x1>
     594:	10 92 2a 04 	sts	0x042A, r1	; 0x80042a <_ZL11irmp_tmp_id>
     598:	10 92 2d 04 	sts	0x042D, r1	; 0x80042d <_ZL17irmp_tmp_address2+0x1>
     59c:	10 92 2c 04 	sts	0x042C, r1	; 0x80042c <_ZL17irmp_tmp_address2>
     5a0:	9f ef       	ldi	r25, 0xFF	; 255
     5a2:	90 93 4c 04 	sts	0x044C, r25	; 0x80044c <_ZL8irmp_bit>
     5a6:	80 93 1e 04 	sts	0x041E, r24	; 0x80041e <_ZZ8irmp_ISRE15irmp_pause_time>
     5aa:	10 92 1d 04 	sts	0x041D, r1	; 0x80041d <_ZZ8irmp_ISRE12rc5_cmd_bit6>
     5ae:	78 c2       	rjmp	.+1264   	; 0xaa0 <__stack+0x1a1>
     5b0:	80 91 1b 04 	lds	r24, 0x041B	; 0x80041b <_ZZ8irmp_ISRE18key_repetition_len>
     5b4:	90 91 1c 04 	lds	r25, 0x041C	; 0x80041c <_ZZ8irmp_ISRE18key_repetition_len+0x1>
     5b8:	8f 3f       	cpi	r24, 0xFF	; 255
     5ba:	2f ef       	ldi	r18, 0xFF	; 255
     5bc:	92 07       	cpc	r25, r18
     5be:	09 f4       	brne	.+2      	; 0x5c2 <irmp_ISR+0x80>
     5c0:	6f c2       	rjmp	.+1246   	; 0xaa0 <__stack+0x1a1>
     5c2:	01 96       	adiw	r24, 0x01	; 1
     5c4:	90 93 1c 04 	sts	0x041C, r25	; 0x80041c <_ZZ8irmp_ISRE18key_repetition_len+0x1>
     5c8:	80 93 1b 04 	sts	0x041B, r24	; 0x80041b <_ZZ8irmp_ISRE18key_repetition_len>
     5cc:	80 91 04 01 	lds	r24, 0x0104	; 0x800104 <_ZZ8irmp_ISRE20denon_repetition_len>
     5d0:	90 91 05 01 	lds	r25, 0x0105	; 0x800105 <_ZZ8irmp_ISRE20denon_repetition_len+0x1>
     5d4:	8f 3f       	cpi	r24, 0xFF	; 255
     5d6:	6f ef       	ldi	r22, 0xFF	; 255
     5d8:	96 07       	cpc	r25, r22
     5da:	09 f4       	brne	.+2      	; 0x5de <irmp_ISR+0x9c>
     5dc:	61 c2       	rjmp	.+1218   	; 0xaa0 <__stack+0x1a1>
     5de:	01 96       	adiw	r24, 0x01	; 1
     5e0:	90 93 05 01 	sts	0x0105, r25	; 0x800105 <_ZZ8irmp_ISRE20denon_repetition_len+0x1>
     5e4:	80 93 04 01 	sts	0x0104, r24	; 0x800104 <_ZZ8irmp_ISRE20denon_repetition_len>
     5e8:	88 3e       	cpi	r24, 0xE8	; 232
     5ea:	92 40       	sbci	r25, 0x02	; 2
     5ec:	08 f4       	brcc	.+2      	; 0x5f0 <irmp_ISR+0xae>
     5ee:	58 c2       	rjmp	.+1200   	; 0xaa0 <__stack+0x1a1>
     5f0:	80 91 19 04 	lds	r24, 0x0419	; 0x800419 <_ZZ8irmp_ISRE23last_irmp_denon_command>
     5f4:	90 91 1a 04 	lds	r25, 0x041A	; 0x80041a <_ZZ8irmp_ISRE23last_irmp_denon_command+0x1>
     5f8:	89 2b       	or	r24, r25
     5fa:	09 f4       	brne	.+2      	; 0x5fe <irmp_ISR+0xbc>
     5fc:	51 c2       	rjmp	.+1186   	; 0xaa0 <__stack+0x1a1>
     5fe:	10 92 1a 04 	sts	0x041A, r1	; 0x80041a <_ZZ8irmp_ISRE23last_irmp_denon_command+0x1>
     602:	10 92 19 04 	sts	0x0419, r1	; 0x800419 <_ZZ8irmp_ISRE23last_irmp_denon_command>
     606:	8f ef       	ldi	r24, 0xFF	; 255
     608:	9f ef       	ldi	r25, 0xFF	; 255
     60a:	90 93 05 01 	sts	0x0105, r25	; 0x800105 <_ZZ8irmp_ISRE20denon_repetition_len+0x1>
     60e:	80 93 04 01 	sts	0x0104, r24	; 0x800104 <_ZZ8irmp_ISRE20denon_repetition_len>
     612:	46 c2       	rjmp	.+1164   	; 0xaa0 <__stack+0x1a1>
     614:	90 91 20 04 	lds	r25, 0x0420	; 0x800420 <_ZZ8irmp_ISRE20wait_for_start_space>
     618:	99 23       	and	r25, r25
     61a:	09 f4       	brne	.+2      	; 0x61e <irmp_ISR+0xdc>
     61c:	bc c0       	rjmp	.+376    	; 0x796 <irmp_ISR+0x254>
     61e:	88 23       	and	r24, r24
     620:	89 f0       	breq	.+34     	; 0x644 <irmp_ISR+0x102>
     622:	80 91 1e 04 	lds	r24, 0x041E	; 0x80041e <_ZZ8irmp_ISRE15irmp_pause_time>
     626:	8f 5f       	subi	r24, 0xFF	; 255
     628:	80 93 1e 04 	sts	0x041E, r24	; 0x80041e <_ZZ8irmp_ISRE15irmp_pause_time>
     62c:	8a 3e       	cpi	r24, 0xEA	; 234
     62e:	08 f4       	brcc	.+2      	; 0x632 <irmp_ISR+0xf0>
     630:	19 c2       	rjmp	.+1074   	; 0xa64 <__stack+0x165>
     632:	80 91 39 04 	lds	r24, 0x0439	; 0x800439 <_ZL13irmp_protocol>
     636:	10 92 22 04 	sts	0x0422, r1	; 0x800422 <_ZZ8irmp_ISRE23irmp_start_bit_detected>
     63a:	10 92 21 04 	sts	0x0421, r1	; 0x800421 <_ZZ8irmp_ISRE15irmp_pulse_time>
     63e:	10 92 1e 04 	sts	0x041E, r1	; 0x80041e <_ZZ8irmp_ISRE15irmp_pause_time>
     642:	10 c2       	rjmp	.+1056   	; 0xa64 <__stack+0x165>
     644:	10 92 4c 04 	sts	0x044C, r1	; 0x80044c <_ZL8irmp_bit>
     648:	80 91 21 04 	lds	r24, 0x0421	; 0x800421 <_ZZ8irmp_ISRE15irmp_pulse_time>
     64c:	91 ee       	ldi	r25, 0xE1	; 225
     64e:	98 0f       	add	r25, r24
     650:	9b 30       	cpi	r25, 0x0B	; 11
     652:	28 f4       	brcc	.+10     	; 0x65e <irmp_ISR+0x11c>
     654:	90 91 1e 04 	lds	r25, 0x041E	; 0x80041e <_ZZ8irmp_ISRE15irmp_pause_time>
     658:	96 50       	subi	r25, 0x06	; 6
     65a:	95 30       	cpi	r25, 0x05	; 5
     65c:	70 f0       	brcs	.+28     	; 0x67a <irmp_ISR+0x138>
     65e:	90 91 39 04 	lds	r25, 0x0439	; 0x800439 <_ZL13irmp_protocol>
     662:	94 31       	cpi	r25, 0x14	; 20
     664:	69 f4       	brne	.+26     	; 0x680 <irmp_ISR+0x13e>
     666:	90 eb       	ldi	r25, 0xB0	; 176
     668:	98 0f       	add	r25, r24
     66a:	9f 36       	cpi	r25, 0x6F	; 111
     66c:	48 f4       	brcc	.+18     	; 0x680 <irmp_ISR+0x13e>
     66e:	90 91 1e 04 	lds	r25, 0x041E	; 0x80041e <_ZZ8irmp_ISRE15irmp_pause_time>
     672:	9a 53       	subi	r25, 0x3A	; 58
     674:	9c 36       	cpi	r25, 0x6C	; 108
     676:	f0 f0       	brcs	.+60     	; 0x6b4 <irmp_ISR+0x172>
     678:	03 c0       	rjmp	.+6      	; 0x680 <irmp_ISR+0x13e>
     67a:	63 e2       	ldi	r22, 0x23	; 35
     67c:	71 e0       	ldi	r23, 0x01	; 1
     67e:	4a c0       	rjmp	.+148    	; 0x714 <irmp_ISR+0x1d2>
     680:	22 ea       	ldi	r18, 0xA2	; 162
     682:	28 0f       	add	r18, r24
     684:	24 35       	cpi	r18, 0x54	; 84
     686:	58 f4       	brcc	.+22     	; 0x69e <irmp_ISR+0x15c>
     688:	90 91 1e 04 	lds	r25, 0x041E	; 0x80041e <_ZZ8irmp_ISRE15irmp_pause_time>
     68c:	32 ed       	ldi	r19, 0xD2	; 210
     68e:	39 0f       	add	r19, r25
     690:	3c 32       	cpi	r19, 0x2C	; 44
     692:	08 f4       	brcc	.+2      	; 0x696 <irmp_ISR+0x154>
     694:	12 c2       	rjmp	.+1060   	; 0xaba <__stack+0x1bb>
     696:	97 51       	subi	r25, 0x17	; 23
     698:	97 31       	cpi	r25, 0x17	; 23
     69a:	08 f4       	brcc	.+2      	; 0x69e <irmp_ISR+0x15c>
     69c:	06 c2       	rjmp	.+1036   	; 0xaaa <__stack+0x1ab>
     69e:	90 91 39 04 	lds	r25, 0x0439	; 0x800439 <_ZL13irmp_protocol>
     6a2:	94 31       	cpi	r25, 0x14	; 20
     6a4:	51 f4       	brne	.+20     	; 0x6ba <irmp_ISR+0x178>
     6a6:	24 35       	cpi	r18, 0x54	; 84
     6a8:	40 f4       	brcc	.+16     	; 0x6ba <irmp_ISR+0x178>
     6aa:	90 91 1e 04 	lds	r25, 0x041E	; 0x80041e <_ZZ8irmp_ISRE15irmp_pause_time>
     6ae:	95 50       	subi	r25, 0x05	; 5
     6b0:	98 30       	cpi	r25, 0x08	; 8
     6b2:	18 f4       	brcc	.+6      	; 0x6ba <irmp_ISR+0x178>
     6b4:	62 e1       	ldi	r22, 0x12	; 18
     6b6:	71 e0       	ldi	r23, 0x01	; 1
     6b8:	2d c0       	rjmp	.+90     	; 0x714 <irmp_ISR+0x1d2>
     6ba:	94 ec       	ldi	r25, 0xC4	; 196
     6bc:	98 0f       	add	r25, r24
     6be:	90 31       	cpi	r25, 0x10	; 16
     6c0:	30 f4       	brcc	.+12     	; 0x6ce <irmp_ISR+0x18c>
     6c2:	90 91 1e 04 	lds	r25, 0x041E	; 0x80041e <_ZZ8irmp_ISRE15irmp_pause_time>
     6c6:	9c 53       	subi	r25, 0x3C	; 60
     6c8:	90 31       	cpi	r25, 0x10	; 16
     6ca:	08 f4       	brcc	.+2      	; 0x6ce <irmp_ISR+0x18c>
     6cc:	65 c2       	rjmp	.+1226   	; 0xb98 <__stack+0x299>
     6ce:	97 ed       	ldi	r25, 0xD7	; 215
     6d0:	98 0f       	add	r25, r24
     6d2:	98 31       	cpi	r25, 0x18	; 24
     6d4:	08 f4       	brcc	.+2      	; 0x6d8 <irmp_ISR+0x196>
     6d6:	f4 c1       	rjmp	.+1000   	; 0xac0 <__stack+0x1c1>
     6d8:	98 ed       	ldi	r25, 0xD8	; 216
     6da:	98 0f       	add	r25, r24
     6dc:	97 31       	cpi	r25, 0x17	; 23
     6de:	08 f4       	brcc	.+2      	; 0x6e2 <irmp_ISR+0x1a0>
     6e0:	f6 c1       	rjmp	.+1004   	; 0xace <__stack+0x1cf>
     6e2:	95 ef       	ldi	r25, 0xF5	; 245
     6e4:	98 0f       	add	r25, r24
     6e6:	96 30       	cpi	r25, 0x06	; 6
     6e8:	08 f0       	brcs	.+2      	; 0x6ec <irmp_ISR+0x1aa>
     6ea:	f8 c1       	rjmp	.+1008   	; 0xadc <__stack+0x1dd>
     6ec:	90 91 1e 04 	lds	r25, 0x041E	; 0x80041e <_ZZ8irmp_ISRE15irmp_pause_time>
     6f0:	25 ef       	ldi	r18, 0xF5	; 245
     6f2:	29 0f       	add	r18, r25
     6f4:	26 30       	cpi	r18, 0x06	; 6
     6f6:	08 f0       	brcs	.+2      	; 0x6fa <irmp_ISR+0x1b8>
     6f8:	f6 c1       	rjmp	.+1004   	; 0xae6 <__stack+0x1e7>
     6fa:	90 93 18 04 	sts	0x0418, r25	; 0x800418 <_ZZ8irmp_ISRE10last_pause>
     6fe:	81 51       	subi	r24, 0x11	; 17
     700:	80 31       	cpi	r24, 0x10	; 16
     702:	08 f0       	brcs	.+2      	; 0x706 <irmp_ISR+0x1c4>
     704:	f5 c1       	rjmp	.+1002   	; 0xaf0 <__stack+0x1f1>
     706:	10 92 17 04 	sts	0x0417, r1	; 0x800417 <_ZZ8irmp_ISRE10last_value>
     70a:	80 e4       	ldi	r24, 0x40	; 64
     70c:	80 93 1d 04 	sts	0x041D, r24	; 0x80041d <_ZZ8irmp_ISRE12rc5_cmd_bit6>
     710:	6c ea       	ldi	r22, 0xAC	; 172
     712:	70 e0       	ldi	r23, 0x00	; 0
     714:	80 91 22 04 	lds	r24, 0x0422	; 0x800422 <_ZZ8irmp_ISRE23irmp_start_bit_detected>
     718:	88 23       	and	r24, r24
     71a:	31 f0       	breq	.+12     	; 0x728 <irmp_ISR+0x1e6>
     71c:	41 e1       	ldi	r20, 0x11	; 17
     71e:	50 e0       	ldi	r21, 0x00	; 0
     720:	8b e3       	ldi	r24, 0x3B	; 59
     722:	94 e0       	ldi	r25, 0x04	; 4
     724:	0e 94 ed 38 	call	0x71da	; 0x71da <memcpy_P>
     728:	80 91 4b 04 	lds	r24, 0x044B	; 0x80044b <_ZL10irmp_param+0x10>
     72c:	90 91 3b 04 	lds	r25, 0x043B	; 0x80043b <_ZL10irmp_param>
     730:	80 ff       	sbrs	r24, 0
     732:	1d c0       	rjmp	.+58     	; 0x76e <irmp_ISR+0x22c>
     734:	97 31       	cpi	r25, 0x17	; 23
     736:	39 f1       	breq	.+78     	; 0x786 <irmp_ISR+0x244>
     738:	99 30       	cpi	r25, 0x09	; 9
     73a:	29 f1       	breq	.+74     	; 0x786 <irmp_ISR+0x244>
     73c:	20 91 3d 04 	lds	r18, 0x043D	; 0x80043d <_ZL10irmp_param+0x2>
     740:	40 91 1e 04 	lds	r20, 0x041E	; 0x80041e <_ZZ8irmp_ISRE15irmp_pause_time>
     744:	24 17       	cp	r18, r20
     746:	60 f4       	brcc	.+24     	; 0x760 <irmp_ISR+0x21e>
     748:	50 e0       	ldi	r21, 0x00	; 0
     74a:	30 e0       	ldi	r19, 0x00	; 0
     74c:	22 0f       	add	r18, r18
     74e:	33 1f       	adc	r19, r19
     750:	24 17       	cp	r18, r20
     752:	35 07       	cpc	r19, r21
     754:	2c f0       	brlt	.+10     	; 0x760 <irmp_ISR+0x21e>
     756:	86 95       	lsr	r24
     758:	81 70       	andi	r24, 0x01	; 1
     75a:	91 e0       	ldi	r25, 0x01	; 1
     75c:	89 27       	eor	r24, r25
     75e:	11 c0       	rjmp	.+34     	; 0x782 <irmp_ISR+0x240>
     760:	90 91 17 04 	lds	r25, 0x0417	; 0x800417 <_ZZ8irmp_ISRE10last_value>
     764:	91 11       	cpse	r25, r1
     766:	0f c0       	rjmp	.+30     	; 0x786 <irmp_ISR+0x244>
     768:	86 95       	lsr	r24
     76a:	81 70       	andi	r24, 0x01	; 1
     76c:	0a c0       	rjmp	.+20     	; 0x782 <irmp_ISR+0x240>
     76e:	98 30       	cpi	r25, 0x08	; 8
     770:	51 f4       	brne	.+20     	; 0x786 <irmp_ISR+0x244>
     772:	80 91 1e 04 	lds	r24, 0x041E	; 0x80041e <_ZZ8irmp_ISRE15irmp_pause_time>
     776:	87 51       	subi	r24, 0x17	; 23
     778:	88 30       	cpi	r24, 0x08	; 8
     77a:	10 f4       	brcc	.+4      	; 0x780 <irmp_ISR+0x23e>
     77c:	81 e0       	ldi	r24, 0x01	; 1
     77e:	01 c0       	rjmp	.+2      	; 0x782 <irmp_ISR+0x240>
     780:	80 e0       	ldi	r24, 0x00	; 0
     782:	0e 94 f3 00 	call	0x1e6	; 0x1e6 <_ZL14irmp_store_bith>
     786:	81 e0       	ldi	r24, 0x01	; 1
     788:	80 93 21 04 	sts	0x0421, r24	; 0x800421 <_ZZ8irmp_ISRE15irmp_pulse_time>
     78c:	10 92 1e 04 	sts	0x041E, r1	; 0x80041e <_ZZ8irmp_ISRE15irmp_pause_time>
     790:	10 92 20 04 	sts	0x0420, r1	; 0x800420 <_ZZ8irmp_ISRE20wait_for_start_space>
     794:	67 c1       	rjmp	.+718    	; 0xa64 <__stack+0x165>
     796:	90 91 1f 04 	lds	r25, 0x041F	; 0x80041f <_ZZ8irmp_ISRE14wait_for_space>
     79a:	99 23       	and	r25, r25
     79c:	09 f4       	brne	.+2      	; 0x7a0 <irmp_ISR+0x25e>
     79e:	55 c1       	rjmp	.+682    	; 0xa4a <__stack+0x14b>
     7a0:	88 23       	and	r24, r24
     7a2:	09 f4       	brne	.+2      	; 0x7a6 <irmp_ISR+0x264>
     7a4:	05 c2       	rjmp	.+1034   	; 0xbb0 <__stack+0x2b1>
     7a6:	20 91 1e 04 	lds	r18, 0x041E	; 0x80041e <_ZZ8irmp_ISRE15irmp_pause_time>
     7aa:	2f 5f       	subi	r18, 0xFF	; 255
     7ac:	20 93 1e 04 	sts	0x041E, r18	; 0x80041e <_ZZ8irmp_ISRE15irmp_pause_time>
     7b0:	90 91 48 04 	lds	r25, 0x0448	; 0x800448 <_ZL10irmp_param+0xd>
     7b4:	80 91 4c 04 	lds	r24, 0x044C	; 0x80044c <_ZL8irmp_bit>
     7b8:	98 13       	cpse	r25, r24
     7ba:	0b c0       	rjmp	.+22     	; 0x7d2 <irmp_ISR+0x290>
     7bc:	30 91 49 04 	lds	r19, 0x0449	; 0x800449 <_ZL10irmp_param+0xe>
     7c0:	31 30       	cpi	r19, 0x01	; 1
     7c2:	39 f4       	brne	.+14     	; 0x7d2 <irmp_ISR+0x290>
     7c4:	30 91 4b 04 	lds	r19, 0x044B	; 0x80044b <_ZL10irmp_param+0x10>
     7c8:	30 fd       	sbrc	r19, 0
     7ca:	fd c2       	rjmp	.+1530   	; 0xdc6 <__stack+0x4c7>
     7cc:	2f 32       	cpi	r18, 0x2F	; 47
     7ce:	08 f0       	brcs	.+2      	; 0x7d2 <irmp_ISR+0x290>
     7d0:	4e c1       	rjmp	.+668    	; 0xa6e <__stack+0x16f>
     7d2:	40 91 3b 04 	lds	r20, 0x043B	; 0x80043b <_ZL10irmp_param>
     7d6:	41 30       	cpi	r20, 0x01	; 1
     7d8:	21 f5       	brne	.+72     	; 0x822 <__DATA_REGION_LENGTH__+0x22>
     7da:	2c 30       	cpi	r18, 0x0C	; 12
     7dc:	08 f4       	brcc	.+2      	; 0x7e0 <irmp_ISR+0x29e>
     7de:	c1 c0       	rjmp	.+386    	; 0x962 <__stack+0x63>
     7e0:	8b 30       	cpi	r24, 0x0B	; 11
     7e2:	08 f4       	brcc	.+2      	; 0x7e6 <irmp_ISR+0x2a4>
     7e4:	be c0       	rjmp	.+380    	; 0x962 <__stack+0x63>
     7e6:	91 e0       	ldi	r25, 0x01	; 1
     7e8:	98 0f       	add	r25, r24
     7ea:	90 93 48 04 	sts	0x0448, r25	; 0x800448 <_ZL10irmp_param+0xd>
     7ee:	28 2f       	mov	r18, r24
     7f0:	30 e0       	ldi	r19, 0x00	; 0
     7f2:	2b 50       	subi	r18, 0x0B	; 11
     7f4:	31 09       	sbc	r19, r1
     7f6:	32 2f       	mov	r19, r18
     7f8:	22 27       	eor	r18, r18
     7fa:	40 91 30 04 	lds	r20, 0x0430	; 0x800430 <_ZL16irmp_tmp_address>
     7fe:	50 91 31 04 	lds	r21, 0x0431	; 0x800431 <_ZL16irmp_tmp_address+0x1>
     802:	24 2b       	or	r18, r20
     804:	35 2b       	or	r19, r21
     806:	30 93 31 04 	sts	0x0431, r19	; 0x800431 <_ZL16irmp_tmp_address+0x1>
     80a:	20 93 30 04 	sts	0x0430, r18	; 0x800430 <_ZL16irmp_tmp_address>
     80e:	90 91 46 04 	lds	r25, 0x0446	; 0x800446 <_ZL10irmp_param+0xb>
     812:	89 0f       	add	r24, r25
     814:	8f 5f       	subi	r24, 0xFF	; 255
     816:	80 93 47 04 	sts	0x0447, r24	; 0x800447 <_ZL10irmp_param+0xc>
     81a:	8a e0       	ldi	r24, 0x0A	; 10
     81c:	80 93 1e 04 	sts	0x041E, r24	; 0x80041e <_ZZ8irmp_ISRE15irmp_pause_time>
     820:	c7 c1       	rjmp	.+910    	; 0xbb0 <__stack+0x2b1>
     822:	4f 30       	cpi	r20, 0x0F	; 15
     824:	09 f0       	breq	.+2      	; 0x828 <__DATA_REGION_LENGTH__+0x28>
     826:	58 c0       	rjmp	.+176    	; 0x8d8 <__DATA_REGION_LENGTH__+0xd8>
     828:	30 91 49 04 	lds	r19, 0x0449	; 0x800449 <_ZL10irmp_param+0xe>
     82c:	31 11       	cpse	r19, r1
     82e:	99 c0       	rjmp	.+306    	; 0x962 <__stack+0x63>
     830:	26 32       	cpi	r18, 0x26	; 38
     832:	18 f1       	brcs	.+70     	; 0x87a <__DATA_REGION_LENGTH__+0x7a>
     834:	9b ef       	ldi	r25, 0xFB	; 251
     836:	98 0f       	add	r25, r24
     838:	92 30       	cpi	r25, 0x02	; 2
     83a:	f8 f4       	brcc	.+62     	; 0x87a <__DATA_REGION_LENGTH__+0x7a>
     83c:	81 e0       	ldi	r24, 0x01	; 1
     83e:	80 93 49 04 	sts	0x0449, r24	; 0x800449 <_ZL10irmp_param+0xe>
     842:	88 e1       	ldi	r24, 0x18	; 24
     844:	80 93 3b 04 	sts	0x043B, r24	; 0x80043b <_ZL10irmp_param>
     848:	87 e0       	ldi	r24, 0x07	; 7
     84a:	80 93 48 04 	sts	0x0448, r24	; 0x800448 <_ZL10irmp_param+0xd>
     84e:	10 92 44 04 	sts	0x0444, r1	; 0x800444 <_ZL10irmp_param+0x9>
     852:	10 92 45 04 	sts	0x0445, r1	; 0x800445 <_ZL10irmp_param+0xa>
     856:	10 92 46 04 	sts	0x0446, r1	; 0x800446 <_ZL10irmp_param+0xb>
     85a:	80 93 47 04 	sts	0x0447, r24	; 0x800447 <_ZL10irmp_param+0xc>
     85e:	80 91 2e 04 	lds	r24, 0x042E	; 0x80042e <_ZL16irmp_tmp_command>
     862:	90 91 2f 04 	lds	r25, 0x042F	; 0x80042f <_ZL16irmp_tmp_command+0x1>
     866:	88 0f       	add	r24, r24
     868:	99 1f       	adc	r25, r25
     86a:	20 91 4d 04 	lds	r18, 0x044D	; 0x80044d <_ZL9first_bit>
     86e:	82 2b       	or	r24, r18
     870:	90 93 2f 04 	sts	0x042F, r25	; 0x80042f <_ZL16irmp_tmp_command+0x1>
     874:	80 93 2e 04 	sts	0x042E, r24	; 0x80042e <_ZL16irmp_tmp_command>
     878:	9b c1       	rjmp	.+822    	; 0xbb0 <__stack+0x2b1>
     87a:	40 91 3f 04 	lds	r20, 0x043F	; 0x80043f <_ZL10irmp_param+0x4>
     87e:	30 e0       	ldi	r19, 0x00	; 0
     880:	50 e0       	ldi	r21, 0x00	; 0
     882:	44 0f       	add	r20, r20
     884:	55 1f       	adc	r21, r21
     886:	24 17       	cp	r18, r20
     888:	35 07       	cpc	r19, r21
     88a:	2c f0       	brlt	.+10     	; 0x896 <__DATA_REGION_LENGTH__+0x96>
     88c:	88 30       	cpi	r24, 0x08	; 8
     88e:	08 f4       	brcc	.+2      	; 0x892 <__DATA_REGION_LENGTH__+0x92>
     890:	e9 c0       	rjmp	.+466    	; 0xa64 <__stack+0x165>
     892:	8a e0       	ldi	r24, 0x0A	; 10
     894:	35 c0       	rjmp	.+106    	; 0x900 <__stack+0x1>
     896:	8a 30       	cpi	r24, 0x0A	; 10
     898:	08 f4       	brcc	.+2      	; 0x89c <__DATA_REGION_LENGTH__+0x9c>
     89a:	f7 c0       	rjmp	.+494    	; 0xa8a <__stack+0x18b>
     89c:	80 e1       	ldi	r24, 0x10	; 16
     89e:	80 93 3b 04 	sts	0x043B, r24	; 0x80043b <_ZL10irmp_param>
     8a2:	89 e0       	ldi	r24, 0x09	; 9
     8a4:	80 93 44 04 	sts	0x0444, r24	; 0x800444 <_ZL10irmp_param+0x9>
     8a8:	91 e1       	ldi	r25, 0x11	; 17
     8aa:	90 93 45 04 	sts	0x0445, r25	; 0x800445 <_ZL10irmp_param+0xa>
     8ae:	91 e0       	ldi	r25, 0x01	; 1
     8b0:	90 93 46 04 	sts	0x0446, r25	; 0x800446 <_ZL10irmp_param+0xb>
     8b4:	80 93 47 04 	sts	0x0447, r24	; 0x800447 <_ZL10irmp_param+0xc>
     8b8:	80 91 2e 04 	lds	r24, 0x042E	; 0x80042e <_ZL16irmp_tmp_command>
     8bc:	90 91 2f 04 	lds	r25, 0x042F	; 0x80042f <_ZL16irmp_tmp_command+0x1>
     8c0:	9c 01       	movw	r18, r24
     8c2:	22 27       	eor	r18, r18
     8c4:	33 70       	andi	r19, 0x03	; 3
     8c6:	23 2b       	or	r18, r19
     8c8:	09 f4       	brne	.+2      	; 0x8cc <__DATA_REGION_LENGTH__+0xcc>
     8ca:	df c0       	rjmp	.+446    	; 0xa8a <__stack+0x18b>
     8cc:	90 93 30 04 	sts	0x0430, r25	; 0x800430 <_ZL16irmp_tmp_address>
     8d0:	10 92 31 04 	sts	0x0431, r1	; 0x800431 <_ZL16irmp_tmp_address+0x1>
     8d4:	99 27       	eor	r25, r25
     8d6:	b4 c0       	rjmp	.+360    	; 0xa40 <__stack+0x141>
     8d8:	47 31       	cpi	r20, 0x17	; 23
     8da:	09 f0       	breq	.+2      	; 0x8de <__DATA_REGION_LENGTH__+0xde>
     8dc:	42 c0       	rjmp	.+132    	; 0x962 <__stack+0x63>
     8de:	30 91 49 04 	lds	r19, 0x0449	; 0x800449 <_ZL10irmp_param+0xe>
     8e2:	31 11       	cpse	r19, r1
     8e4:	3e c0       	rjmp	.+124    	; 0x962 <__stack+0x63>
     8e6:	40 91 3f 04 	lds	r20, 0x043F	; 0x80043f <_ZL10irmp_param+0x4>
     8ea:	30 e0       	ldi	r19, 0x00	; 0
     8ec:	50 e0       	ldi	r21, 0x00	; 0
     8ee:	44 0f       	add	r20, r20
     8f0:	55 1f       	adc	r21, r21
     8f2:	24 17       	cp	r18, r20
     8f4:	35 07       	cpc	r19, r21
     8f6:	3c f0       	brlt	.+14     	; 0x906 <__stack+0x7>
     8f8:	8f 30       	cpi	r24, 0x0F	; 15
     8fa:	08 f4       	brcc	.+2      	; 0x8fe <__DATA_REGION_LENGTH__+0xfe>
     8fc:	b3 c0       	rjmp	.+358    	; 0xa64 <__stack+0x165>
     8fe:	81 e1       	ldi	r24, 0x11	; 17
     900:	80 93 48 04 	sts	0x0448, r24	; 0x800448 <_ZL10irmp_param+0xd>
     904:	49 c0       	rjmp	.+146    	; 0x998 <__stack+0x99>
     906:	81 31       	cpi	r24, 0x11	; 17
     908:	08 f4       	brcc	.+2      	; 0x90c <__stack+0xd>
     90a:	bf c0       	rjmp	.+382    	; 0xa8a <__stack+0x18b>
     90c:	81 e1       	ldi	r24, 0x11	; 17
     90e:	80 93 3b 04 	sts	0x043B, r24	; 0x80043b <_ZL10irmp_param>
     912:	10 92 44 04 	sts	0x0444, r1	; 0x800444 <_ZL10irmp_param+0x9>
     916:	8b e0       	ldi	r24, 0x0B	; 11
     918:	80 93 45 04 	sts	0x0445, r24	; 0x800445 <_ZL10irmp_param+0xa>
     91c:	80 93 46 04 	sts	0x0446, r24	; 0x800446 <_ZL10irmp_param+0xb>
     920:	86 e1       	ldi	r24, 0x16	; 22
     922:	80 93 47 04 	sts	0x0447, r24	; 0x800447 <_ZL10irmp_param+0xc>
     926:	80 91 2e 04 	lds	r24, 0x042E	; 0x80042e <_ZL16irmp_tmp_command>
     92a:	90 91 2f 04 	lds	r25, 0x042F	; 0x80042f <_ZL16irmp_tmp_command+0x1>
     92e:	20 91 30 04 	lds	r18, 0x0430	; 0x800430 <_ZL16irmp_tmp_address>
     932:	30 91 31 04 	lds	r19, 0x0431	; 0x800431 <_ZL16irmp_tmp_address+0x1>
     936:	22 0f       	add	r18, r18
     938:	33 1f       	adc	r19, r19
     93a:	22 0f       	add	r18, r18
     93c:	33 1f       	adc	r19, r19
     93e:	ac 01       	movw	r20, r24
     940:	d6 e0       	ldi	r29, 0x06	; 6
     942:	56 95       	lsr	r21
     944:	47 95       	ror	r20
     946:	da 95       	dec	r29
     948:	e1 f7       	brne	.-8      	; 0x942 <__stack+0x43>
     94a:	24 2b       	or	r18, r20
     94c:	35 2b       	or	r19, r21
     94e:	30 93 31 04 	sts	0x0431, r19	; 0x800431 <_ZL16irmp_tmp_address+0x1>
     952:	20 93 30 04 	sts	0x0430, r18	; 0x800430 <_ZL16irmp_tmp_address>
     956:	8f 73       	andi	r24, 0x3F	; 63
     958:	99 27       	eor	r25, r25
     95a:	20 91 17 04 	lds	r18, 0x0417	; 0x800417 <_ZZ8irmp_ISRE10last_value>
     95e:	82 2b       	or	r24, r18
     960:	6f c0       	rjmp	.+222    	; 0xa40 <__stack+0x141>
     962:	30 91 4b 04 	lds	r19, 0x044B	; 0x80044b <_ZL10irmp_param+0x10>
     966:	30 ff       	sbrs	r19, 0
     968:	1b c0       	rjmp	.+54     	; 0x9a0 <__stack+0xa1>
     96a:	60 91 3f 04 	lds	r22, 0x043F	; 0x80043f <_ZL10irmp_param+0x4>
     96e:	e2 2f       	mov	r30, r18
     970:	f0 e0       	ldi	r31, 0x00	; 0
     972:	70 e0       	ldi	r23, 0x00	; 0
     974:	66 0f       	add	r22, r22
     976:	77 1f       	adc	r23, r23
     978:	e6 17       	cp	r30, r22
     97a:	f7 07       	cpc	r31, r23
     97c:	8c f0       	brlt	.+34     	; 0x9a0 <__stack+0xa1>
     97e:	e8 2f       	mov	r30, r24
     980:	f0 e0       	ldi	r31, 0x00	; 0
     982:	69 2f       	mov	r22, r25
     984:	70 e0       	ldi	r23, 0x00	; 0
     986:	62 50       	subi	r22, 0x02	; 2
     988:	71 09       	sbc	r23, r1
     98a:	e6 17       	cp	r30, r22
     98c:	f7 07       	cpc	r31, r23
     98e:	44 f0       	brlt	.+16     	; 0x9a0 <__stack+0xa1>
     990:	30 91 49 04 	lds	r19, 0x0449	; 0x800449 <_ZL10irmp_param+0xe>
     994:	31 11       	cpse	r19, r1
     996:	04 c0       	rjmp	.+8      	; 0x9a0 <__stack+0xa1>
     998:	81 e0       	ldi	r24, 0x01	; 1
     99a:	80 93 49 04 	sts	0x0449, r24	; 0x800449 <_ZL10irmp_param+0xe>
     99e:	08 c1       	rjmp	.+528    	; 0xbb0 <__stack+0x2b1>
     9a0:	2a 3e       	cpi	r18, 0xEA	; 234
     9a2:	08 f4       	brcc	.+2      	; 0x9a6 <__stack+0xa7>
     9a4:	72 c0       	rjmp	.+228    	; 0xa8a <__stack+0x18b>
     9a6:	68 2f       	mov	r22, r24
     9a8:	70 e0       	ldi	r23, 0x00	; 0
     9aa:	29 2f       	mov	r18, r25
     9ac:	30 e0       	ldi	r19, 0x00	; 0
     9ae:	21 50       	subi	r18, 0x01	; 1
     9b0:	31 09       	sbc	r19, r1
     9b2:	62 17       	cp	r22, r18
     9b4:	73 07       	cpc	r23, r19
     9b6:	41 f4       	brne	.+16     	; 0x9c8 <__stack+0xc9>
     9b8:	90 91 49 04 	lds	r25, 0x0449	; 0x800449 <_ZL10irmp_param+0xe>
     9bc:	91 11       	cpse	r25, r1
     9be:	04 c0       	rjmp	.+8      	; 0x9c8 <__stack+0xc9>
     9c0:	8f 5f       	subi	r24, 0xFF	; 255
     9c2:	80 93 4c 04 	sts	0x044C, r24	; 0x80044c <_ZL8irmp_bit>
     9c6:	61 c0       	rjmp	.+194    	; 0xa8a <__stack+0x18b>
     9c8:	42 30       	cpi	r20, 0x02	; 2
     9ca:	09 f4       	brne	.+2      	; 0x9ce <__stack+0xcf>
     9cc:	ff c1       	rjmp	.+1022   	; 0xdcc <__stack+0x4cd>
     9ce:	4c 31       	cpi	r20, 0x1C	; 28
     9d0:	39 f0       	breq	.+14     	; 0x9e0 <__stack+0xe1>
     9d2:	10 92 22 04 	sts	0x0422, r1	; 0x800422 <_ZZ8irmp_ISRE23irmp_start_bit_detected>
     9d6:	10 92 21 04 	sts	0x0421, r1	; 0x800421 <_ZZ8irmp_ISRE15irmp_pulse_time>
     9da:	10 92 1e 04 	sts	0x041E, r1	; 0x80041e <_ZZ8irmp_ISRE15irmp_pause_time>
     9de:	60 c0       	rjmp	.+192    	; 0xaa0 <__stack+0x1a1>
     9e0:	88 23       	and	r24, r24
     9e2:	09 f4       	brne	.+2      	; 0x9e6 <__stack+0xe7>
     9e4:	f5 c1       	rjmp	.+1002   	; 0xdd0 <__stack+0x4d1>
     9e6:	80 32       	cpi	r24, 0x20	; 32
     9e8:	09 f0       	breq	.+2      	; 0x9ec <__stack+0xed>
     9ea:	42 c2       	rjmp	.+1156   	; 0xe70 <__stack+0x571>
     9ec:	91 e0       	ldi	r25, 0x01	; 1
     9ee:	90 93 49 04 	sts	0x0449, r25	; 0x800449 <_ZL10irmp_param+0xe>
     9f2:	92 e0       	ldi	r25, 0x02	; 2
     9f4:	90 93 3b 04 	sts	0x043B, r25	; 0x80043b <_ZL10irmp_param>
     9f8:	80 93 48 04 	sts	0x0448, r24	; 0x800448 <_ZL10irmp_param+0xd>
     9fc:	80 91 2c 04 	lds	r24, 0x042C	; 0x80042c <_ZL17irmp_tmp_address2>
     a00:	90 91 2d 04 	lds	r25, 0x042D	; 0x80042d <_ZL17irmp_tmp_address2+0x1>
     a04:	9c 01       	movw	r18, r24
     a06:	32 2f       	mov	r19, r18
     a08:	22 27       	eor	r18, r18
     a0a:	32 95       	swap	r19
     a0c:	33 0f       	add	r19, r19
     a0e:	30 7e       	andi	r19, 0xE0	; 224
     a10:	40 91 30 04 	lds	r20, 0x0430	; 0x800430 <_ZL16irmp_tmp_address>
     a14:	50 91 31 04 	lds	r21, 0x0431	; 0x800431 <_ZL16irmp_tmp_address+0x1>
     a18:	24 2b       	or	r18, r20
     a1a:	35 2b       	or	r19, r21
     a1c:	30 93 31 04 	sts	0x0431, r19	; 0x800431 <_ZL16irmp_tmp_address+0x1>
     a20:	20 93 30 04 	sts	0x0430, r18	; 0x800430 <_ZL16irmp_tmp_address>
     a24:	40 91 2e 04 	lds	r20, 0x042E	; 0x80042e <_ZL16irmp_tmp_command>
     a28:	20 e0       	ldi	r18, 0x00	; 0
     a2a:	30 e0       	ldi	r19, 0x00	; 0
     a2c:	34 2f       	mov	r19, r20
     a2e:	33 0f       	add	r19, r19
     a30:	33 0f       	add	r19, r19
     a32:	f3 e0       	ldi	r31, 0x03	; 3
     a34:	96 95       	lsr	r25
     a36:	87 95       	ror	r24
     a38:	fa 95       	dec	r31
     a3a:	e1 f7       	brne	.-8      	; 0xa34 <__stack+0x135>
     a3c:	82 2b       	or	r24, r18
     a3e:	93 2b       	or	r25, r19
     a40:	90 93 2f 04 	sts	0x042F, r25	; 0x80042f <_ZL16irmp_tmp_command+0x1>
     a44:	80 93 2e 04 	sts	0x042E, r24	; 0x80042e <_ZL16irmp_tmp_command>
     a48:	20 c0       	rjmp	.+64     	; 0xa8a <__stack+0x18b>
     a4a:	81 11       	cpse	r24, r1
     a4c:	06 c0       	rjmp	.+12     	; 0xa5a <__stack+0x15b>
     a4e:	80 91 21 04 	lds	r24, 0x0421	; 0x800421 <_ZZ8irmp_ISRE15irmp_pulse_time>
     a52:	8f 5f       	subi	r24, 0xFF	; 255
     a54:	80 93 21 04 	sts	0x0421, r24	; 0x800421 <_ZZ8irmp_ISRE15irmp_pulse_time>
     a58:	05 c0       	rjmp	.+10     	; 0xa64 <__stack+0x165>
     a5a:	81 e0       	ldi	r24, 0x01	; 1
     a5c:	80 93 1f 04 	sts	0x041F, r24	; 0x80041f <_ZZ8irmp_ISRE14wait_for_space>
     a60:	80 93 1e 04 	sts	0x041E, r24	; 0x80041e <_ZZ8irmp_ISRE15irmp_pause_time>
     a64:	80 91 22 04 	lds	r24, 0x0422	; 0x800422 <_ZZ8irmp_ISRE23irmp_start_bit_detected>
     a68:	81 11       	cpse	r24, r1
     a6a:	0f c0       	rjmp	.+30     	; 0xa8a <__stack+0x18b>
     a6c:	19 c0       	rjmp	.+50     	; 0xaa0 <__stack+0x1a1>
     a6e:	80 91 21 04 	lds	r24, 0x0421	; 0x800421 <_ZZ8irmp_ISRE15irmp_pulse_time>
     a72:	90 91 40 04 	lds	r25, 0x0440	; 0x800440 <_ZL10irmp_param+0x5>
     a76:	89 17       	cp	r24, r25
     a78:	08 f4       	brcc	.+2      	; 0xa7c <__stack+0x17d>
     a7a:	ab cf       	rjmp	.-170    	; 0x9d2 <__stack+0xd3>
     a7c:	90 91 41 04 	lds	r25, 0x0441	; 0x800441 <_ZL10irmp_param+0x6>
     a80:	98 17       	cp	r25, r24
     a82:	08 f4       	brcc	.+2      	; 0xa86 <__stack+0x187>
     a84:	a6 cf       	rjmp	.-180    	; 0x9d2 <__stack+0xd3>
     a86:	10 92 49 04 	sts	0x0449, r1	; 0x800449 <_ZL10irmp_param+0xe>
     a8a:	90 91 48 04 	lds	r25, 0x0448	; 0x800448 <_ZL10irmp_param+0xd>
     a8e:	80 91 4c 04 	lds	r24, 0x044C	; 0x80044c <_ZL8irmp_bit>
     a92:	98 13       	cpse	r25, r24
     a94:	05 c0       	rjmp	.+10     	; 0xaa0 <__stack+0x1a1>
     a96:	80 91 49 04 	lds	r24, 0x0449	; 0x800449 <_ZL10irmp_param+0xe>
     a9a:	88 23       	and	r24, r24
     a9c:	09 f4       	brne	.+2      	; 0xaa0 <__stack+0x1a1>
     a9e:	12 c2       	rjmp	.+1060   	; 0xec4 <__stack+0x5c5>
     aa0:	80 91 3a 04 	lds	r24, 0x043A	; 0x80043a <_ZL16irmp_ir_detected>
     aa4:	df 91       	pop	r29
     aa6:	cf 91       	pop	r28
     aa8:	08 95       	ret
     aaa:	80 91 39 04 	lds	r24, 0x0439	; 0x800439 <_ZL13irmp_protocol>
     aae:	84 31       	cpi	r24, 0x14	; 20
     ab0:	09 f4       	brne	.+2      	; 0xab4 <__stack+0x1b5>
     ab2:	00 ce       	rjmp	.-1024   	; 0x6b4 <irmp_ISR+0x172>
     ab4:	61 e0       	ldi	r22, 0x01	; 1
     ab6:	71 e0       	ldi	r23, 0x01	; 1
     ab8:	2d ce       	rjmp	.-934    	; 0x714 <irmp_ISR+0x1d2>
     aba:	60 ef       	ldi	r22, 0xF0	; 240
     abc:	70 e0       	ldi	r23, 0x00	; 0
     abe:	2a ce       	rjmp	.-940    	; 0x714 <irmp_ISR+0x1d2>
     ac0:	90 91 1e 04 	lds	r25, 0x041E	; 0x80041e <_ZZ8irmp_ISRE15irmp_pause_time>
     ac4:	99 52       	subi	r25, 0x29	; 41
     ac6:	98 31       	cpi	r25, 0x18	; 24
     ac8:	08 f4       	brcc	.+2      	; 0xacc <__stack+0x1cd>
     aca:	69 c0       	rjmp	.+210    	; 0xb9e <__stack+0x29f>
     acc:	05 ce       	rjmp	.-1014   	; 0x6d8 <irmp_ISR+0x196>
     ace:	90 91 1e 04 	lds	r25, 0x041E	; 0x80041e <_ZZ8irmp_ISRE15irmp_pause_time>
     ad2:	93 51       	subi	r25, 0x13	; 19
     ad4:	9d 30       	cpi	r25, 0x0D	; 13
     ad6:	08 f4       	brcc	.+2      	; 0xada <__stack+0x1db>
     ad8:	65 c0       	rjmp	.+202    	; 0xba4 <__stack+0x2a5>
     ada:	03 ce       	rjmp	.-1018   	; 0x6e2 <irmp_ISR+0x1a0>
     adc:	9a ee       	ldi	r25, 0xEA	; 234
     ade:	98 0f       	add	r25, r24
     ae0:	9b 30       	cpi	r25, 0x0B	; 11
     ae2:	70 f4       	brcc	.+28     	; 0xb00 <__stack+0x201>
     ae4:	03 ce       	rjmp	.-1018   	; 0x6ec <irmp_ISR+0x1aa>
     ae6:	2a ee       	ldi	r18, 0xEA	; 234
     ae8:	29 0f       	add	r18, r25
     aea:	2b 30       	cpi	r18, 0x0B	; 11
     aec:	48 f4       	brcc	.+18     	; 0xb00 <__stack+0x201>
     aee:	05 ce       	rjmp	.-1014   	; 0x6fa <irmp_ISR+0x1b8>
     af0:	91 51       	subi	r25, 0x11	; 17
     af2:	90 31       	cpi	r25, 0x10	; 16
     af4:	08 f4       	brcc	.+2      	; 0xaf8 <__stack+0x1f9>
     af6:	07 ce       	rjmp	.-1010   	; 0x706 <irmp_ISR+0x1c4>
     af8:	81 e0       	ldi	r24, 0x01	; 1
     afa:	80 93 17 04 	sts	0x0417, r24	; 0x800417 <_ZZ8irmp_ISRE10last_value>
     afe:	08 ce       	rjmp	.-1008   	; 0x710 <irmp_ISR+0x1ce>
     b00:	2d ef       	ldi	r18, 0xFD	; 253
     b02:	28 0f       	add	r18, r24
     b04:	25 30       	cpi	r18, 0x05	; 5
     b06:	58 f4       	brcc	.+22     	; 0xb1e <__stack+0x21f>
     b08:	90 91 1e 04 	lds	r25, 0x041E	; 0x80041e <_ZZ8irmp_ISRE15irmp_pause_time>
     b0c:	39 ee       	ldi	r19, 0xE9	; 233
     b0e:	39 0f       	add	r19, r25
     b10:	38 30       	cpi	r19, 0x08	; 8
     b12:	08 f4       	brcc	.+2      	; 0xb16 <__stack+0x217>
     b14:	4a c0       	rjmp	.+148    	; 0xbaa <__stack+0x2ab>
     b16:	99 50       	subi	r25, 0x09	; 9
     b18:	95 30       	cpi	r25, 0x05	; 5
     b1a:	08 f4       	brcc	.+2      	; 0xb1e <__stack+0x21f>
     b1c:	46 c0       	rjmp	.+140    	; 0xbaa <__stack+0x2ab>
     b1e:	9d ed       	ldi	r25, 0xDD	; 221
     b20:	98 0f       	add	r25, r24
     b22:	9b 30       	cpi	r25, 0x0B	; 11
     b24:	68 f4       	brcc	.+26     	; 0xb40 <__stack+0x241>
     b26:	90 91 1e 04 	lds	r25, 0x041E	; 0x80041e <_ZZ8irmp_ISRE15irmp_pause_time>
     b2a:	9b 50       	subi	r25, 0x0B	; 11
     b2c:	96 30       	cpi	r25, 0x06	; 6
     b2e:	40 f4       	brcc	.+16     	; 0xb40 <__stack+0x241>
     b30:	10 92 18 04 	sts	0x0418, r1	; 0x800418 <_ZZ8irmp_ISRE10last_pause>
     b34:	81 e0       	ldi	r24, 0x01	; 1
     b36:	80 93 17 04 	sts	0x0417, r24	; 0x800417 <_ZZ8irmp_ISRE10last_value>
     b3a:	6a e8       	ldi	r22, 0x8A	; 138
     b3c:	70 e0       	ldi	r23, 0x00	; 0
     b3e:	ea cd       	rjmp	.-1068   	; 0x714 <irmp_ISR+0x1d2>
     b40:	86 50       	subi	r24, 0x06	; 6
     b42:	85 30       	cpi	r24, 0x05	; 5
     b44:	70 f4       	brcc	.+28     	; 0xb62 <__stack+0x263>
     b46:	80 91 1e 04 	lds	r24, 0x041E	; 0x80041e <_ZZ8irmp_ISRE15irmp_pause_time>
     b4a:	9f ed       	ldi	r25, 0xDF	; 223
     b4c:	98 0f       	add	r25, r24
     b4e:	91 31       	cpi	r25, 0x11	; 17
     b50:	40 f4       	brcc	.+16     	; 0xb62 <__stack+0x263>
     b52:	80 93 18 04 	sts	0x0418, r24	; 0x800418 <_ZZ8irmp_ISRE10last_pause>
     b56:	81 e0       	ldi	r24, 0x01	; 1
     b58:	80 93 17 04 	sts	0x0417, r24	; 0x800417 <_ZZ8irmp_ISRE10last_value>
     b5c:	69 e7       	ldi	r22, 0x79	; 121
     b5e:	70 e0       	ldi	r23, 0x00	; 0
     b60:	d9 cd       	rjmp	.-1102   	; 0x714 <irmp_ISR+0x1d2>
     b62:	2a 30       	cpi	r18, 0x0A	; 10
     b64:	90 f4       	brcc	.+36     	; 0xb8a <__stack+0x28b>
     b66:	80 91 1e 04 	lds	r24, 0x041E	; 0x80041e <_ZZ8irmp_ISRE15irmp_pause_time>
     b6a:	99 ef       	ldi	r25, 0xF9	; 249
     b6c:	98 0f       	add	r25, r24
     b6e:	95 30       	cpi	r25, 0x05	; 5
     b70:	20 f0       	brcs	.+8      	; 0xb7a <__stack+0x27b>
     b72:	92 ef       	ldi	r25, 0xF2	; 242
     b74:	98 0f       	add	r25, r24
     b76:	99 30       	cpi	r25, 0x09	; 9
     b78:	40 f4       	brcc	.+16     	; 0xb8a <__stack+0x28b>
     b7a:	80 93 18 04 	sts	0x0418, r24	; 0x800418 <_ZZ8irmp_ISRE10last_pause>
     b7e:	81 e0       	ldi	r24, 0x01	; 1
     b80:	80 93 17 04 	sts	0x0417, r24	; 0x800417 <_ZZ8irmp_ISRE10last_value>
     b84:	68 e6       	ldi	r22, 0x68	; 104
     b86:	70 e0       	ldi	r23, 0x00	; 0
     b88:	c5 cd       	rjmp	.-1142   	; 0x714 <irmp_ISR+0x1d2>
     b8a:	10 92 22 04 	sts	0x0422, r1	; 0x800422 <_ZZ8irmp_ISRE23irmp_start_bit_detected>
     b8e:	10 92 3b 04 	sts	0x043B, r1	; 0x80043b <_ZL10irmp_param>
     b92:	60 e0       	ldi	r22, 0x00	; 0
     b94:	70 e0       	ldi	r23, 0x00	; 0
     b96:	be cd       	rjmp	.-1156   	; 0x714 <irmp_ISR+0x1d2>
     b98:	6f ed       	ldi	r22, 0xDF	; 223
     b9a:	70 e0       	ldi	r23, 0x00	; 0
     b9c:	bb cd       	rjmp	.-1162   	; 0x714 <irmp_ISR+0x1d2>
     b9e:	6e ec       	ldi	r22, 0xCE	; 206
     ba0:	70 e0       	ldi	r23, 0x00	; 0
     ba2:	b8 cd       	rjmp	.-1168   	; 0x714 <irmp_ISR+0x1d2>
     ba4:	6d eb       	ldi	r22, 0xBD	; 189
     ba6:	70 e0       	ldi	r23, 0x00	; 0
     ba8:	b5 cd       	rjmp	.-1174   	; 0x714 <irmp_ISR+0x1d2>
     baa:	6b e9       	ldi	r22, 0x9B	; 155
     bac:	70 e0       	ldi	r23, 0x00	; 0
     bae:	b2 cd       	rjmp	.-1180   	; 0x714 <irmp_ISR+0x1d2>
     bb0:	80 91 4b 04 	lds	r24, 0x044B	; 0x80044b <_ZL10irmp_param+0x10>
     bb4:	80 ff       	sbrs	r24, 0
     bb6:	91 c0       	rjmp	.+290    	; 0xcda <__stack+0x3db>
     bb8:	c0 91 21 04 	lds	r28, 0x0421	; 0x800421 <_ZZ8irmp_ISRE15irmp_pulse_time>
     bbc:	90 91 3d 04 	lds	r25, 0x043D	; 0x80043d <_ZL10irmp_param+0x2>
     bc0:	9c 17       	cp	r25, r28
     bc2:	08 f0       	brcs	.+2      	; 0xbc6 <__stack+0x2c7>
     bc4:	48 c0       	rjmp	.+144    	; 0xc56 <__stack+0x357>
     bc6:	90 91 3b 04 	lds	r25, 0x043B	; 0x80043b <_ZL10irmp_param>
     bca:	99 30       	cpi	r25, 0x09	; 9
     bcc:	99 f4       	brne	.+38     	; 0xbf4 <__stack+0x2f5>
     bce:	90 91 4c 04 	lds	r25, 0x044C	; 0x80044c <_ZL8irmp_bit>
     bd2:	94 30       	cpi	r25, 0x04	; 4
     bd4:	79 f4       	brne	.+30     	; 0xbf4 <__stack+0x2f5>
     bd6:	cc 30       	cpi	r28, 0x0C	; 12
     bd8:	68 f0       	brcs	.+26     	; 0xbf4 <__stack+0x2f5>
     bda:	80 91 48 04 	lds	r24, 0x0448	; 0x800448 <_ZL10irmp_param+0xd>
     bde:	84 32       	cpi	r24, 0x24	; 36
     be0:	29 f4       	brne	.+10     	; 0xbec <__stack+0x2ed>
     be2:	81 e0       	ldi	r24, 0x01	; 1
     be4:	0e 94 f3 00 	call	0x1e6	; 0x1e6 <_ZL14irmp_store_bith>
     be8:	81 e0       	ldi	r24, 0x01	; 1
     bea:	32 c0       	rjmp	.+100    	; 0xc50 <__stack+0x351>
     bec:	80 e0       	ldi	r24, 0x00	; 0
     bee:	0e 94 f3 00 	call	0x1e6	; 0x1e6 <_ZL14irmp_store_bith>
     bf2:	1e c0       	rjmp	.+60     	; 0xc30 <__stack+0x331>
     bf4:	d1 e0       	ldi	r29, 0x01	; 1
     bf6:	86 95       	lsr	r24
     bf8:	81 70       	andi	r24, 0x01	; 1
     bfa:	8d 27       	eor	r24, r29
     bfc:	0e 94 f3 00 	call	0x1e6	; 0x1e6 <_ZL14irmp_store_bith>
     c00:	80 91 3b 04 	lds	r24, 0x043B	; 0x80043b <_ZL10irmp_param>
     c04:	89 30       	cpi	r24, 0x09	; 9
     c06:	d1 f4       	brne	.+52     	; 0xc3c <__stack+0x33d>
     c08:	80 91 4c 04 	lds	r24, 0x044C	; 0x80044c <_ZL8irmp_bit>
     c0c:	84 30       	cpi	r24, 0x04	; 4
     c0e:	b1 f4       	brne	.+44     	; 0xc3c <__stack+0x33d>
     c10:	cc 30       	cpi	r28, 0x0C	; 12
     c12:	a0 f0       	brcs	.+40     	; 0xc3c <__stack+0x33d>
     c14:	81 e0       	ldi	r24, 0x01	; 1
     c16:	0e 94 f3 00 	call	0x1e6	; 0x1e6 <_ZL14irmp_store_bith>
     c1a:	80 91 3f 04 	lds	r24, 0x043F	; 0x80043f <_ZL10irmp_param+0x4>
     c1e:	20 91 1e 04 	lds	r18, 0x041E	; 0x80041e <_ZZ8irmp_ISRE15irmp_pause_time>
     c22:	30 e0       	ldi	r19, 0x00	; 0
     c24:	90 e0       	ldi	r25, 0x00	; 0
     c26:	88 0f       	add	r24, r24
     c28:	99 1f       	adc	r25, r25
     c2a:	82 17       	cp	r24, r18
     c2c:	93 07       	cpc	r25, r19
     c2e:	1c f4       	brge	.+6      	; 0xc36 <__stack+0x337>
     c30:	10 92 17 04 	sts	0x0417, r1	; 0x800417 <_ZZ8irmp_ISRE10last_value>
     c34:	4d c0       	rjmp	.+154    	; 0xcd0 <__stack+0x3d1>
     c36:	d0 93 17 04 	sts	0x0417, r29	; 0x800417 <_ZZ8irmp_ISRE10last_value>
     c3a:	4a c0       	rjmp	.+148    	; 0xcd0 <__stack+0x3d1>
     c3c:	80 91 4b 04 	lds	r24, 0x044B	; 0x80044b <_ZL10irmp_param+0x10>
     c40:	86 95       	lsr	r24
     c42:	81 70       	andi	r24, 0x01	; 1
     c44:	0e 94 f3 00 	call	0x1e6	; 0x1e6 <_ZL14irmp_store_bith>
     c48:	80 91 4b 04 	lds	r24, 0x044B	; 0x80044b <_ZL10irmp_param+0x10>
     c4c:	86 95       	lsr	r24
     c4e:	81 70       	andi	r24, 0x01	; 1
     c50:	80 93 17 04 	sts	0x0417, r24	; 0x800417 <_ZZ8irmp_ISRE10last_value>
     c54:	3d c0       	rjmp	.+122    	; 0xcd0 <__stack+0x3d1>
     c56:	80 91 3c 04 	lds	r24, 0x043C	; 0x80043c <_ZL10irmp_param+0x1>
     c5a:	c8 17       	cp	r28, r24
     c5c:	a8 f1       	brcs	.+106    	; 0xcc8 <__stack+0x3c9>
     c5e:	80 91 3f 04 	lds	r24, 0x043F	; 0x80043f <_ZL10irmp_param+0x4>
     c62:	20 91 18 04 	lds	r18, 0x0418	; 0x800418 <_ZZ8irmp_ISRE10last_pause>
     c66:	40 91 17 04 	lds	r20, 0x0417	; 0x800417 <_ZZ8irmp_ISRE10last_value>
     c6a:	82 17       	cp	r24, r18
     c6c:	68 f4       	brcc	.+26     	; 0xc88 <__stack+0x389>
     c6e:	30 e0       	ldi	r19, 0x00	; 0
     c70:	90 e0       	ldi	r25, 0x00	; 0
     c72:	88 0f       	add	r24, r24
     c74:	99 1f       	adc	r25, r25
     c76:	82 17       	cp	r24, r18
     c78:	93 07       	cpc	r25, r19
     c7a:	34 f0       	brlt	.+12     	; 0xc88 <__stack+0x389>
     c7c:	81 e0       	ldi	r24, 0x01	; 1
     c7e:	41 11       	cpse	r20, r1
     c80:	80 e0       	ldi	r24, 0x00	; 0
     c82:	80 93 17 04 	sts	0x0417, r24	; 0x800417 <_ZZ8irmp_ISRE10last_value>
     c86:	01 c0       	rjmp	.+2      	; 0xc8a <__stack+0x38b>
     c88:	84 2f       	mov	r24, r20
     c8a:	90 91 3b 04 	lds	r25, 0x043B	; 0x80043b <_ZL10irmp_param>
     c8e:	99 30       	cpi	r25, 0x09	; 9
     c90:	c1 f4       	brne	.+48     	; 0xcc2 <__stack+0x3c3>
     c92:	90 91 4c 04 	lds	r25, 0x044C	; 0x80044c <_ZL8irmp_bit>
     c96:	91 30       	cpi	r25, 0x01	; 1
     c98:	a1 f4       	brne	.+40     	; 0xcc2 <__stack+0x3c3>
     c9a:	81 30       	cpi	r24, 0x01	; 1
     c9c:	91 f4       	brne	.+36     	; 0xcc2 <__stack+0x3c3>
     c9e:	94 e2       	ldi	r25, 0x24	; 36
     ca0:	90 93 48 04 	sts	0x0448, r25	; 0x800448 <_ZL10irmp_param+0xd>
     ca4:	25 e0       	ldi	r18, 0x05	; 5
     ca6:	20 93 44 04 	sts	0x0444, r18	; 0x800444 <_ZL10irmp_param+0x9>
     caa:	24 e1       	ldi	r18, 0x14	; 20
     cac:	20 93 45 04 	sts	0x0445, r18	; 0x800445 <_ZL10irmp_param+0xa>
     cb0:	25 e1       	ldi	r18, 0x15	; 21
     cb2:	20 93 46 04 	sts	0x0446, r18	; 0x800446 <_ZL10irmp_param+0xb>
     cb6:	90 93 47 04 	sts	0x0447, r25	; 0x800447 <_ZL10irmp_param+0xc>
     cba:	10 92 31 04 	sts	0x0431, r1	; 0x800431 <_ZL16irmp_tmp_address+0x1>
     cbe:	10 92 30 04 	sts	0x0430, r1	; 0x800430 <_ZL16irmp_tmp_address>
     cc2:	0e 94 f3 00 	call	0x1e6	; 0x1e6 <_ZL14irmp_store_bith>
     cc6:	04 c0       	rjmp	.+8      	; 0xcd0 <__stack+0x3d1>
     cc8:	10 92 22 04 	sts	0x0422, r1	; 0x800422 <_ZZ8irmp_ISRE23irmp_start_bit_detected>
     ccc:	10 92 1e 04 	sts	0x041E, r1	; 0x80041e <_ZZ8irmp_ISRE15irmp_pause_time>
     cd0:	80 91 1e 04 	lds	r24, 0x041E	; 0x80041e <_ZZ8irmp_ISRE15irmp_pause_time>
     cd4:	80 93 18 04 	sts	0x0418, r24	; 0x800418 <_ZZ8irmp_ISRE10last_pause>
     cd8:	29 c0       	rjmp	.+82     	; 0xd2c <__stack+0x42d>
     cda:	80 91 3b 04 	lds	r24, 0x043B	; 0x80043b <_ZL10irmp_param>
     cde:	83 30       	cpi	r24, 0x03	; 3
     ce0:	41 f5       	brne	.+80     	; 0xd32 <__stack+0x433>
     ce2:	90 91 4c 04 	lds	r25, 0x044C	; 0x80044c <_ZL8irmp_bit>
     ce6:	90 31       	cpi	r25, 0x10	; 16
     ce8:	31 f5       	brne	.+76     	; 0xd36 <__stack+0x437>
     cea:	80 91 21 04 	lds	r24, 0x0421	; 0x800421 <_ZZ8irmp_ISRE15irmp_pulse_time>
     cee:	85 50       	subi	r24, 0x05	; 5
     cf0:	88 30       	cpi	r24, 0x08	; 8
     cf2:	d8 f5       	brcc	.+118    	; 0xd6a <__stack+0x46b>
     cf4:	80 91 1e 04 	lds	r24, 0x041E	; 0x80041e <_ZZ8irmp_ISRE15irmp_pause_time>
     cf8:	24 ec       	ldi	r18, 0xC4	; 196
     cfa:	28 0f       	add	r18, r24
     cfc:	20 31       	cpi	r18, 0x10	; 16
     cfe:	30 f4       	brcc	.+12     	; 0xd0c <__stack+0x40d>
     d00:	10 92 1f 04 	sts	0x041F, r1	; 0x80041f <_ZZ8irmp_ISRE14wait_for_space>
     d04:	81 e1       	ldi	r24, 0x11	; 17
     d06:	80 93 4c 04 	sts	0x044C, r24	; 0x80044c <_ZL8irmp_bit>
     d0a:	5b c0       	rjmp	.+182    	; 0xdc2 <__stack+0x4c3>
     d0c:	2a e0       	ldi	r18, 0x0A	; 10
     d0e:	20 93 3b 04 	sts	0x043B, r18	; 0x80043b <_ZL10irmp_param>
     d12:	90 93 46 04 	sts	0x0446, r25	; 0x800446 <_ZL10irmp_param+0xb>
     d16:	90 e2       	ldi	r25, 0x20	; 32
     d18:	90 93 47 04 	sts	0x0447, r25	; 0x800447 <_ZL10irmp_param+0xc>
     d1c:	90 93 48 04 	sts	0x0448, r25	; 0x800448 <_ZL10irmp_param+0xd>
     d20:	8f 50       	subi	r24, 0x0F	; 15
     d22:	80 31       	cpi	r24, 0x10	; 16
     d24:	00 f5       	brcc	.+64     	; 0xd66 <__stack+0x467>
     d26:	81 e0       	ldi	r24, 0x01	; 1
     d28:	0e 94 f3 00 	call	0x1e6	; 0x1e6 <_ZL14irmp_store_bith>
     d2c:	10 92 1f 04 	sts	0x041F, r1	; 0x80041f <_ZZ8irmp_ISRE14wait_for_space>
     d30:	48 c0       	rjmp	.+144    	; 0xdc2 <__stack+0x4c3>
     d32:	8c 31       	cpi	r24, 0x1C	; 28
     d34:	f9 f0       	breq	.+62     	; 0xd74 <__stack+0x475>
     d36:	80 91 21 04 	lds	r24, 0x0421	; 0x800421 <_ZZ8irmp_ISRE15irmp_pulse_time>
     d3a:	90 91 3c 04 	lds	r25, 0x043C	; 0x80043c <_ZL10irmp_param+0x1>
     d3e:	89 17       	cp	r24, r25
     d40:	88 f5       	brcc	.+98     	; 0xda4 <__stack+0x4a5>
     d42:	90 91 40 04 	lds	r25, 0x0440	; 0x800440 <_ZL10irmp_param+0x5>
     d46:	89 17       	cp	r24, r25
     d48:	80 f0       	brcs	.+32     	; 0xd6a <__stack+0x46b>
     d4a:	90 91 41 04 	lds	r25, 0x0441	; 0x800441 <_ZL10irmp_param+0x6>
     d4e:	98 17       	cp	r25, r24
     d50:	60 f0       	brcs	.+24     	; 0xd6a <__stack+0x46b>
     d52:	80 91 1e 04 	lds	r24, 0x041E	; 0x80041e <_ZZ8irmp_ISRE15irmp_pause_time>
     d56:	90 91 42 04 	lds	r25, 0x0442	; 0x800442 <_ZL10irmp_param+0x7>
     d5a:	89 17       	cp	r24, r25
     d5c:	30 f0       	brcs	.+12     	; 0xd6a <__stack+0x46b>
     d5e:	90 91 43 04 	lds	r25, 0x0443	; 0x800443 <_ZL10irmp_param+0x8>
     d62:	98 17       	cp	r25, r24
     d64:	10 f0       	brcs	.+4      	; 0xd6a <__stack+0x46b>
     d66:	80 e0       	ldi	r24, 0x00	; 0
     d68:	df cf       	rjmp	.-66     	; 0xd28 <__stack+0x429>
     d6a:	10 92 22 04 	sts	0x0422, r1	; 0x800422 <_ZZ8irmp_ISRE23irmp_start_bit_detected>
     d6e:	10 92 1e 04 	sts	0x041E, r1	; 0x80041e <_ZZ8irmp_ISRE15irmp_pause_time>
     d72:	27 c0       	rjmp	.+78     	; 0xdc2 <__stack+0x4c3>
     d74:	80 91 4c 04 	lds	r24, 0x044C	; 0x80044c <_ZL8irmp_bit>
     d78:	88 30       	cpi	r24, 0x08	; 8
     d7a:	e9 f6       	brne	.-70     	; 0xd36 <__stack+0x437>
     d7c:	90 91 1e 04 	lds	r25, 0x041E	; 0x80041e <_ZZ8irmp_ISRE15irmp_pause_time>
     d80:	9e 52       	subi	r25, 0x2E	; 46
     d82:	9c 32       	cpi	r25, 0x2C	; 44
     d84:	c0 f6       	brcc	.-80     	; 0xd36 <__stack+0x437>
     d86:	9b e1       	ldi	r25, 0x1B	; 27
     d88:	90 93 3b 04 	sts	0x043B, r25	; 0x80043b <_ZL10irmp_param>
     d8c:	10 92 44 04 	sts	0x0444, r1	; 0x800444 <_ZL10irmp_param+0x9>
     d90:	80 93 45 04 	sts	0x0445, r24	; 0x800445 <_ZL10irmp_param+0xa>
     d94:	80 93 46 04 	sts	0x0446, r24	; 0x800446 <_ZL10irmp_param+0xb>
     d98:	80 e1       	ldi	r24, 0x10	; 16
     d9a:	80 93 47 04 	sts	0x0447, r24	; 0x800447 <_ZL10irmp_param+0xc>
     d9e:	80 93 48 04 	sts	0x0448, r24	; 0x800448 <_ZL10irmp_param+0xd>
     da2:	c4 cf       	rjmp	.-120    	; 0xd2c <__stack+0x42d>
     da4:	90 91 3d 04 	lds	r25, 0x043D	; 0x80043d <_ZL10irmp_param+0x2>
     da8:	98 17       	cp	r25, r24
     daa:	58 f2       	brcs	.-106    	; 0xd42 <__stack+0x443>
     dac:	90 91 1e 04 	lds	r25, 0x041E	; 0x80041e <_ZZ8irmp_ISRE15irmp_pause_time>
     db0:	20 91 3e 04 	lds	r18, 0x043E	; 0x80043e <_ZL10irmp_param+0x3>
     db4:	92 17       	cp	r25, r18
     db6:	28 f2       	brcs	.-118    	; 0xd42 <__stack+0x443>
     db8:	20 91 3f 04 	lds	r18, 0x043F	; 0x80043f <_ZL10irmp_param+0x4>
     dbc:	29 17       	cp	r18, r25
     dbe:	08 f2       	brcs	.-126    	; 0xd42 <__stack+0x443>
     dc0:	b2 cf       	rjmp	.-156    	; 0xd26 <__stack+0x427>
     dc2:	81 e0       	ldi	r24, 0x01	; 1
     dc4:	47 ce       	rjmp	.-882    	; 0xa54 <__stack+0x155>
     dc6:	21 11       	cpse	r18, r1
     dc8:	5e ce       	rjmp	.-836    	; 0xa86 <__stack+0x187>
     dca:	03 cd       	rjmp	.-1530   	; 0x7d2 <irmp_ISR+0x290>
     dcc:	81 11       	cpse	r24, r1
     dce:	2c c0       	rjmp	.+88     	; 0xe28 <__stack+0x529>
     dd0:	80 91 1b 04 	lds	r24, 0x041B	; 0x80041b <_ZZ8irmp_ISRE18key_repetition_len>
     dd4:	90 91 1c 04 	lds	r25, 0x041C	; 0x80041c <_ZZ8irmp_ISRE18key_repetition_len+0x1>
     dd8:	88 30       	cpi	r24, 0x08	; 8
     dda:	97 40       	sbci	r25, 0x07	; 7
     ddc:	10 f5       	brcc	.+68     	; 0xe22 <__stack+0x523>
     dde:	81 e0       	ldi	r24, 0x01	; 1
     de0:	80 93 49 04 	sts	0x0449, r24	; 0x800449 <_ZL10irmp_param+0xe>
     de4:	82 e0       	ldi	r24, 0x02	; 2
     de6:	80 93 3b 04 	sts	0x043B, r24	; 0x80043b <_ZL10irmp_param>
     dea:	10 92 48 04 	sts	0x0448, r1	; 0x800448 <_ZL10irmp_param+0xd>
     dee:	80 91 02 01 	lds	r24, 0x0102	; 0x800102 <_ZZ8irmp_ISRE17last_irmp_address>
     df2:	90 91 03 01 	lds	r25, 0x0103	; 0x800103 <_ZZ8irmp_ISRE17last_irmp_address+0x1>
     df6:	90 93 31 04 	sts	0x0431, r25	; 0x800431 <_ZL16irmp_tmp_address+0x1>
     dfa:	80 93 30 04 	sts	0x0430, r24	; 0x800430 <_ZL16irmp_tmp_address>
     dfe:	80 91 00 01 	lds	r24, 0x0100	; 0x800100 <__DATA_REGION_ORIGIN__>
     e02:	90 91 01 01 	lds	r25, 0x0101	; 0x800101 <__DATA_REGION_ORIGIN__+0x1>
     e06:	90 93 2f 04 	sts	0x042F, r25	; 0x80042f <_ZL16irmp_tmp_command+0x1>
     e0a:	80 93 2e 04 	sts	0x042E, r24	; 0x80042e <_ZL16irmp_tmp_command>
     e0e:	80 91 32 04 	lds	r24, 0x0432	; 0x800432 <_ZL10irmp_flags>
     e12:	81 60       	ori	r24, 0x01	; 1
     e14:	80 93 32 04 	sts	0x0432, r24	; 0x800432 <_ZL10irmp_flags>
     e18:	10 92 1c 04 	sts	0x041C, r1	; 0x80041c <_ZZ8irmp_ISRE18key_repetition_len+0x1>
     e1c:	10 92 1b 04 	sts	0x041B, r1	; 0x80041b <_ZZ8irmp_ISRE18key_repetition_len>
     e20:	34 ce       	rjmp	.-920    	; 0xa8a <__stack+0x18b>
     e22:	10 92 3a 04 	sts	0x043A, r1	; 0x80043a <_ZL16irmp_ir_detected>
     e26:	31 ce       	rjmp	.-926    	; 0xa8a <__stack+0x18b>
     e28:	90 ef       	ldi	r25, 0xF0	; 240
     e2a:	98 0f       	add	r25, r24
     e2c:	92 30       	cpi	r25, 0x02	; 2
     e2e:	08 f0       	brcs	.+2      	; 0xe32 <__stack+0x533>
     e30:	d0 cd       	rjmp	.-1120   	; 0x9d2 <__stack+0xd3>
     e32:	21 e0       	ldi	r18, 0x01	; 1
     e34:	20 93 49 04 	sts	0x0449, r18	; 0x800449 <_ZL10irmp_param+0xe>
     e38:	94 e1       	ldi	r25, 0x14	; 20
     e3a:	90 93 3b 04 	sts	0x043B, r25	; 0x80043b <_ZL10irmp_param>
     e3e:	80 93 48 04 	sts	0x0448, r24	; 0x800448 <_ZL10irmp_param+0xd>
     e42:	80 91 30 04 	lds	r24, 0x0430	; 0x800430 <_ZL16irmp_tmp_address>
     e46:	90 91 31 04 	lds	r25, 0x0431	; 0x800431 <_ZL16irmp_tmp_address+0x1>
     e4a:	ac 01       	movw	r20, r24
     e4c:	a4 e0       	ldi	r26, 0x04	; 4
     e4e:	56 95       	lsr	r21
     e50:	47 95       	ror	r20
     e52:	aa 95       	dec	r26
     e54:	e1 f7       	brne	.-8      	; 0xe4e <__stack+0x54f>
     e56:	50 93 2f 04 	sts	0x042F, r21	; 0x80042f <_ZL16irmp_tmp_command+0x1>
     e5a:	40 93 2e 04 	sts	0x042E, r20	; 0x80042e <_ZL16irmp_tmp_command>
     e5e:	8f 70       	andi	r24, 0x0F	; 15
     e60:	99 27       	eor	r25, r25
     e62:	90 93 31 04 	sts	0x0431, r25	; 0x800431 <_ZL16irmp_tmp_address+0x1>
     e66:	80 93 30 04 	sts	0x0430, r24	; 0x800430 <_ZL16irmp_tmp_address>
     e6a:	20 93 22 04 	sts	0x0422, r18	; 0x800422 <_ZZ8irmp_ISRE23irmp_start_bit_detected>
     e6e:	0d ce       	rjmp	.-998    	; 0xa8a <__stack+0x18b>
     e70:	90 ef       	ldi	r25, 0xF0	; 240
     e72:	98 0f       	add	r25, r24
     e74:	92 30       	cpi	r25, 0x02	; 2
     e76:	08 f0       	brcs	.+2      	; 0xe7a <__stack+0x57b>
     e78:	ac cd       	rjmp	.-1192   	; 0x9d2 <__stack+0xd3>
     e7a:	91 e0       	ldi	r25, 0x01	; 1
     e7c:	90 93 49 04 	sts	0x0449, r25	; 0x800449 <_ZL10irmp_param+0xe>
     e80:	94 e1       	ldi	r25, 0x14	; 20
     e82:	90 93 3b 04 	sts	0x043B, r25	; 0x80043b <_ZL10irmp_param>
     e86:	80 93 48 04 	sts	0x0448, r24	; 0x800448 <_ZL10irmp_param+0xd>
     e8a:	80 91 30 04 	lds	r24, 0x0430	; 0x800430 <_ZL16irmp_tmp_address>
     e8e:	90 91 31 04 	lds	r25, 0x0431	; 0x800431 <_ZL16irmp_tmp_address+0x1>
     e92:	20 91 2c 04 	lds	r18, 0x042C	; 0x80042c <_ZL17irmp_tmp_address2>
     e96:	40 e0       	ldi	r20, 0x00	; 0
     e98:	50 e0       	ldi	r21, 0x00	; 0
     e9a:	52 2f       	mov	r21, r18
     e9c:	55 0f       	add	r21, r21
     e9e:	9c 01       	movw	r18, r24
     ea0:	74 e0       	ldi	r23, 0x04	; 4
     ea2:	36 95       	lsr	r19
     ea4:	27 95       	ror	r18
     ea6:	7a 95       	dec	r23
     ea8:	e1 f7       	brne	.-8      	; 0xea2 <__stack+0x5a3>
     eaa:	24 2b       	or	r18, r20
     eac:	35 2b       	or	r19, r21
     eae:	30 93 2f 04 	sts	0x042F, r19	; 0x80042f <_ZL16irmp_tmp_command+0x1>
     eb2:	20 93 2e 04 	sts	0x042E, r18	; 0x80042e <_ZL16irmp_tmp_command>
     eb6:	8f 70       	andi	r24, 0x0F	; 15
     eb8:	99 27       	eor	r25, r25
     eba:	90 93 31 04 	sts	0x0431, r25	; 0x800431 <_ZL16irmp_tmp_address+0x1>
     ebe:	80 93 30 04 	sts	0x0430, r24	; 0x800430 <_ZL16irmp_tmp_address>
     ec2:	e3 cd       	rjmp	.-1082   	; 0xa8a <__stack+0x18b>
     ec4:	60 91 00 01 	lds	r22, 0x0100	; 0x800100 <__DATA_REGION_ORIGIN__>
     ec8:	70 91 01 01 	lds	r23, 0x0101	; 0x800101 <__DATA_REGION_ORIGIN__+0x1>
     ecc:	20 91 2e 04 	lds	r18, 0x042E	; 0x80042e <_ZL16irmp_tmp_command>
     ed0:	30 91 2f 04 	lds	r19, 0x042F	; 0x80042f <_ZL16irmp_tmp_command+0x1>
     ed4:	62 17       	cp	r22, r18
     ed6:	73 07       	cpc	r23, r19
     ed8:	69 f4       	brne	.+26     	; 0xef4 <__stack+0x5f5>
     eda:	40 91 1b 04 	lds	r20, 0x041B	; 0x80041b <_ZZ8irmp_ISRE18key_repetition_len>
     ede:	50 91 1c 04 	lds	r21, 0x041C	; 0x80041c <_ZZ8irmp_ISRE18key_repetition_len+0x1>
     ee2:	40 3b       	cpi	r20, 0xB0	; 176
     ee4:	54 40       	sbci	r21, 0x04	; 4
     ee6:	30 f4       	brcc	.+12     	; 0xef4 <__stack+0x5f5>
     ee8:	80 91 16 04 	lds	r24, 0x0416	; 0x800416 <__data_end>
     eec:	8f 5f       	subi	r24, 0xFF	; 255
     eee:	80 93 16 04 	sts	0x0416, r24	; 0x800416 <__data_end>
     ef2:	02 c0       	rjmp	.+4      	; 0xef8 <__stack+0x5f9>
     ef4:	10 92 16 04 	sts	0x0416, r1	; 0x800416 <__data_end>
     ef8:	80 91 3b 04 	lds	r24, 0x043B	; 0x80043b <_ZL10irmp_param>
     efc:	81 30       	cpi	r24, 0x01	; 1
     efe:	51 f4       	brne	.+20     	; 0xf14 <__stack+0x615>
     f00:	40 91 16 04 	lds	r20, 0x0416	; 0x800416 <__data_end>
     f04:	41 50       	subi	r20, 0x01	; 1
     f06:	42 30       	cpi	r20, 0x02	; 2
     f08:	28 f4       	brcc	.+10     	; 0xf14 <__stack+0x615>
     f0a:	10 92 1c 04 	sts	0x041C, r1	; 0x80041c <_ZZ8irmp_ISRE18key_repetition_len+0x1>
     f0e:	10 92 1b 04 	sts	0x041B, r1	; 0x80041b <_ZZ8irmp_ISRE18key_repetition_len>
     f12:	da c0       	rjmp	.+436    	; 0x10c8 <__stack+0x7c9>
     f14:	41 e0       	ldi	r20, 0x01	; 1
     f16:	40 93 3a 04 	sts	0x043A, r20	; 0x80043a <_ZL16irmp_ir_detected>
     f1a:	88 30       	cpi	r24, 0x08	; 8
     f1c:	a1 f5       	brne	.+104    	; 0xf86 <__stack+0x687>
     f1e:	a9 01       	movw	r20, r18
     f20:	40 95       	com	r20
     f22:	50 95       	com	r21
     f24:	53 70       	andi	r21, 0x03	; 3
     f26:	e0 91 19 04 	lds	r30, 0x0419	; 0x800419 <_ZZ8irmp_ISRE23last_irmp_denon_command>
     f2a:	f0 91 1a 04 	lds	r31, 0x041A	; 0x80041a <_ZZ8irmp_ISRE23last_irmp_denon_command+0x1>
     f2e:	4e 17       	cp	r20, r30
     f30:	5f 07       	cpc	r21, r31
     f32:	b9 f4       	brne	.+46     	; 0xf62 <__stack+0x663>
     f34:	50 93 2f 04 	sts	0x042F, r21	; 0x80042f <_ZL16irmp_tmp_command+0x1>
     f38:	40 93 2e 04 	sts	0x042E, r20	; 0x80042e <_ZL16irmp_tmp_command>
     f3c:	10 92 1a 04 	sts	0x041A, r1	; 0x80041a <_ZZ8irmp_ISRE23last_irmp_denon_command+0x1>
     f40:	10 92 19 04 	sts	0x0419, r1	; 0x800419 <_ZZ8irmp_ISRE23last_irmp_denon_command>
     f44:	80 93 39 04 	sts	0x0439, r24	; 0x800439 <_ZL13irmp_protocol>
     f48:	80 91 30 04 	lds	r24, 0x0430	; 0x800430 <_ZL16irmp_tmp_address>
     f4c:	90 91 31 04 	lds	r25, 0x0431	; 0x800431 <_ZL16irmp_tmp_address+0x1>
     f50:	90 93 38 04 	sts	0x0438, r25	; 0x800438 <_ZL12irmp_address+0x1>
     f54:	80 93 37 04 	sts	0x0437, r24	; 0x800437 <_ZL12irmp_address>
     f58:	50 93 36 04 	sts	0x0436, r21	; 0x800436 <_ZL12irmp_command+0x1>
     f5c:	40 93 35 04 	sts	0x0435, r20	; 0x800435 <_ZL12irmp_command>
     f60:	b3 c0       	rjmp	.+358    	; 0x10c8 <__stack+0x7c9>
     f62:	20 fd       	sbrc	r18, 0
     f64:	09 c0       	rjmp	.+18     	; 0xf78 <__stack+0x679>
     f66:	30 93 1a 04 	sts	0x041A, r19	; 0x80041a <_ZZ8irmp_ISRE23last_irmp_denon_command+0x1>
     f6a:	20 93 19 04 	sts	0x0419, r18	; 0x800419 <_ZZ8irmp_ISRE23last_irmp_denon_command>
     f6e:	10 92 05 01 	sts	0x0105, r1	; 0x800105 <_ZZ8irmp_ISRE20denon_repetition_len+0x1>
     f72:	10 92 04 01 	sts	0x0104, r1	; 0x800104 <_ZZ8irmp_ISRE20denon_repetition_len>
     f76:	04 c0       	rjmp	.+8      	; 0xf80 <__stack+0x681>
     f78:	10 92 1a 04 	sts	0x041A, r1	; 0x80041a <_ZZ8irmp_ISRE23last_irmp_denon_command+0x1>
     f7c:	10 92 19 04 	sts	0x0419, r1	; 0x800419 <_ZZ8irmp_ISRE23last_irmp_denon_command>
     f80:	10 92 3a 04 	sts	0x043A, r1	; 0x80043a <_ZL16irmp_ir_detected>
     f84:	a1 c0       	rjmp	.+322    	; 0x10c8 <__stack+0x7c9>
     f86:	8f 30       	cpi	r24, 0x0F	; 15
     f88:	29 f4       	brne	.+10     	; 0xf94 <__stack+0x695>
     f8a:	2f 3f       	cpi	r18, 0xFF	; 255
     f8c:	31 40       	sbci	r19, 0x01	; 1
     f8e:	09 f0       	breq	.+2      	; 0xf92 <__stack+0x693>
     f90:	6d c0       	rjmp	.+218    	; 0x106c <__stack+0x76d>
     f92:	f6 cf       	rjmp	.-20     	; 0xf80 <__stack+0x681>
     f94:	80 31       	cpi	r24, 0x10	; 16
     f96:	69 f4       	brne	.+26     	; 0xfb2 <__stack+0x6b3>
     f98:	40 91 30 04 	lds	r20, 0x0430	; 0x800430 <_ZL16irmp_tmp_address>
     f9c:	50 91 31 04 	lds	r21, 0x0431	; 0x800431 <_ZL16irmp_tmp_address+0x1>
     fa0:	4f 3f       	cpi	r20, 0xFF	; 255
     fa2:	51 05       	cpc	r21, r1
     fa4:	09 f0       	breq	.+2      	; 0xfa8 <__stack+0x6a9>
     fa6:	62 c0       	rjmp	.+196    	; 0x106c <__stack+0x76d>
     fa8:	2e 3f       	cpi	r18, 0xFE	; 254
     faa:	31 05       	cpc	r19, r1
     fac:	09 f0       	breq	.+2      	; 0xfb0 <__stack+0x6b1>
     fae:	5e c0       	rjmp	.+188    	; 0x106c <__stack+0x76d>
     fb0:	e7 cf       	rjmp	.-50     	; 0xf80 <__stack+0x681>
     fb2:	82 30       	cpi	r24, 0x02	; 2
     fb4:	11 f5       	brne	.+68     	; 0xffa <__stack+0x6fb>
     fb6:	91 11       	cpse	r25, r1
     fb8:	59 c0       	rjmp	.+178    	; 0x106c <__stack+0x76d>
     fba:	20 91 1b 04 	lds	r18, 0x041B	; 0x80041b <_ZZ8irmp_ISRE18key_repetition_len>
     fbe:	30 91 1c 04 	lds	r19, 0x041C	; 0x80041c <_ZZ8irmp_ISRE18key_repetition_len+0x1>
     fc2:	28 30       	cpi	r18, 0x08	; 8
     fc4:	37 40       	sbci	r19, 0x07	; 7
     fc6:	b0 f4       	brcc	.+44     	; 0xff4 <__stack+0x6f5>
     fc8:	20 91 02 01 	lds	r18, 0x0102	; 0x800102 <_ZZ8irmp_ISRE17last_irmp_address>
     fcc:	30 91 03 01 	lds	r19, 0x0103	; 0x800103 <_ZZ8irmp_ISRE17last_irmp_address+0x1>
     fd0:	30 93 31 04 	sts	0x0431, r19	; 0x800431 <_ZL16irmp_tmp_address+0x1>
     fd4:	20 93 30 04 	sts	0x0430, r18	; 0x800430 <_ZL16irmp_tmp_address>
     fd8:	70 93 2f 04 	sts	0x042F, r23	; 0x80042f <_ZL16irmp_tmp_command+0x1>
     fdc:	60 93 2e 04 	sts	0x042E, r22	; 0x80042e <_ZL16irmp_tmp_command>
     fe0:	90 91 32 04 	lds	r25, 0x0432	; 0x800432 <_ZL10irmp_flags>
     fe4:	91 60       	ori	r25, 0x01	; 1
     fe6:	90 93 32 04 	sts	0x0432, r25	; 0x800432 <_ZL10irmp_flags>
     fea:	10 92 1c 04 	sts	0x041C, r1	; 0x80041c <_ZZ8irmp_ISRE18key_repetition_len+0x1>
     fee:	10 92 1b 04 	sts	0x041B, r1	; 0x80041b <_ZZ8irmp_ISRE18key_repetition_len>
     ff2:	3c c0       	rjmp	.+120    	; 0x106c <__stack+0x76d>
     ff4:	10 92 3a 04 	sts	0x043A, r1	; 0x80043a <_ZL16irmp_ir_detected>
     ff8:	39 c0       	rjmp	.+114    	; 0x106c <__stack+0x76d>
     ffa:	85 30       	cpi	r24, 0x05	; 5
     ffc:	79 f5       	brne	.+94     	; 0x105c <__stack+0x75d>
     ffe:	30 91 24 04 	lds	r19, 0x0424	; 0x800424 <_ZL9xor_check>
    1002:	90 91 25 04 	lds	r25, 0x0425	; 0x800425 <_ZL9xor_check+0x1>
    1006:	e0 91 26 04 	lds	r30, 0x0426	; 0x800426 <_ZL9xor_check+0x2>
    100a:	23 2f       	mov	r18, r19
    100c:	2f 70       	andi	r18, 0x0F	; 15
    100e:	32 95       	swap	r19
    1010:	3f 70       	andi	r19, 0x0F	; 15
    1012:	32 27       	eor	r19, r18
    1014:	29 2f       	mov	r18, r25
    1016:	2f 70       	andi	r18, 0x0F	; 15
    1018:	23 27       	eor	r18, r19
    101a:	92 95       	swap	r25
    101c:	9f 70       	andi	r25, 0x0F	; 15
    101e:	29 27       	eor	r18, r25
    1020:	02 2e       	mov	r0, r18
    1022:	00 0c       	add	r0, r0
    1024:	33 0b       	sbc	r19, r19
    1026:	4e 2f       	mov	r20, r30
    1028:	4f 70       	andi	r20, 0x0F	; 15
    102a:	50 e0       	ldi	r21, 0x00	; 0
    102c:	24 17       	cp	r18, r20
    102e:	35 07       	cpc	r19, r21
    1030:	11 f0       	breq	.+4      	; 0x1036 <__stack+0x737>
    1032:	10 92 3a 04 	sts	0x043A, r1	; 0x80043a <_ZL16irmp_ir_detected>
    1036:	90 91 27 04 	lds	r25, 0x0427	; 0x800427 <_ZL9xor_check+0x3>
    103a:	9e 27       	eor	r25, r30
    103c:	20 91 28 04 	lds	r18, 0x0428	; 0x800428 <_ZL9xor_check+0x4>
    1040:	92 27       	eor	r25, r18
    1042:	20 91 29 04 	lds	r18, 0x0429	; 0x800429 <_ZL9xor_check+0x5>
    1046:	92 13       	cpse	r25, r18
    1048:	10 92 3a 04 	sts	0x043A, r1	; 0x80043a <_ZL16irmp_ir_detected>
    104c:	20 91 32 04 	lds	r18, 0x0432	; 0x800432 <_ZL10irmp_flags>
    1050:	90 91 23 04 	lds	r25, 0x0423	; 0x800423 <_ZL6genre2>
    1054:	92 2b       	or	r25, r18
    1056:	90 93 32 04 	sts	0x0432, r25	; 0x800432 <_ZL10irmp_flags>
    105a:	08 c0       	rjmp	.+16     	; 0x106c <__stack+0x76d>
    105c:	89 30       	cpi	r24, 0x09	; 9
    105e:	31 f4       	brne	.+12     	; 0x106c <__stack+0x76d>
    1060:	94 32       	cpi	r25, 0x24	; 36
    1062:	21 f4       	brne	.+8      	; 0x106c <__stack+0x76d>
    1064:	95 e1       	ldi	r25, 0x15	; 21
    1066:	90 93 39 04 	sts	0x0439, r25	; 0x800439 <_ZL13irmp_protocol>
    106a:	02 c0       	rjmp	.+4      	; 0x1070 <__stack+0x771>
    106c:	80 93 39 04 	sts	0x0439, r24	; 0x800439 <_ZL13irmp_protocol>
    1070:	20 91 30 04 	lds	r18, 0x0430	; 0x800430 <_ZL16irmp_tmp_address>
    1074:	30 91 31 04 	lds	r19, 0x0431	; 0x800431 <_ZL16irmp_tmp_address+0x1>
    1078:	30 93 38 04 	sts	0x0438, r19	; 0x800438 <_ZL12irmp_address+0x1>
    107c:	20 93 37 04 	sts	0x0437, r18	; 0x800437 <_ZL12irmp_address>
    1080:	82 30       	cpi	r24, 0x02	; 2
    1082:	29 f4       	brne	.+10     	; 0x108e <__stack+0x78f>
    1084:	30 93 03 01 	sts	0x0103, r19	; 0x800103 <_ZZ8irmp_ISRE17last_irmp_address+0x1>
    1088:	20 93 02 01 	sts	0x0102, r18	; 0x800102 <_ZZ8irmp_ISRE17last_irmp_address>
    108c:	0d c0       	rjmp	.+26     	; 0x10a8 <__stack+0x7a9>
    108e:	87 30       	cpi	r24, 0x07	; 7
    1090:	59 f4       	brne	.+22     	; 0x10a8 <__stack+0x7a9>
    1092:	20 91 1d 04 	lds	r18, 0x041D	; 0x80041d <_ZZ8irmp_ISRE12rc5_cmd_bit6>
    1096:	80 91 2e 04 	lds	r24, 0x042E	; 0x80042e <_ZL16irmp_tmp_command>
    109a:	90 91 2f 04 	lds	r25, 0x042F	; 0x80042f <_ZL16irmp_tmp_command+0x1>
    109e:	82 2b       	or	r24, r18
    10a0:	90 93 2f 04 	sts	0x042F, r25	; 0x80042f <_ZL16irmp_tmp_command+0x1>
    10a4:	80 93 2e 04 	sts	0x042E, r24	; 0x80042e <_ZL16irmp_tmp_command>
    10a8:	80 91 2e 04 	lds	r24, 0x042E	; 0x80042e <_ZL16irmp_tmp_command>
    10ac:	90 91 2f 04 	lds	r25, 0x042F	; 0x80042f <_ZL16irmp_tmp_command+0x1>
    10b0:	90 93 36 04 	sts	0x0436, r25	; 0x800436 <_ZL12irmp_command+0x1>
    10b4:	80 93 35 04 	sts	0x0435, r24	; 0x800435 <_ZL12irmp_command>
    10b8:	80 91 2a 04 	lds	r24, 0x042A	; 0x80042a <_ZL11irmp_tmp_id>
    10bc:	90 91 2b 04 	lds	r25, 0x042B	; 0x80042b <_ZL11irmp_tmp_id+0x1>
    10c0:	90 93 34 04 	sts	0x0434, r25	; 0x800434 <_ZL7irmp_id+0x1>
    10c4:	80 93 33 04 	sts	0x0433, r24	; 0x800433 <_ZL7irmp_id>
    10c8:	80 91 3a 04 	lds	r24, 0x043A	; 0x80043a <_ZL16irmp_ir_detected>
    10cc:	88 23       	and	r24, r24
    10ce:	51 f1       	breq	.+84     	; 0x1124 <__stack+0x825>
    10d0:	20 91 2e 04 	lds	r18, 0x042E	; 0x80042e <_ZL16irmp_tmp_command>
    10d4:	30 91 2f 04 	lds	r19, 0x042F	; 0x80042f <_ZL16irmp_tmp_command+0x1>
    10d8:	40 91 30 04 	lds	r20, 0x0430	; 0x800430 <_ZL16irmp_tmp_address>
    10dc:	50 91 31 04 	lds	r21, 0x0431	; 0x800431 <_ZL16irmp_tmp_address+0x1>
    10e0:	62 17       	cp	r22, r18
    10e2:	73 07       	cpc	r23, r19
    10e4:	99 f4       	brne	.+38     	; 0x110c <__stack+0x80d>
    10e6:	80 91 02 01 	lds	r24, 0x0102	; 0x800102 <_ZZ8irmp_ISRE17last_irmp_address>
    10ea:	90 91 03 01 	lds	r25, 0x0103	; 0x800103 <_ZZ8irmp_ISRE17last_irmp_address+0x1>
    10ee:	84 17       	cp	r24, r20
    10f0:	95 07       	cpc	r25, r21
    10f2:	61 f4       	brne	.+24     	; 0x110c <__stack+0x80d>
    10f4:	80 91 1b 04 	lds	r24, 0x041B	; 0x80041b <_ZZ8irmp_ISRE18key_repetition_len>
    10f8:	90 91 1c 04 	lds	r25, 0x041C	; 0x80041c <_ZZ8irmp_ISRE18key_repetition_len+0x1>
    10fc:	8a 3c       	cpi	r24, 0xCA	; 202
    10fe:	98 40       	sbci	r25, 0x08	; 8
    1100:	28 f4       	brcc	.+10     	; 0x110c <__stack+0x80d>
    1102:	80 91 32 04 	lds	r24, 0x0432	; 0x800432 <_ZL10irmp_flags>
    1106:	81 60       	ori	r24, 0x01	; 1
    1108:	80 93 32 04 	sts	0x0432, r24	; 0x800432 <_ZL10irmp_flags>
    110c:	50 93 03 01 	sts	0x0103, r21	; 0x800103 <_ZZ8irmp_ISRE17last_irmp_address+0x1>
    1110:	40 93 02 01 	sts	0x0102, r20	; 0x800102 <_ZZ8irmp_ISRE17last_irmp_address>
    1114:	30 93 01 01 	sts	0x0101, r19	; 0x800101 <__DATA_REGION_ORIGIN__+0x1>
    1118:	20 93 00 01 	sts	0x0100, r18	; 0x800100 <__DATA_REGION_ORIGIN__>
    111c:	10 92 1c 04 	sts	0x041C, r1	; 0x80041c <_ZZ8irmp_ISRE18key_repetition_len+0x1>
    1120:	10 92 1b 04 	sts	0x041B, r1	; 0x80041b <_ZZ8irmp_ISRE18key_repetition_len>
    1124:	10 92 22 04 	sts	0x0422, r1	; 0x800422 <_ZZ8irmp_ISRE23irmp_start_bit_detected>
    1128:	10 92 2f 04 	sts	0x042F, r1	; 0x80042f <_ZL16irmp_tmp_command+0x1>
    112c:	10 92 2e 04 	sts	0x042E, r1	; 0x80042e <_ZL16irmp_tmp_command>
    1130:	10 92 21 04 	sts	0x0421, r1	; 0x800421 <_ZZ8irmp_ISRE15irmp_pulse_time>
    1134:	10 92 1e 04 	sts	0x041E, r1	; 0x80041e <_ZZ8irmp_ISRE15irmp_pause_time>
    1138:	80 91 39 04 	lds	r24, 0x0439	; 0x800439 <_ZL13irmp_protocol>
    113c:	84 31       	cpi	r24, 0x14	; 20
    113e:	09 f0       	breq	.+2      	; 0x1142 <__stack+0x843>
    1140:	af cc       	rjmp	.-1698   	; 0xaa0 <__stack+0x1a1>
    1142:	87 e8       	ldi	r24, 0x87	; 135
    1144:	80 93 21 04 	sts	0x0421, r24	; 0x800421 <_ZZ8irmp_ISRE15irmp_pulse_time>
    1148:	ab cc       	rjmp	.-1706   	; 0xaa0 <__stack+0x1a1>

0000114a <_ZL16compareGraMemoryPKc>:
		eeprom_update_byte((unsigned char*)TREBLEBASS_ADDRESS, trebleBass);
	}
}

static bool compareGraMemory(char const* text)
{
    114a:	e1 e8       	ldi	r30, 0x81	; 129
    114c:	f5 e0       	ldi	r31, 0x05	; 5
	bool result = false;
	for (unsigned char i = 0; i < GRA_DISPLAY_CHARS; i++)
	{
		if (graDisplayMemory[i] != text[i])
    114e:	31 91       	ld	r19, Z+
    1150:	dc 01       	movw	r26, r24
    1152:	2d 91       	ld	r18, X+
    1154:	cd 01       	movw	r24, r26
    1156:	32 13       	cpse	r19, r18
    1158:	06 c0       	rjmp	.+12     	; 0x1166 <_ZL16compareGraMemoryPKc+0x1c>
}

static bool compareGraMemory(char const* text)
{
	bool result = false;
	for (unsigned char i = 0; i < GRA_DISPLAY_CHARS; i++)
    115a:	b5 e0       	ldi	r27, 0x05	; 5
    115c:	ef 38       	cpi	r30, 0x8F	; 143
    115e:	fb 07       	cpc	r31, r27
    1160:	b1 f7       	brne	.-20     	; 0x114e <_ZL16compareGraMemoryPKc+0x4>
	}
}

static bool compareGraMemory(char const* text)
{
	bool result = false;
    1162:	80 e0       	ldi	r24, 0x00	; 0
    1164:	08 95       	ret
	for (unsigned char i = 0; i < GRA_DISPLAY_CHARS; i++)
	{
		if (graDisplayMemory[i] != text[i])
		{
			result = true;
    1166:	81 e0       	ldi	r24, 0x01	; 1
			break;
		}
	}
	
	return result;
}
    1168:	08 95       	ret

0000116a <_ZL14clearRadioTextv>:
{
	graPuts(fmString);
}

static void clearRadioText()
{
    116a:	cf 93       	push	r28
    116c:	df 93       	push	r29
	char maxIndex = radioText == NULL ? UINT8_MAX : (strlen(radioText) - 1);
    116e:	e0 91 e1 05 	lds	r30, 0x05E1	; 0x8005e1 <_ZL9radioText>
    1172:	f0 91 e2 05 	lds	r31, 0x05E2	; 0x8005e2 <_ZL9radioText+0x1>
    1176:	30 97       	sbiw	r30, 0x00	; 0
    1178:	39 f0       	breq	.+14     	; 0x1188 <_ZL14clearRadioTextv+0x1e>
    117a:	df 01       	movw	r26, r30
    117c:	0d 90       	ld	r0, X+
    117e:	00 20       	and	r0, r0
    1180:	e9 f7       	brne	.-6      	; 0x117c <_ZL14clearRadioTextv+0x12>
    1182:	ae 1b       	sub	r26, r30
    1184:	a2 50       	subi	r26, 0x02	; 2
    1186:	01 c0       	rjmp	.+2      	; 0x118a <_ZL14clearRadioTextv+0x20>
    1188:	af ef       	ldi	r26, 0xFF	; 255
    118a:	c7 e9       	ldi	r28, 0x97	; 151
    118c:	d5 e0       	ldi	r29, 0x05	; 5
	for (unsigned char i = 0; i < RADIOTEXT_CHARS; i++)
    118e:	80 e0       	ldi	r24, 0x00	; 0
	{
		completeRadioText[i] = ' ';
    1190:	90 e2       	ldi	r25, 0x20	; 32
    1192:	99 93       	st	Y+, r25
		
		if (maxIndex != UINT8_MAX && i <= maxIndex)
    1194:	af 3f       	cpi	r26, 0xFF	; 255
    1196:	19 f0       	breq	.+6      	; 0x119e <_ZL14clearRadioTextv+0x34>
    1198:	a8 17       	cp	r26, r24
    119a:	08 f0       	brcs	.+2      	; 0x119e <_ZL14clearRadioTextv+0x34>
		{
			radioText[i] = ' ';
    119c:	90 83       	st	Z, r25
}

static void clearRadioText()
{
	char maxIndex = radioText == NULL ? UINT8_MAX : (strlen(radioText) - 1);
	for (unsigned char i = 0; i < RADIOTEXT_CHARS; i++)
    119e:	8f 5f       	subi	r24, 0xFF	; 255
    11a0:	31 96       	adiw	r30, 0x01	; 1
    11a2:	80 34       	cpi	r24, 0x40	; 64
    11a4:	b1 f7       	brne	.-20     	; 0x1192 <_ZL14clearRadioTextv+0x28>
		{
			radioText[i] = ' ';
		}
	}
	
	radioTextScrollingStartIndex = 0;
    11a6:	10 92 92 05 	sts	0x0592, r1	; 0x800592 <_ZL28radioTextScrollingStartIndex>
	radioTextScrollingEndIndex = 0;
    11aa:	10 92 91 05 	sts	0x0591, r1	; 0x800591 <_ZL26radioTextScrollingEndIndex>
	initialScrollDelayCounter = 0;
    11ae:	10 92 90 05 	sts	0x0590, r1	; 0x800590 <_ZL25initialScrollDelayCounter>
	radioTextDelayCounter = 0;
    11b2:	10 92 8f 05 	sts	0x058F, r1	; 0x80058f <_ZL21radioTextDelayCounter>
}
    11b6:	df 91       	pop	r29
    11b8:	cf 91       	pop	r28
    11ba:	08 95       	ret

000011bc <_ZL7getModev>:
	memcpy(irmpDataVariable, irmpDataToSet, sizeof(*irmpDataToSet));
}

static unsigned char getMode()
{
	return digitalRead(PB0A) == LOW // display is dimmed
    11bc:	88 e0       	ldi	r24, 0x08	; 8
    11be:	0e 94 b6 29 	call	0x536c	; 0x536c <digitalRead>
		? MODE_STANDBY
		: digitalRead(PC3A) == LOW // BT is off
			? si4735.isCurrentTuneFM() ? MODE_RADIO_FM : MODE_RADIO_AM
			: MODE_BT;
    11c2:	89 2b       	or	r24, r25
    11c4:	61 f0       	breq	.+24     	; 0x11de <_ZL7getModev+0x22>

static unsigned char getMode()
{
	return digitalRead(PB0A) == LOW // display is dimmed
		? MODE_STANDBY
		: digitalRead(PC3A) == LOW // BT is off
    11c6:	81 e1       	ldi	r24, 0x11	; 17
    11c8:	0e 94 b6 29 	call	0x536c	; 0x536c <digitalRead>
			? si4735.isCurrentTuneFM() ? MODE_RADIO_FM : MODE_RADIO_AM
			: MODE_BT;
    11cc:	89 2b       	or	r24, r25
    11ce:	49 f4       	brne	.+18     	; 0x11e2 <_ZL7getModev+0x26>
    11d0:	81 e0       	ldi	r24, 0x01	; 1
    11d2:	90 91 7d 06 	lds	r25, 0x067D	; 0x80067d <_ZL6si4735+0x98>
    11d6:	90 32       	cpi	r25, 0x20	; 32
    11d8:	29 f4       	brne	.+10     	; 0x11e4 <_ZL7getModev+0x28>
    11da:	80 e0       	ldi	r24, 0x00	; 0
    11dc:	08 95       	ret
    11de:	83 e0       	ldi	r24, 0x03	; 3
    11e0:	08 95       	ret
    11e2:	82 e0       	ldi	r24, 0x02	; 2
}
    11e4:	08 95       	ret

000011e6 <_ZL12saveSettingsv>:

static void saveSettings()
{
    11e6:	0f 93       	push	r16
    11e8:	1f 93       	push	r17
    11ea:	cf 93       	push	r28
    11ec:	df 93       	push	r29
    11ee:	00 d0       	rcall	.+0      	; 0x11f0 <_ZL12saveSettingsv+0xa>
    11f0:	00 d0       	rcall	.+0      	; 0x11f2 <_ZL12saveSettingsv+0xc>
    11f2:	1f 92       	push	r1
    11f4:	cd b7       	in	r28, 0x3d	; 61
    11f6:	de b7       	in	r29, 0x3e	; 62
	if (getMode() == MODE_RADIO_FM)
    11f8:	0e 94 de 08 	call	0x11bc	; 0x11bc <_ZL7getModev>
    11fc:	81 11       	cpse	r24, r1
    11fe:	1b c0       	rjmp	.+54     	; 0x1236 <_ZL12saveSettingsv+0x50>
	{
		unsigned int lastFreqMhz;
		eeprom_read_block(&lastFreqMhz, (unsigned char *)LAST_FREQ_MHZ_ADDRESS, sizeof(lastFreqMhz));
    1200:	42 e0       	ldi	r20, 0x02	; 2
    1202:	50 e0       	ldi	r21, 0x00	; 0
    1204:	63 e0       	ldi	r22, 0x03	; 3
    1206:	70 e0       	ldi	r23, 0x00	; 0
    1208:	ce 01       	movw	r24, r28
    120a:	01 96       	adiw	r24, 0x01	; 1
    120c:	0e 94 c9 3b 	call	0x7792	; 0x7792 <eeprom_read_block>
    1210:	00 91 82 06 	lds	r16, 0x0682	; 0x800682 <_ZL6si4735+0x9d>
    1214:	10 91 83 06 	lds	r17, 0x0683	; 0x800683 <_ZL6si4735+0x9e>
		unsigned int freqMhz = si4735.getCurrentFrequency();
		if (freqMhz != lastFreqMhz)
    1218:	89 81       	ldd	r24, Y+1	; 0x01
    121a:	9a 81       	ldd	r25, Y+2	; 0x02
    121c:	80 17       	cp	r24, r16
    121e:	91 07       	cpc	r25, r17
    1220:	51 f0       	breq	.+20     	; 0x1236 <_ZL12saveSettingsv+0x50>
		{
			eeprom_update_byte((unsigned char*)LAST_FREQ_MHZ_ADDRESS, freqMhz & 0xFF);
    1222:	60 2f       	mov	r22, r16
    1224:	83 e0       	ldi	r24, 0x03	; 3
    1226:	90 e0       	ldi	r25, 0x00	; 0
    1228:	0e 94 d9 3b 	call	0x77b2	; 0x77b2 <eeprom_update_byte>
			eeprom_update_byte((unsigned char*)LAST_FREQ_MHZ_ADDRESS + 1, freqMhz >> 8);
    122c:	61 2f       	mov	r22, r17
    122e:	84 e0       	ldi	r24, 0x04	; 4
    1230:	90 e0       	ldi	r25, 0x00	; 0
    1232:	0e 94 d9 3b 	call	0x77b2	; 0x77b2 <eeprom_update_byte>
		}
	}
	
	if (getMode() == MODE_RADIO_AM)
    1236:	0e 94 de 08 	call	0x11bc	; 0x11bc <_ZL7getModev>
    123a:	81 30       	cpi	r24, 0x01	; 1
    123c:	d9 f4       	brne	.+54     	; 0x1274 <_ZL12saveSettingsv+0x8e>
	{
		unsigned int lastFreqKhz;
		eeprom_read_block(&lastFreqKhz, (unsigned char *)LAST_FREQ_KHZ_ADDRESS, sizeof(lastFreqKhz));
    123e:	42 e0       	ldi	r20, 0x02	; 2
    1240:	50 e0       	ldi	r21, 0x00	; 0
    1242:	61 e0       	ldi	r22, 0x01	; 1
    1244:	70 e0       	ldi	r23, 0x00	; 0
    1246:	ce 01       	movw	r24, r28
    1248:	01 96       	adiw	r24, 0x01	; 1
    124a:	0e 94 c9 3b 	call	0x7792	; 0x7792 <eeprom_read_block>
    124e:	00 91 82 06 	lds	r16, 0x0682	; 0x800682 <_ZL6si4735+0x9d>
    1252:	10 91 83 06 	lds	r17, 0x0683	; 0x800683 <_ZL6si4735+0x9e>
		unsigned int freqKhz = si4735.getCurrentFrequency();
		if (freqKhz != lastFreqKhz)
    1256:	89 81       	ldd	r24, Y+1	; 0x01
    1258:	9a 81       	ldd	r25, Y+2	; 0x02
    125a:	80 17       	cp	r24, r16
    125c:	91 07       	cpc	r25, r17
    125e:	51 f0       	breq	.+20     	; 0x1274 <_ZL12saveSettingsv+0x8e>
		{
			eeprom_update_byte((unsigned char*)LAST_FREQ_KHZ_ADDRESS, freqKhz & 0xFF);
    1260:	60 2f       	mov	r22, r16
    1262:	81 e0       	ldi	r24, 0x01	; 1
    1264:	90 e0       	ldi	r25, 0x00	; 0
    1266:	0e 94 d9 3b 	call	0x77b2	; 0x77b2 <eeprom_update_byte>
			eeprom_update_byte((unsigned char*)LAST_FREQ_KHZ_ADDRESS + 1, freqKhz >> 8);
    126a:	61 2f       	mov	r22, r17
    126c:	82 e0       	ldi	r24, 0x02	; 2
    126e:	90 e0       	ldi	r25, 0x00	; 0
    1270:	0e 94 d9 3b 	call	0x77b2	; 0x77b2 <eeprom_update_byte>
		}
	}
	
	unsigned char lastMode;
	eeprom_read_block(&lastMode, (unsigned char *)LAST_MODE_ADDRESS, sizeof(lastMode));
    1274:	41 e0       	ldi	r20, 0x01	; 1
    1276:	50 e0       	ldi	r21, 0x00	; 0
    1278:	60 e0       	ldi	r22, 0x00	; 0
    127a:	70 e0       	ldi	r23, 0x00	; 0
    127c:	ce 01       	movw	r24, r28
    127e:	05 96       	adiw	r24, 0x05	; 5
    1280:	0e 94 c9 3b 	call	0x7792	; 0x7792 <eeprom_read_block>
	if (getMode() != lastMode)
    1284:	0e 94 de 08 	call	0x11bc	; 0x11bc <_ZL7getModev>
    1288:	9d 81       	ldd	r25, Y+5	; 0x05
    128a:	89 17       	cp	r24, r25
    128c:	39 f0       	breq	.+14     	; 0x129c <_ZL12saveSettingsv+0xb6>
	{
		eeprom_update_byte((unsigned char*)LAST_MODE_ADDRESS, getMode());
    128e:	0e 94 de 08 	call	0x11bc	; 0x11bc <_ZL7getModev>
    1292:	68 2f       	mov	r22, r24
    1294:	80 e0       	ldi	r24, 0x00	; 0
    1296:	90 e0       	ldi	r25, 0x00	; 0
    1298:	0e 94 d9 3b 	call	0x77b2	; 0x77b2 <eeprom_update_byte>
	}
	
	unsigned char lastVolume;
	eeprom_read_block(&lastVolume, (unsigned char *)VOLUME_ADDRESS, sizeof(lastVolume));
    129c:	41 e0       	ldi	r20, 0x01	; 1
    129e:	50 e0       	ldi	r21, 0x00	; 0
    12a0:	65 e0       	ldi	r22, 0x05	; 5
    12a2:	70 e0       	ldi	r23, 0x00	; 0
    12a4:	ce 01       	movw	r24, r28
    12a6:	04 96       	adiw	r24, 0x04	; 4
    12a8:	0e 94 c9 3b 	call	0x7792	; 0x7792 <eeprom_read_block>
	if (volume != lastVolume)
    12ac:	60 91 ad 01 	lds	r22, 0x01AD	; 0x8001ad <_ZL6volume>
    12b0:	8c 81       	ldd	r24, Y+4	; 0x04
    12b2:	68 17       	cp	r22, r24
    12b4:	21 f0       	breq	.+8      	; 0x12be <_ZL12saveSettingsv+0xd8>
	{
		eeprom_update_byte((unsigned char*)VOLUME_ADDRESS, volume);
    12b6:	85 e0       	ldi	r24, 0x05	; 5
    12b8:	90 e0       	ldi	r25, 0x00	; 0
    12ba:	0e 94 d9 3b 	call	0x77b2	; 0x77b2 <eeprom_update_byte>
	}
	
	unsigned char lastForceMono;
	eeprom_read_block(&lastForceMono, (unsigned char *)FORCEMONO_ADDRESS, sizeof(lastForceMono));
    12be:	60 91 14 01 	lds	r22, 0x0114	; 0x800114 <FORCEMONO_ADDRESS>
    12c2:	70 91 15 01 	lds	r23, 0x0115	; 0x800115 <FORCEMONO_ADDRESS+0x1>
    12c6:	41 e0       	ldi	r20, 0x01	; 1
    12c8:	50 e0       	ldi	r21, 0x00	; 0
    12ca:	ce 01       	movw	r24, r28
    12cc:	03 96       	adiw	r24, 0x03	; 3
    12ce:	0e 94 c9 3b 	call	0x7792	; 0x7792 <eeprom_read_block>
	if (forceMono != lastForceMono)
    12d2:	60 91 77 05 	lds	r22, 0x0577	; 0x800577 <_ZL9forceMono>
    12d6:	26 2f       	mov	r18, r22
    12d8:	30 e0       	ldi	r19, 0x00	; 0
    12da:	8b 81       	ldd	r24, Y+3	; 0x03
    12dc:	90 e0       	ldi	r25, 0x00	; 0
    12de:	28 17       	cp	r18, r24
    12e0:	39 07       	cpc	r19, r25
    12e2:	31 f0       	breq	.+12     	; 0x12f0 <_ZL12saveSettingsv+0x10a>
	{
		eeprom_update_byte((unsigned char*)FORCEMONO_ADDRESS, forceMono);
    12e4:	80 91 14 01 	lds	r24, 0x0114	; 0x800114 <FORCEMONO_ADDRESS>
    12e8:	90 91 15 01 	lds	r25, 0x0115	; 0x800115 <FORCEMONO_ADDRESS+0x1>
    12ec:	0e 94 d9 3b 	call	0x77b2	; 0x77b2 <eeprom_update_byte>
	}
	
	unsigned char lastTrebleBass;
	eeprom_read_block(&lastTrebleBass, (unsigned char *)TREBLEBASS_ADDRESS, sizeof(lastTrebleBass));
    12f0:	41 e0       	ldi	r20, 0x01	; 1
    12f2:	50 e0       	ldi	r21, 0x00	; 0
    12f4:	66 e0       	ldi	r22, 0x06	; 6
    12f6:	70 e0       	ldi	r23, 0x00	; 0
    12f8:	ce 01       	movw	r24, r28
    12fa:	01 96       	adiw	r24, 0x01	; 1
    12fc:	0e 94 c9 3b 	call	0x7792	; 0x7792 <eeprom_read_block>
	if (trebleBass != lastTrebleBass)
    1300:	60 91 6c 05 	lds	r22, 0x056C	; 0x80056c <_ZL10trebleBass>
    1304:	89 81       	ldd	r24, Y+1	; 0x01
    1306:	68 17       	cp	r22, r24
    1308:	21 f0       	breq	.+8      	; 0x1312 <_ZL12saveSettingsv+0x12c>
	{
		eeprom_update_byte((unsigned char*)TREBLEBASS_ADDRESS, trebleBass);
    130a:	86 e0       	ldi	r24, 0x06	; 6
    130c:	90 e0       	ldi	r25, 0x00	; 0
    130e:	0e 94 d9 3b 	call	0x77b2	; 0x77b2 <eeprom_update_byte>
	}
}
    1312:	0f 90       	pop	r0
    1314:	0f 90       	pop	r0
    1316:	0f 90       	pop	r0
    1318:	0f 90       	pop	r0
    131a:	0f 90       	pop	r0
    131c:	df 91       	pop	r29
    131e:	cf 91       	pop	r28
    1320:	1f 91       	pop	r17
    1322:	0f 91       	pop	r16
    1324:	08 95       	ret

00001326 <_ZL11learnIrCodePKvP9IRMP_DATAS2_.constprop.17>:
	}
	
	return result;
}

static void learnIrCode(const void* eepromAddress, IRMP_DATA* irmpDataToSet, IRMP_DATA* irmpDataVariable)
    1326:	cf 93       	push	r28
    1328:	df 93       	push	r29
    132a:	eb 01       	movw	r28, r22
{
	eeprom_write_block(irmpDataToSet, (unsigned char *)eepromAddress, sizeof(*irmpDataToSet));
    132c:	46 e0       	ldi	r20, 0x06	; 6
    132e:	50 e0       	ldi	r21, 0x00	; 0
    1330:	bc 01       	movw	r22, r24
    1332:	8b e7       	ldi	r24, 0x7B	; 123
    1334:	95 e0       	ldi	r25, 0x05	; 5
    1336:	0e 94 eb 3b 	call	0x77d6	; 0x77d6 <eeprom_write_block>
	memcpy(irmpDataVariable, irmpDataToSet, sizeof(*irmpDataToSet));
    133a:	86 e0       	ldi	r24, 0x06	; 6
    133c:	eb e7       	ldi	r30, 0x7B	; 123
    133e:	f5 e0       	ldi	r31, 0x05	; 5
    1340:	de 01       	movw	r26, r28
    1342:	01 90       	ld	r0, Z+
    1344:	0d 92       	st	X+, r0
    1346:	8a 95       	dec	r24
    1348:	e1 f7       	brne	.-8      	; 0x1342 <_ZL11learnIrCodePKvP9IRMP_DATAS2_.constprop.17+0x1c>
}
    134a:	df 91       	pop	r29
    134c:	cf 91       	pop	r28
    134e:	08 95       	ret

00001350 <_ZN7TwoWire5writeEi>:
    void onRequest( void (*)(void) );

    inline size_t write(unsigned long n) { return write((uint8_t)n); }
    inline size_t write(long n) { return write((uint8_t)n); }
    inline size_t write(unsigned int n) { return write((uint8_t)n); }
    inline size_t write(int n) { return write((uint8_t)n); }
    1350:	dc 01       	movw	r26, r24
    1352:	ed 91       	ld	r30, X+
    1354:	fc 91       	ld	r31, X
    1356:	01 90       	ld	r0, Z+
    1358:	f0 81       	ld	r31, Z
    135a:	e0 2d       	mov	r30, r0
    135c:	09 94       	ijmp

0000135e <_ZL11setMuteOnlyb.part.0>:
	if (on)
	{
		//si4735.setAudioMute(true); // mute
		
		// output
		Wire.beginTransmission(I2C_ADDR_AUDIOPROC >> 1);
    135e:	64 e4       	ldi	r22, 0x44	; 68
    1360:	70 e0       	ldi	r23, 0x00	; 0
    1362:	83 ed       	ldi	r24, 0xD3	; 211
    1364:	96 e0       	ldi	r25, 0x06	; 6
    1366:	0e 94 16 34 	call	0x682c	; 0x682c <_ZN7TwoWire17beginTransmissionEi>
		Wire.write(0b00000110);
    136a:	66 e0       	ldi	r22, 0x06	; 6
    136c:	70 e0       	ldi	r23, 0x00	; 0
    136e:	83 ed       	ldi	r24, 0xD3	; 211
    1370:	96 e0       	ldi	r25, 0x06	; 6
    1372:	0e 94 a8 09 	call	0x1350	; 0x1350 <_ZN7TwoWire5writeEi>
		Wire.write(OUTPUT_OFF);
    1376:	60 e0       	ldi	r22, 0x00	; 0
    1378:	70 e0       	ldi	r23, 0x00	; 0
    137a:	83 ed       	ldi	r24, 0xD3	; 211
    137c:	96 e0       	ldi	r25, 0x06	; 6
    137e:	0e 94 a8 09 	call	0x1350	; 0x1350 <_ZN7TwoWire5writeEi>
		Wire.endTransmission();
    1382:	83 ed       	ldi	r24, 0xD3	; 211
    1384:	96 e0       	ldi	r25, 0x06	; 6
    1386:	0e 94 94 34 	call	0x6928	; 0x6928 <_ZN7TwoWire15endTransmissionEv>
		
		// unmute power amplifier
		digitalWrite(PB1A, LOW);
    138a:	60 e0       	ldi	r22, 0x00	; 0
    138c:	89 e0       	ldi	r24, 0x09	; 9
    138e:	0c 94 87 29 	jmp	0x530e	; 0x530e <digitalWrite>

00001392 <_ZL8clearAllv>:
	Wire.endTransmission();
	delay(1);
}

static void clearAll()
{
    1392:	e1 e8       	ldi	r30, 0x81	; 129
    1394:	f5 e0       	ldi	r31, 0x05	; 5
	for (unsigned char i = 0; i < GRA_DISPLAY_CHARS; i++)
	{
		graDisplayMemory[i] = ' ';
    1396:	80 e2       	ldi	r24, 0x20	; 32
    1398:	81 93       	st	Z+, r24
	delay(1);
}

static void clearAll()
{
	for (unsigned char i = 0; i < GRA_DISPLAY_CHARS; i++)
    139a:	95 e0       	ldi	r25, 0x05	; 5
    139c:	ef 38       	cpi	r30, 0x8F	; 143
    139e:	f9 07       	cpc	r31, r25
    13a0:	d9 f7       	brne	.-10     	; 0x1398 <_ZL8clearAllv+0x6>
	{
		graDisplayMemory[i] = ' ';
	}

	Wire.beginTransmission(I2C_ADDR_VFDDRIVER >> 1);
    13a2:	6a e7       	ldi	r22, 0x7A	; 122
    13a4:	70 e0       	ldi	r23, 0x00	; 0
    13a6:	83 ed       	ldi	r24, 0xD3	; 211
    13a8:	96 e0       	ldi	r25, 0x06	; 6
    13aa:	0e 94 16 34 	call	0x682c	; 0x682c <_ZN7TwoWire17beginTransmissionEi>
	Wire.write(CMD_CLEAR_ALL);
    13ae:	67 e0       	ldi	r22, 0x07	; 7
    13b0:	70 e0       	ldi	r23, 0x00	; 0
    13b2:	83 ed       	ldi	r24, 0xD3	; 211
    13b4:	96 e0       	ldi	r25, 0x06	; 6
    13b6:	0e 94 a8 09 	call	0x1350	; 0x1350 <_ZN7TwoWire5writeEi>
	Wire.endTransmission();
    13ba:	83 ed       	ldi	r24, 0xD3	; 211
    13bc:	96 e0       	ldi	r25, 0x06	; 6
    13be:	0e 94 94 34 	call	0x6928	; 0x6928 <_ZN7TwoWire15endTransmissionEv>
	delay(1);
    13c2:	61 e0       	ldi	r22, 0x01	; 1
    13c4:	70 e0       	ldi	r23, 0x00	; 0
    13c6:	80 e0       	ldi	r24, 0x00	; 0
    13c8:	90 e0       	ldi	r25, 0x00	; 0
    13ca:	0c 94 a0 28 	jmp	0x5140	; 0x5140 <delay>

000013ce <_ZL9speTogglec>:
	Wire.endTransmission();
	delay(1);
}

static void speToggle(char spe)
{
    13ce:	cf 93       	push	r28
    13d0:	c8 2f       	mov	r28, r24
	Wire.beginTransmission(I2C_ADDR_VFDDRIVER >> 1);
    13d2:	6a e7       	ldi	r22, 0x7A	; 122
    13d4:	70 e0       	ldi	r23, 0x00	; 0
    13d6:	83 ed       	ldi	r24, 0xD3	; 211
    13d8:	96 e0       	ldi	r25, 0x06	; 6
    13da:	0e 94 16 34 	call	0x682c	; 0x682c <_ZN7TwoWire17beginTransmissionEi>
	Wire.write(CMD_TOGGLE_SPE);
    13de:	64 e0       	ldi	r22, 0x04	; 4
    13e0:	70 e0       	ldi	r23, 0x00	; 0
    13e2:	83 ed       	ldi	r24, 0xD3	; 211
    13e4:	96 e0       	ldi	r25, 0x06	; 6
    13e6:	0e 94 a8 09 	call	0x1350	; 0x1350 <_ZN7TwoWire5writeEi>
	Wire.write(spe);
    13ea:	6c 2f       	mov	r22, r28
    13ec:	70 e0       	ldi	r23, 0x00	; 0
    13ee:	83 ed       	ldi	r24, 0xD3	; 211
    13f0:	96 e0       	ldi	r25, 0x06	; 6
    13f2:	0e 94 a8 09 	call	0x1350	; 0x1350 <_ZN7TwoWire5writeEi>
	Wire.endTransmission();
    13f6:	83 ed       	ldi	r24, 0xD3	; 211
    13f8:	96 e0       	ldi	r25, 0x06	; 6
    13fa:	0e 94 94 34 	call	0x6928	; 0x6928 <_ZN7TwoWire15endTransmissionEv>
	delay(1);
    13fe:	61 e0       	ldi	r22, 0x01	; 1
    1400:	70 e0       	ldi	r23, 0x00	; 0
    1402:	80 e0       	ldi	r24, 0x00	; 0
    1404:	90 e0       	ldi	r25, 0x00	; 0
}
    1406:	cf 91       	pop	r28
{
	Wire.beginTransmission(I2C_ADDR_VFDDRIVER >> 1);
	Wire.write(CMD_TOGGLE_SPE);
	Wire.write(spe);
	Wire.endTransmission();
	delay(1);
    1408:	0c 94 a0 28 	jmp	0x5140	; 0x5140 <delay>

0000140c <_ZL8clearGrav>:
	Wire.endTransmission();
	delay(1);
}

static void clearGra()
{
    140c:	e1 e8       	ldi	r30, 0x81	; 129
    140e:	f5 e0       	ldi	r31, 0x05	; 5
	for (unsigned char i = 0; i < GRA_DISPLAY_CHARS; i++)
	{
		graDisplayMemory[i] = ' ';
    1410:	80 e2       	ldi	r24, 0x20	; 32
    1412:	81 93       	st	Z+, r24
	delay(1);
}

static void clearGra()
{
	for (unsigned char i = 0; i < GRA_DISPLAY_CHARS; i++)
    1414:	95 e0       	ldi	r25, 0x05	; 5
    1416:	ef 38       	cpi	r30, 0x8F	; 143
    1418:	f9 07       	cpc	r31, r25
    141a:	d9 f7       	brne	.-10     	; 0x1412 <_ZL8clearGrav+0x6>
	{
		graDisplayMemory[i] = ' ';
	}
	
	Wire.beginTransmission(I2C_ADDR_VFDDRIVER >> 1);
    141c:	6a e7       	ldi	r22, 0x7A	; 122
    141e:	70 e0       	ldi	r23, 0x00	; 0
    1420:	83 ed       	ldi	r24, 0xD3	; 211
    1422:	96 e0       	ldi	r25, 0x06	; 6
    1424:	0e 94 16 34 	call	0x682c	; 0x682c <_ZN7TwoWire17beginTransmissionEi>
	Wire.write(CMD_CLEAR_GRA);
    1428:	65 e0       	ldi	r22, 0x05	; 5
    142a:	70 e0       	ldi	r23, 0x00	; 0
    142c:	83 ed       	ldi	r24, 0xD3	; 211
    142e:	96 e0       	ldi	r25, 0x06	; 6
    1430:	0e 94 a8 09 	call	0x1350	; 0x1350 <_ZN7TwoWire5writeEi>
	Wire.endTransmission();
    1434:	83 ed       	ldi	r24, 0xD3	; 211
    1436:	96 e0       	ldi	r25, 0x06	; 6
    1438:	0e 94 94 34 	call	0x6928	; 0x6928 <_ZN7TwoWire15endTransmissionEv>
	delay(1);
    143c:	61 e0       	ldi	r22, 0x01	; 1
    143e:	70 e0       	ldi	r23, 0x00	; 0
    1440:	80 e0       	ldi	r24, 0x00	; 0
    1442:	90 e0       	ldi	r25, 0x00	; 0
    1444:	0c 94 a0 28 	jmp	0x5140	; 0x5140 <delay>

00001448 <_ZL7graPutsPKc>:
	
	return result;
}

static void graPuts(char const* text)
{
    1448:	ef 92       	push	r14
    144a:	ff 92       	push	r15
    144c:	0f 93       	push	r16
    144e:	1f 93       	push	r17
    1450:	cf 93       	push	r28
    1452:	df 93       	push	r29
    1454:	7c 01       	movw	r14, r24
	if (compareGraMemory(text))
    1456:	0e 94 a5 08 	call	0x114a	; 0x114a <_ZL16compareGraMemoryPKc>
    145a:	88 23       	and	r24, r24
    145c:	81 f1       	breq	.+96     	; 0x14be <_ZL7graPutsPKc+0x76>
	{
		Wire.beginTransmission(I2C_ADDR_VFDDRIVER >> 1);
    145e:	6a e7       	ldi	r22, 0x7A	; 122
    1460:	70 e0       	ldi	r23, 0x00	; 0
    1462:	83 ed       	ldi	r24, 0xD3	; 211
    1464:	96 e0       	ldi	r25, 0x06	; 6
    1466:	0e 94 16 34 	call	0x682c	; 0x682c <_ZN7TwoWire17beginTransmissionEi>
		Wire.write(CMD_SHOW_GRA_TEXT);
    146a:	6a e0       	ldi	r22, 0x0A	; 10
    146c:	70 e0       	ldi	r23, 0x00	; 0
    146e:	83 ed       	ldi	r24, 0xD3	; 211
    1470:	96 e0       	ldi	r25, 0x06	; 6
    1472:	0e 94 a8 09 	call	0x1350	; 0x1350 <_ZN7TwoWire5writeEi>
    1476:	01 e8       	ldi	r16, 0x81	; 129
    1478:	15 e0       	ldi	r17, 0x05	; 5
    147a:	e7 01       	movw	r28, r14
    147c:	8e e0       	ldi	r24, 0x0E	; 14
    147e:	e8 0e       	add	r14, r24
    1480:	f1 1c       	adc	r15, r1
    1482:	fe 01       	movw	r30, r28
		for (unsigned char i = 0; i <= 13; i++)
		{
			graDisplayMemory[i] = text[i];
    1484:	89 91       	ld	r24, Y+
    1486:	d8 01       	movw	r26, r16
    1488:	8d 93       	st	X+, r24
    148a:	8d 01       	movw	r16, r26
			Wire.write(text[i]);
    148c:	60 81       	ld	r22, Z
    148e:	70 e0       	ldi	r23, 0x00	; 0
    1490:	83 ed       	ldi	r24, 0xD3	; 211
    1492:	96 e0       	ldi	r25, 0x06	; 6
    1494:	0e 94 a8 09 	call	0x1350	; 0x1350 <_ZN7TwoWire5writeEi>
{
	if (compareGraMemory(text))
	{
		Wire.beginTransmission(I2C_ADDR_VFDDRIVER >> 1);
		Wire.write(CMD_SHOW_GRA_TEXT);
		for (unsigned char i = 0; i <= 13; i++)
    1498:	ce 15       	cp	r28, r14
    149a:	df 05       	cpc	r29, r15
    149c:	91 f7       	brne	.-28     	; 0x1482 <_ZL7graPutsPKc+0x3a>
		{
			graDisplayMemory[i] = text[i];
			Wire.write(text[i]);
		}
		Wire.endTransmission();
    149e:	83 ed       	ldi	r24, 0xD3	; 211
    14a0:	96 e0       	ldi	r25, 0x06	; 6
    14a2:	0e 94 94 34 	call	0x6928	; 0x6928 <_ZN7TwoWire15endTransmissionEv>
		delay(1);
    14a6:	61 e0       	ldi	r22, 0x01	; 1
    14a8:	70 e0       	ldi	r23, 0x00	; 0
    14aa:	80 e0       	ldi	r24, 0x00	; 0
    14ac:	90 e0       	ldi	r25, 0x00	; 0
	}
}
    14ae:	df 91       	pop	r29
    14b0:	cf 91       	pop	r28
    14b2:	1f 91       	pop	r17
    14b4:	0f 91       	pop	r16
    14b6:	ff 90       	pop	r15
    14b8:	ef 90       	pop	r14
		{
			graDisplayMemory[i] = text[i];
			Wire.write(text[i]);
		}
		Wire.endTransmission();
		delay(1);
    14ba:	0c 94 a0 28 	jmp	0x5140	; 0x5140 <delay>
	}
}
    14be:	df 91       	pop	r29
    14c0:	cf 91       	pop	r28
    14c2:	1f 91       	pop	r17
    14c4:	0f 91       	pop	r16
    14c6:	ff 90       	pop	r15
    14c8:	ef 90       	pop	r14
    14ca:	08 95       	ret

000014cc <_ZL6showFMv>:
	}
}

static void showFM()
{
	graPuts(fmString);
    14cc:	85 eb       	ldi	r24, 0xB5	; 181
    14ce:	91 e0       	ldi	r25, 0x01	; 1
    14d0:	0c 94 24 0a 	jmp	0x1448	; 0x1448 <_ZL7graPutsPKc>

000014d4 <_ZL16volDisplayUpdatev>:
	graPuts("  Bluetooth   ");
}

static void volDisplayUpdate()
{
	Wire.beginTransmission(I2C_ADDR_VFDDRIVER >> 1);
    14d4:	6a e7       	ldi	r22, 0x7A	; 122
    14d6:	70 e0       	ldi	r23, 0x00	; 0
    14d8:	83 ed       	ldi	r24, 0xD3	; 211
    14da:	96 e0       	ldi	r25, 0x06	; 6
    14dc:	0e 94 16 34 	call	0x682c	; 0x682c <_ZN7TwoWire17beginTransmissionEi>
	Wire.write(CMD_SHOW_VOLUME);
    14e0:	6c e0       	ldi	r22, 0x0C	; 12
    14e2:	70 e0       	ldi	r23, 0x00	; 0
    14e4:	83 ed       	ldi	r24, 0xD3	; 211
    14e6:	96 e0       	ldi	r25, 0x06	; 6
    14e8:	0e 94 a8 09 	call	0x1350	; 0x1350 <_ZN7TwoWire5writeEi>
	Wire.write(MAX_VOLUME - volume);
    14ec:	80 91 ad 01 	lds	r24, 0x01AD	; 0x8001ad <_ZL6volume>
    14f0:	6f e3       	ldi	r22, 0x3F	; 63
    14f2:	70 e0       	ldi	r23, 0x00	; 0
    14f4:	68 1b       	sub	r22, r24
    14f6:	71 09       	sbc	r23, r1
    14f8:	83 ed       	ldi	r24, 0xD3	; 211
    14fa:	96 e0       	ldi	r25, 0x06	; 6
    14fc:	0e 94 a8 09 	call	0x1350	; 0x1350 <_ZN7TwoWire5writeEi>
	Wire.endTransmission();
    1500:	83 ed       	ldi	r24, 0xD3	; 211
    1502:	96 e0       	ldi	r25, 0x06	; 6
    1504:	0e 94 94 34 	call	0x6928	; 0x6928 <_ZN7TwoWire15endTransmissionEv>
	delay(1);
    1508:	61 e0       	ldi	r22, 0x01	; 1
    150a:	70 e0       	ldi	r23, 0x00	; 0
    150c:	80 e0       	ldi	r24, 0x00	; 0
    150e:	90 e0       	ldi	r25, 0x00	; 0
    1510:	0c 94 a0 28 	jmp	0x5140	; 0x5140 <delay>

00001514 <_ZL5speOnc>:
	Wire.endTransmission();
	delay(1);
}

static void speOn(char spe)
{
    1514:	cf 93       	push	r28
    1516:	c8 2f       	mov	r28, r24
	// if STEREO or TUNED is requested to be off, do not invoke I2C calls, they would be unnecessary
	if ((getMode() == MODE_RADIO_FM || getMode() == MODE_RADIO_AM)
    1518:	0e 94 de 08 	call	0x11bc	; 0x11bc <_ZL7getModev>
		&& ((spe == SPE_STEREO && isStereoDisplayOn) || (spe == SPE_TUNED && isTunedDisplayOn)))
    151c:	81 11       	cpse	r24, r1
    151e:	05 c0       	rjmp	.+10     	; 0x152a <_ZL5speOnc+0x16>
    1520:	c3 31       	cpi	r28, 0x13	; 19
    1522:	41 f4       	brne	.+16     	; 0x1534 <_ZL5speOnc+0x20>
    1524:	80 91 76 05 	lds	r24, 0x0576	; 0x800576 <_ZL17isStereoDisplayOn>
    1528:	09 c0       	rjmp	.+18     	; 0x153c <_ZL5speOnc+0x28>
}

static void speOn(char spe)
{
	// if STEREO or TUNED is requested to be off, do not invoke I2C calls, they would be unnecessary
	if ((getMode() == MODE_RADIO_FM || getMode() == MODE_RADIO_AM)
    152a:	0e 94 de 08 	call	0x11bc	; 0x11bc <_ZL7getModev>
    152e:	81 30       	cpi	r24, 0x01	; 1
    1530:	39 f4       	brne	.+14     	; 0x1540 <_ZL5speOnc+0x2c>
    1532:	f6 cf       	rjmp	.-20     	; 0x1520 <_ZL5speOnc+0xc>
		&& ((spe == SPE_STEREO && isStereoDisplayOn) || (spe == SPE_TUNED && isTunedDisplayOn)))
    1534:	c4 31       	cpi	r28, 0x14	; 20
    1536:	21 f4       	brne	.+8      	; 0x1540 <_ZL5speOnc+0x2c>
    1538:	80 91 75 05 	lds	r24, 0x0575	; 0x800575 <_ZL16isTunedDisplayOn>
    153c:	81 11       	cpse	r24, r1
    153e:	1d c0       	rjmp	.+58     	; 0x157a <_ZL5speOnc+0x66>
	{
		return;
	}
	
	Wire.beginTransmission(I2C_ADDR_VFDDRIVER >> 1);
    1540:	6a e7       	ldi	r22, 0x7A	; 122
    1542:	70 e0       	ldi	r23, 0x00	; 0
    1544:	83 ed       	ldi	r24, 0xD3	; 211
    1546:	96 e0       	ldi	r25, 0x06	; 6
    1548:	0e 94 16 34 	call	0x682c	; 0x682c <_ZN7TwoWire17beginTransmissionEi>
	Wire.write(CMD_SHOW_SPE);
    154c:	62 e0       	ldi	r22, 0x02	; 2
    154e:	70 e0       	ldi	r23, 0x00	; 0
    1550:	83 ed       	ldi	r24, 0xD3	; 211
    1552:	96 e0       	ldi	r25, 0x06	; 6
    1554:	0e 94 a8 09 	call	0x1350	; 0x1350 <_ZN7TwoWire5writeEi>
	Wire.write(spe);
    1558:	6c 2f       	mov	r22, r28
    155a:	70 e0       	ldi	r23, 0x00	; 0
    155c:	83 ed       	ldi	r24, 0xD3	; 211
    155e:	96 e0       	ldi	r25, 0x06	; 6
    1560:	0e 94 a8 09 	call	0x1350	; 0x1350 <_ZN7TwoWire5writeEi>
	Wire.endTransmission();
    1564:	83 ed       	ldi	r24, 0xD3	; 211
    1566:	96 e0       	ldi	r25, 0x06	; 6
    1568:	0e 94 94 34 	call	0x6928	; 0x6928 <_ZN7TwoWire15endTransmissionEv>
	delay(1);
    156c:	61 e0       	ldi	r22, 0x01	; 1
    156e:	70 e0       	ldi	r23, 0x00	; 0
    1570:	80 e0       	ldi	r24, 0x00	; 0
    1572:	90 e0       	ldi	r25, 0x00	; 0
}
    1574:	cf 91       	pop	r28
	
	Wire.beginTransmission(I2C_ADDR_VFDDRIVER >> 1);
	Wire.write(CMD_SHOW_SPE);
	Wire.write(spe);
	Wire.endTransmission();
	delay(1);
    1576:	0c 94 a0 28 	jmp	0x5140	; 0x5140 <delay>
}
    157a:	cf 91       	pop	r28
    157c:	08 95       	ret

0000157e <_ZL6speOffc>:

static void speOff(char spe)
{
    157e:	cf 93       	push	r28
    1580:	c8 2f       	mov	r28, r24
	// if STEREO or TUNED is requested to be off, do not invoke I2C calls, they would be unnecessary
	if ((getMode() == MODE_RADIO_FM || getMode() == MODE_RADIO_AM)
    1582:	0e 94 de 08 	call	0x11bc	; 0x11bc <_ZL7getModev>
		&& ((spe == SPE_STEREO && !isStereoDisplayOn) || (spe == SPE_TUNED && !isTunedDisplayOn)))
    1586:	81 11       	cpse	r24, r1
    1588:	05 c0       	rjmp	.+10     	; 0x1594 <_ZL6speOffc+0x16>
    158a:	c3 31       	cpi	r28, 0x13	; 19
    158c:	41 f4       	brne	.+16     	; 0x159e <_ZL6speOffc+0x20>
    158e:	80 91 76 05 	lds	r24, 0x0576	; 0x800576 <_ZL17isStereoDisplayOn>
    1592:	09 c0       	rjmp	.+18     	; 0x15a6 <_ZL6speOffc+0x28>
}

static void speOff(char spe)
{
	// if STEREO or TUNED is requested to be off, do not invoke I2C calls, they would be unnecessary
	if ((getMode() == MODE_RADIO_FM || getMode() == MODE_RADIO_AM)
    1594:	0e 94 de 08 	call	0x11bc	; 0x11bc <_ZL7getModev>
    1598:	81 30       	cpi	r24, 0x01	; 1
    159a:	39 f4       	brne	.+14     	; 0x15aa <_ZL6speOffc+0x2c>
    159c:	f6 cf       	rjmp	.-20     	; 0x158a <_ZL6speOffc+0xc>
		&& ((spe == SPE_STEREO && !isStereoDisplayOn) || (spe == SPE_TUNED && !isTunedDisplayOn)))
    159e:	c4 31       	cpi	r28, 0x14	; 20
    15a0:	21 f4       	brne	.+8      	; 0x15aa <_ZL6speOffc+0x2c>
    15a2:	80 91 75 05 	lds	r24, 0x0575	; 0x800575 <_ZL16isTunedDisplayOn>
    15a6:	88 23       	and	r24, r24
    15a8:	e9 f0       	breq	.+58     	; 0x15e4 <_ZL6speOffc+0x66>
	{
		return;
	}

	Wire.beginTransmission(I2C_ADDR_VFDDRIVER >> 1);
    15aa:	6a e7       	ldi	r22, 0x7A	; 122
    15ac:	70 e0       	ldi	r23, 0x00	; 0
    15ae:	83 ed       	ldi	r24, 0xD3	; 211
    15b0:	96 e0       	ldi	r25, 0x06	; 6
    15b2:	0e 94 16 34 	call	0x682c	; 0x682c <_ZN7TwoWire17beginTransmissionEi>
	Wire.write(CMD_HIDE_SPE);
    15b6:	63 e0       	ldi	r22, 0x03	; 3
    15b8:	70 e0       	ldi	r23, 0x00	; 0
    15ba:	83 ed       	ldi	r24, 0xD3	; 211
    15bc:	96 e0       	ldi	r25, 0x06	; 6
    15be:	0e 94 a8 09 	call	0x1350	; 0x1350 <_ZN7TwoWire5writeEi>
	Wire.write(spe);
    15c2:	6c 2f       	mov	r22, r28
    15c4:	70 e0       	ldi	r23, 0x00	; 0
    15c6:	83 ed       	ldi	r24, 0xD3	; 211
    15c8:	96 e0       	ldi	r25, 0x06	; 6
    15ca:	0e 94 a8 09 	call	0x1350	; 0x1350 <_ZN7TwoWire5writeEi>
	Wire.endTransmission();
    15ce:	83 ed       	ldi	r24, 0xD3	; 211
    15d0:	96 e0       	ldi	r25, 0x06	; 6
    15d2:	0e 94 94 34 	call	0x6928	; 0x6928 <_ZN7TwoWire15endTransmissionEv>
	delay(1);
    15d6:	61 e0       	ldi	r22, 0x01	; 1
    15d8:	70 e0       	ldi	r23, 0x00	; 0
    15da:	80 e0       	ldi	r24, 0x00	; 0
    15dc:	90 e0       	ldi	r25, 0x00	; 0
}
    15de:	cf 91       	pop	r28

	Wire.beginTransmission(I2C_ADDR_VFDDRIVER >> 1);
	Wire.write(CMD_HIDE_SPE);
	Wire.write(spe);
	Wire.endTransmission();
	delay(1);
    15e0:	0c 94 a0 28 	jmp	0x5140	; 0x5140 <delay>
}
    15e4:	cf 91       	pop	r28
    15e6:	08 95       	ret

000015e8 <_ZL12clearRdsInfov>:
		setMono();
	}
}

static void clearRdsInfo()
{
    15e8:	cf 93       	push	r28
    15ea:	df 93       	push	r29
	char maxIndex = stationName == NULL ? UINT8_MAX : (strlen(stationName) - 1);
    15ec:	e0 91 df 05 	lds	r30, 0x05DF	; 0x8005df <_ZL11stationName>
    15f0:	f0 91 e0 05 	lds	r31, 0x05E0	; 0x8005e0 <_ZL11stationName+0x1>
    15f4:	30 97       	sbiw	r30, 0x00	; 0
    15f6:	39 f0       	breq	.+14     	; 0x1606 <_ZL12clearRdsInfov+0x1e>
    15f8:	df 01       	movw	r26, r30
    15fa:	0d 90       	ld	r0, X+
    15fc:	00 20       	and	r0, r0
    15fe:	e9 f7       	brne	.-6      	; 0x15fa <_ZL12clearRdsInfov+0x12>
    1600:	ae 1b       	sub	r26, r30
    1602:	a2 50       	subi	r26, 0x02	; 2
    1604:	01 c0       	rjmp	.+2      	; 0x1608 <_ZL12clearRdsInfov+0x20>
    1606:	af ef       	ldi	r26, 0xFF	; 255
    1608:	c7 ed       	ldi	r28, 0xD7	; 215
    160a:	d5 e0       	ldi	r29, 0x05	; 5
	for (unsigned char i = 0; i < STATION_NAME_CHARS; i++)
    160c:	80 e0       	ldi	r24, 0x00	; 0
	{
		completeStationName[i] = ' ';
    160e:	90 e2       	ldi	r25, 0x20	; 32
    1610:	99 93       	st	Y+, r25
		
		if (maxIndex != UINT8_MAX && i <= maxIndex)
    1612:	af 3f       	cpi	r26, 0xFF	; 255
    1614:	19 f0       	breq	.+6      	; 0x161c <_ZL12clearRdsInfov+0x34>
    1616:	a8 17       	cp	r26, r24
    1618:	08 f0       	brcs	.+2      	; 0x161c <_ZL12clearRdsInfov+0x34>
		{
			stationName[i] = ' ';
    161a:	90 83       	st	Z, r25
}

static void clearRdsInfo()
{
	char maxIndex = stationName == NULL ? UINT8_MAX : (strlen(stationName) - 1);
	for (unsigned char i = 0; i < STATION_NAME_CHARS; i++)
    161c:	8f 5f       	subi	r24, 0xFF	; 255
    161e:	31 96       	adiw	r30, 0x01	; 1
    1620:	88 30       	cpi	r24, 0x08	; 8
    1622:	b1 f7       	brne	.-20     	; 0x1610 <_ZL12clearRdsInfov+0x28>
		{
			stationName[i] = ' ';
		}
	}
	
	displayRadioText = false;
    1624:	10 92 93 05 	sts	0x0593, r1	; 0x800593 <_ZL16displayRadioText>
	clearRadioText();
    1628:	0e 94 b5 08 	call	0x116a	; 0x116a <_ZL14clearRadioTextv>
	speOff(SPE_ARROW_LEFT);
    162c:	85 e0       	ldi	r24, 0x05	; 5
    162e:	0e 94 bf 0a 	call	0x157e	; 0x157e <_ZL6speOffc>
	speOff(SPE_ARROW_RIGHT);
    1632:	82 e2       	ldi	r24, 0x22	; 34
}
    1634:	df 91       	pop	r29
    1636:	cf 91       	pop	r28
	}
	
	displayRadioText = false;
	clearRadioText();
	speOff(SPE_ARROW_LEFT);
	speOff(SPE_ARROW_RIGHT);
    1638:	0c 94 bf 0a 	jmp	0x157e	; 0x157e <_ZL6speOffc>

0000163c <_ZL7setMonov.part.7>:

static void setMono()
{
	if (getMode() == MODE_RADIO_FM)
	{
		si4735.setFmBlendStereoThreshold(127); // stereo = 49 (default value), mono = 127
    163c:	6f e7       	ldi	r22, 0x7F	; 127
    163e:	85 ee       	ldi	r24, 0xE5	; 229
    1640:	95 e0       	ldi	r25, 0x05	; 5
    1642:	0e 94 7b 30 	call	0x60f6	; 0x60f6 <_ZN6SI473525setFmBlendStereoThresholdEh>
		speOff(SPE_STEREO);
    1646:	83 e1       	ldi	r24, 0x13	; 19
    1648:	0e 94 bf 0a 	call	0x157e	; 0x157e <_ZL6speOffc>
		forceMono = true;
    164c:	81 e0       	ldi	r24, 0x01	; 1
    164e:	80 93 77 05 	sts	0x0577, r24	; 0x800577 <_ZL9forceMono>
		lastSettingsChange = millis();
    1652:	0e 94 6f 28 	call	0x50de	; 0x50de <millis>
    1656:	60 93 6d 05 	sts	0x056D, r22	; 0x80056d <_ZL18lastSettingsChange>
    165a:	70 93 6e 05 	sts	0x056E, r23	; 0x80056e <_ZL18lastSettingsChange+0x1>
    165e:	80 93 6f 05 	sts	0x056F, r24	; 0x80056f <_ZL18lastSettingsChange+0x2>
    1662:	90 93 70 05 	sts	0x0570, r25	; 0x800570 <_ZL18lastSettingsChange+0x3>
    1666:	08 95       	ret

00001668 <_ZL5setBTv>:
	frequencyDisplayUpdate();
}

static void setBT()
{
	clearRdsInfo();
    1668:	0e 94 f4 0a 	call	0x15e8	; 0x15e8 <_ZL12clearRdsInfov>
	graPuts("      AM      ");
}

inline static void showBT()
{
	graPuts("  Bluetooth   ");
    166c:	84 ec       	ldi	r24, 0xC4	; 196
    166e:	91 e0       	ldi	r25, 0x01	; 1
    1670:	0e 94 24 0a 	call	0x1448	; 0x1448 <_ZL7graPutsPKc>

static void setBT()
{
	clearRdsInfo();
	showBT();
	speOff(SPE_STEREO);
    1674:	83 e1       	ldi	r24, 0x13	; 19
    1676:	0e 94 bf 0a 	call	0x157e	; 0x157e <_ZL6speOffc>
	speOff(SPE_TUNED);
    167a:	84 e1       	ldi	r24, 0x14	; 20
    167c:	0e 94 bf 0a 	call	0x157e	; 0x157e <_ZL6speOffc>
	si4735.powerDown();
    1680:	85 ee       	ldi	r24, 0xE5	; 229
    1682:	95 e0       	ldi	r25, 0x05	; 5
    1684:	0e 94 ef 2d 	call	0x5bde	; 0x5bde <_ZN6SI47359powerDownEv>
	digitalWrite(PC3A, HIGH); // BT on
    1688:	61 e0       	ldi	r22, 0x01	; 1
    168a:	81 e1       	ldi	r24, 0x11	; 17
    168c:	0e 94 87 29 	call	0x530e	; 0x530e <digitalWrite>
	
	// input
	Wire.beginTransmission(I2C_ADDR_AUDIOPROC >> 1);
    1690:	64 e4       	ldi	r22, 0x44	; 68
    1692:	70 e0       	ldi	r23, 0x00	; 0
    1694:	83 ed       	ldi	r24, 0xD3	; 211
    1696:	96 e0       	ldi	r25, 0x06	; 6
    1698:	0e 94 16 34 	call	0x682c	; 0x682c <_ZN7TwoWire17beginTransmissionEi>
	Wire.write(0b00000000);
    169c:	60 e0       	ldi	r22, 0x00	; 0
    169e:	70 e0       	ldi	r23, 0x00	; 0
    16a0:	83 ed       	ldi	r24, 0xD3	; 211
    16a2:	96 e0       	ldi	r25, 0x06	; 6
    16a4:	0e 94 a8 09 	call	0x1350	; 0x1350 <_ZN7TwoWire5writeEi>
	Wire.write(INPUT_IN2_BT);
    16a8:	61 e0       	ldi	r22, 0x01	; 1
    16aa:	70 e0       	ldi	r23, 0x00	; 0
    16ac:	83 ed       	ldi	r24, 0xD3	; 211
    16ae:	96 e0       	ldi	r25, 0x06	; 6
    16b0:	0e 94 a8 09 	call	0x1350	; 0x1350 <_ZN7TwoWire5writeEi>
	Wire.endTransmission();
    16b4:	83 ed       	ldi	r24, 0xD3	; 211
    16b6:	96 e0       	ldi	r25, 0x06	; 6
    16b8:	0e 94 94 34 	call	0x6928	; 0x6928 <_ZN7TwoWire15endTransmissionEv>
	
	// input gain
	Wire.beginTransmission(I2C_ADDR_AUDIOPROC >> 1);
    16bc:	64 e4       	ldi	r22, 0x44	; 68
    16be:	70 e0       	ldi	r23, 0x00	; 0
    16c0:	83 ed       	ldi	r24, 0xD3	; 211
    16c2:	96 e0       	ldi	r25, 0x06	; 6
    16c4:	0e 94 16 34 	call	0x682c	; 0x682c <_ZN7TwoWire17beginTransmissionEi>
	Wire.write(0b00000001);
    16c8:	61 e0       	ldi	r22, 0x01	; 1
    16ca:	70 e0       	ldi	r23, 0x00	; 0
    16cc:	83 ed       	ldi	r24, 0xD3	; 211
    16ce:	96 e0       	ldi	r25, 0x06	; 6
    16d0:	0e 94 a8 09 	call	0x1350	; 0x1350 <_ZN7TwoWire5writeEi>
	Wire.write(0b00000111);
    16d4:	67 e0       	ldi	r22, 0x07	; 7
    16d6:	70 e0       	ldi	r23, 0x00	; 0
    16d8:	83 ed       	ldi	r24, 0xD3	; 211
    16da:	96 e0       	ldi	r25, 0x06	; 6
    16dc:	0e 94 a8 09 	call	0x1350	; 0x1350 <_ZN7TwoWire5writeEi>
	Wire.endTransmission();
    16e0:	83 ed       	ldi	r24, 0xD3	; 211
    16e2:	96 e0       	ldi	r25, 0x06	; 6
    16e4:	0e 94 94 34 	call	0x6928	; 0x6928 <_ZN7TwoWire15endTransmissionEv>
	delay(1);
}

static void clearNum()
{
	Wire.beginTransmission(I2C_ADDR_VFDDRIVER >> 1);
    16e8:	6a e7       	ldi	r22, 0x7A	; 122
    16ea:	70 e0       	ldi	r23, 0x00	; 0
    16ec:	83 ed       	ldi	r24, 0xD3	; 211
    16ee:	96 e0       	ldi	r25, 0x06	; 6
    16f0:	0e 94 16 34 	call	0x682c	; 0x682c <_ZN7TwoWire17beginTransmissionEi>
	Wire.write(CMD_CLEAR_NUM);
    16f4:	66 e0       	ldi	r22, 0x06	; 6
    16f6:	70 e0       	ldi	r23, 0x00	; 0
    16f8:	83 ed       	ldi	r24, 0xD3	; 211
    16fa:	96 e0       	ldi	r25, 0x06	; 6
    16fc:	0e 94 a8 09 	call	0x1350	; 0x1350 <_ZN7TwoWire5writeEi>
	Wire.endTransmission();
    1700:	83 ed       	ldi	r24, 0xD3	; 211
    1702:	96 e0       	ldi	r25, 0x06	; 6
    1704:	0e 94 94 34 	call	0x6928	; 0x6928 <_ZN7TwoWire15endTransmissionEv>
	delay(1);
    1708:	61 e0       	ldi	r22, 0x01	; 1
    170a:	70 e0       	ldi	r23, 0x00	; 0
    170c:	80 e0       	ldi	r24, 0x00	; 0
    170e:	90 e0       	ldi	r25, 0x00	; 0
    1710:	0c 94 a0 28 	jmp	0x5140	; 0x5140 <delay>

00001714 <_ZL11setMuteOnlyb.constprop.16>:
	else
	{
		//si4735.setAudioMute(false); // unmute
		
		// output
		Wire.beginTransmission(I2C_ADDR_AUDIOPROC >> 1);
    1714:	64 e4       	ldi	r22, 0x44	; 68
    1716:	70 e0       	ldi	r23, 0x00	; 0
    1718:	83 ed       	ldi	r24, 0xD3	; 211
    171a:	96 e0       	ldi	r25, 0x06	; 6
    171c:	0e 94 16 34 	call	0x682c	; 0x682c <_ZN7TwoWire17beginTransmissionEi>
		Wire.write(0b00000110);
    1720:	66 e0       	ldi	r22, 0x06	; 6
    1722:	70 e0       	ldi	r23, 0x00	; 0
    1724:	83 ed       	ldi	r24, 0xD3	; 211
    1726:	96 e0       	ldi	r25, 0x06	; 6
    1728:	0e 94 a8 09 	call	0x1350	; 0x1350 <_ZN7TwoWire5writeEi>
		Wire.write(OUTPUT_ON);
    172c:	61 e0       	ldi	r22, 0x01	; 1
    172e:	70 e0       	ldi	r23, 0x00	; 0
    1730:	83 ed       	ldi	r24, 0xD3	; 211
    1732:	96 e0       	ldi	r25, 0x06	; 6
    1734:	0e 94 a8 09 	call	0x1350	; 0x1350 <_ZN7TwoWire5writeEi>
		Wire.endTransmission();
    1738:	83 ed       	ldi	r24, 0xD3	; 211
    173a:	96 e0       	ldi	r25, 0x06	; 6
    173c:	0e 94 94 34 	call	0x6928	; 0x6928 <_ZN7TwoWire15endTransmissionEv>
		
		// mute power amplifier
		digitalWrite(PB1A, HIGH);
    1740:	61 e0       	ldi	r22, 0x01	; 1
    1742:	89 e0       	ldi	r24, 0x09	; 9
    1744:	0c 94 87 29 	jmp	0x530e	; 0x530e <digitalWrite>

00001748 <_ZL22frequencyDisplayUpdatev>:
	
	setRTCValues(bytes);
}

static void frequencyDisplayUpdate()
{
    1748:	cf 92       	push	r12
    174a:	df 92       	push	r13
    174c:	ef 92       	push	r14
    174e:	ff 92       	push	r15
    1750:	0f 93       	push	r16
    1752:	1f 93       	push	r17
    1754:	cf 93       	push	r28
    1756:	df 93       	push	r29
    1758:	cd b7       	in	r28, 0x3d	; 61
    175a:	de b7       	in	r29, 0x3e	; 62
    175c:	28 97       	sbiw	r28, 0x08	; 8
    175e:	0f b6       	in	r0, 0x3f	; 63
    1760:	f8 94       	cli
    1762:	de bf       	out	0x3e, r29	; 62
    1764:	0f be       	out	0x3f, r0	; 63
    1766:	cd bf       	out	0x3d, r28	; 61
	if (getMode() == MODE_RADIO_FM || getMode() == MODE_RADIO_AM)
    1768:	0e 94 de 08 	call	0x11bc	; 0x11bc <_ZL7getModev>
    176c:	88 23       	and	r24, r24
    176e:	29 f0       	breq	.+10     	; 0x177a <_ZL22frequencyDisplayUpdatev+0x32>
    1770:	0e 94 de 08 	call	0x11bc	; 0x11bc <_ZL7getModev>
    1774:	81 30       	cpi	r24, 0x01	; 1
    1776:	09 f0       	breq	.+2      	; 0x177a <_ZL22frequencyDisplayUpdatev+0x32>
    1778:	c9 c0       	rjmp	.+402    	; 0x190c <_ZL22frequencyDisplayUpdatev+0x1c4>
	{
		int freq = si4735.getCurrentFrequency();
    177a:	00 91 82 06 	lds	r16, 0x0682	; 0x800682 <_ZL6si4735+0x9d>
    177e:	10 91 83 06 	lds	r17, 0x0683	; 0x800683 <_ZL6si4735+0x9e>
		char str[2];
		char numString[NUM_DISPLAY_CHARS];
		
		
		if (getMode() == MODE_RADIO_FM)
    1782:	0e 94 de 08 	call	0x11bc	; 0x11bc <_ZL7getModev>
    1786:	9e 01       	movw	r18, r28
    1788:	29 5f       	subi	r18, 0xF9	; 249
    178a:	3f 4f       	sbci	r19, 0xFF	; 255
    178c:	79 01       	movw	r14, r18
    178e:	81 11       	cpse	r24, r1
    1790:	4f c0       	rjmp	.+158    	; 0x1830 <_ZL22frequencyDisplayUpdatev+0xe8>
		{
			numString[0] = freq >= 10000 ? itoa(freq / 10000, str, 10)[0] : ' ';
    1792:	00 31       	cpi	r16, 0x10	; 16
    1794:	27 e2       	ldi	r18, 0x27	; 39
    1796:	12 07       	cpc	r17, r18
    1798:	6c f0       	brlt	.+26     	; 0x17b4 <_ZL22frequencyDisplayUpdatev+0x6c>
    } else if (__radix < 2 || __radix > 36) {
	*__s = 0;
	return __s;
    } else {
	extern char *__itoa_ncheck (int, char *, unsigned char);
	return __itoa_ncheck (__val, __s, __radix);
    179a:	c8 01       	movw	r24, r16
    179c:	60 e1       	ldi	r22, 0x10	; 16
    179e:	77 e2       	ldi	r23, 0x27	; 39
    17a0:	0e 94 97 38 	call	0x712e	; 0x712e <__divmodhi4>
    17a4:	cb 01       	movw	r24, r22
    17a6:	4a e0       	ldi	r20, 0x0A	; 10
    17a8:	b7 01       	movw	r22, r14
    17aa:	0e 94 03 39 	call	0x7206	; 0x7206 <__itoa_ncheck>
    17ae:	fc 01       	movw	r30, r24
    17b0:	80 81       	ld	r24, Z
    17b2:	01 c0       	rjmp	.+2      	; 0x17b6 <_ZL22frequencyDisplayUpdatev+0x6e>
    17b4:	80 e2       	ldi	r24, 0x20	; 32
    17b6:	89 83       	std	Y+1, r24	; 0x01
    17b8:	c8 01       	movw	r24, r16
    17ba:	60 e1       	ldi	r22, 0x10	; 16
    17bc:	77 e2       	ldi	r23, 0x27	; 39
    17be:	0e 94 97 38 	call	0x712e	; 0x712e <__divmodhi4>
    17c2:	48 ee       	ldi	r20, 0xE8	; 232
    17c4:	c4 2e       	mov	r12, r20
    17c6:	43 e0       	ldi	r20, 0x03	; 3
    17c8:	d4 2e       	mov	r13, r20
    17ca:	b6 01       	movw	r22, r12
    17cc:	0e 94 97 38 	call	0x712e	; 0x712e <__divmodhi4>
    17d0:	cb 01       	movw	r24, r22
    17d2:	4a e0       	ldi	r20, 0x0A	; 10
    17d4:	b7 01       	movw	r22, r14
    17d6:	0e 94 03 39 	call	0x7206	; 0x7206 <__itoa_ncheck>
			numString[1] = itoa((freq % 10000) / 1000, str, 10)[0];
    17da:	fc 01       	movw	r30, r24
    17dc:	80 81       	ld	r24, Z
    17de:	8a 83       	std	Y+2, r24	; 0x02
    17e0:	c8 01       	movw	r24, r16
    17e2:	b6 01       	movw	r22, r12
    17e4:	0e 94 97 38 	call	0x712e	; 0x712e <__divmodhi4>
    17e8:	54 e6       	ldi	r21, 0x64	; 100
    17ea:	c5 2e       	mov	r12, r21
    17ec:	d1 2c       	mov	r13, r1
    17ee:	b6 01       	movw	r22, r12
    17f0:	0e 94 97 38 	call	0x712e	; 0x712e <__divmodhi4>
    17f4:	cb 01       	movw	r24, r22
    17f6:	4a e0       	ldi	r20, 0x0A	; 10
    17f8:	b7 01       	movw	r22, r14
    17fa:	0e 94 03 39 	call	0x7206	; 0x7206 <__itoa_ncheck>
			numString[2] = itoa((freq % 1000) / 100, str, 10)[0];
    17fe:	fc 01       	movw	r30, r24
    1800:	80 81       	ld	r24, Z
    1802:	8b 83       	std	Y+3, r24	; 0x03
    1804:	c8 01       	movw	r24, r16
    1806:	b6 01       	movw	r22, r12
    1808:	0e 94 97 38 	call	0x712e	; 0x712e <__divmodhi4>
    180c:	6a e0       	ldi	r22, 0x0A	; 10
    180e:	70 e0       	ldi	r23, 0x00	; 0
    1810:	0e 94 97 38 	call	0x712e	; 0x712e <__divmodhi4>
    1814:	cb 01       	movw	r24, r22
    1816:	4a e0       	ldi	r20, 0x0A	; 10
    1818:	b7 01       	movw	r22, r14
    181a:	0e 94 03 39 	call	0x7206	; 0x7206 <__itoa_ncheck>
			numString[3] = itoa((freq % 100) / 10, str, 10)[0];
    181e:	fc 01       	movw	r30, r24
    1820:	80 81       	ld	r24, Z
    1822:	8c 83       	std	Y+4, r24	; 0x04
			
			numString[4] = 'F';
    1824:	86 e4       	ldi	r24, 0x46	; 70
    1826:	8d 83       	std	Y+5, r24	; 0x05
			speOn(SPE_COLON_LOWER);
    1828:	89 e0       	ldi	r24, 0x09	; 9
    182a:	0e 94 8a 0a 	call	0x1514	; 0x1514 <_ZL5speOnc>
    182e:	48 c0       	rjmp	.+144    	; 0x18c0 <_ZL22frequencyDisplayUpdatev+0x178>
		}
		else
		{
			numString[0] = freq >= 1000 ? itoa(freq / 1000, str, 10)[0] : ' ';
    1830:	08 3e       	cpi	r16, 0xE8	; 232
    1832:	f3 e0       	ldi	r31, 0x03	; 3
    1834:	1f 07       	cpc	r17, r31
    1836:	6c f0       	brlt	.+26     	; 0x1852 <_ZL22frequencyDisplayUpdatev+0x10a>
    1838:	c8 01       	movw	r24, r16
    183a:	68 ee       	ldi	r22, 0xE8	; 232
    183c:	73 e0       	ldi	r23, 0x03	; 3
    183e:	0e 94 97 38 	call	0x712e	; 0x712e <__divmodhi4>
    1842:	cb 01       	movw	r24, r22
    1844:	4a e0       	ldi	r20, 0x0A	; 10
    1846:	b7 01       	movw	r22, r14
    1848:	0e 94 03 39 	call	0x7206	; 0x7206 <__itoa_ncheck>
    184c:	fc 01       	movw	r30, r24
    184e:	80 81       	ld	r24, Z
    1850:	01 c0       	rjmp	.+2      	; 0x1854 <_ZL22frequencyDisplayUpdatev+0x10c>
    1852:	80 e2       	ldi	r24, 0x20	; 32
    1854:	89 83       	std	Y+1, r24	; 0x01
    1856:	c8 01       	movw	r24, r16
    1858:	68 ee       	ldi	r22, 0xE8	; 232
    185a:	73 e0       	ldi	r23, 0x03	; 3
    185c:	0e 94 97 38 	call	0x712e	; 0x712e <__divmodhi4>
    1860:	24 e6       	ldi	r18, 0x64	; 100
    1862:	c2 2e       	mov	r12, r18
    1864:	d1 2c       	mov	r13, r1
    1866:	b6 01       	movw	r22, r12
    1868:	0e 94 97 38 	call	0x712e	; 0x712e <__divmodhi4>
    186c:	cb 01       	movw	r24, r22
    186e:	4a e0       	ldi	r20, 0x0A	; 10
    1870:	b7 01       	movw	r22, r14
    1872:	0e 94 03 39 	call	0x7206	; 0x7206 <__itoa_ncheck>
			numString[1] = itoa((freq % 1000) / 100, str, 10)[0];
    1876:	fc 01       	movw	r30, r24
    1878:	80 81       	ld	r24, Z
    187a:	8a 83       	std	Y+2, r24	; 0x02
    187c:	c8 01       	movw	r24, r16
    187e:	b6 01       	movw	r22, r12
    1880:	0e 94 97 38 	call	0x712e	; 0x712e <__divmodhi4>
    1884:	3a e0       	ldi	r19, 0x0A	; 10
    1886:	c3 2e       	mov	r12, r19
    1888:	d1 2c       	mov	r13, r1
    188a:	b6 01       	movw	r22, r12
    188c:	0e 94 97 38 	call	0x712e	; 0x712e <__divmodhi4>
    1890:	cb 01       	movw	r24, r22
    1892:	4a e0       	ldi	r20, 0x0A	; 10
    1894:	b7 01       	movw	r22, r14
    1896:	0e 94 03 39 	call	0x7206	; 0x7206 <__itoa_ncheck>
			numString[2] = itoa((freq % 100) / 10, str, 10)[0];
    189a:	fc 01       	movw	r30, r24
    189c:	80 81       	ld	r24, Z
    189e:	8b 83       	std	Y+3, r24	; 0x03
    18a0:	c8 01       	movw	r24, r16
    18a2:	b6 01       	movw	r22, r12
    18a4:	0e 94 97 38 	call	0x712e	; 0x712e <__divmodhi4>
    18a8:	4a e0       	ldi	r20, 0x0A	; 10
    18aa:	b7 01       	movw	r22, r14
    18ac:	0e 94 03 39 	call	0x7206	; 0x7206 <__itoa_ncheck>
			numString[3] = itoa(freq % 10, str, 10)[0];
    18b0:	fc 01       	movw	r30, r24
    18b2:	80 81       	ld	r24, Z
    18b4:	8c 83       	std	Y+4, r24	; 0x04

			numString[4] = 'A';
    18b6:	81 e4       	ldi	r24, 0x41	; 65
    18b8:	8d 83       	std	Y+5, r24	; 0x05
			speOff(SPE_COLON_LOWER);
    18ba:	89 e0       	ldi	r24, 0x09	; 9
    18bc:	0e 94 bf 0a 	call	0x157e	; 0x157e <_ZL6speOffc>
		}
		
		numString[5] = 'M';
    18c0:	8d e4       	ldi	r24, 0x4D	; 77
    18c2:	8e 83       	std	Y+6, r24	; 0x06
	}
}

static void numPuts(char const* text)
{
	Wire.beginTransmission(I2C_ADDR_VFDDRIVER >> 1);
    18c4:	6a e7       	ldi	r22, 0x7A	; 122
    18c6:	70 e0       	ldi	r23, 0x00	; 0
    18c8:	83 ed       	ldi	r24, 0xD3	; 211
    18ca:	96 e0       	ldi	r25, 0x06	; 6
    18cc:	0e 94 16 34 	call	0x682c	; 0x682c <_ZN7TwoWire17beginTransmissionEi>
	Wire.write(CMD_SHOW_NUM_TEXT);
    18d0:	6b e0       	ldi	r22, 0x0B	; 11
    18d2:	70 e0       	ldi	r23, 0x00	; 0
    18d4:	83 ed       	ldi	r24, 0xD3	; 211
    18d6:	96 e0       	ldi	r25, 0x06	; 6
    18d8:	0e 94 a8 09 	call	0x1350	; 0x1350 <_ZN7TwoWire5writeEi>
    18dc:	8e 01       	movw	r16, r28
    18de:	0f 5f       	subi	r16, 0xFF	; 255
    18e0:	1f 4f       	sbci	r17, 0xFF	; 255
	for (unsigned char i = 0; i <= 5; i++)
	{
		Wire.write(text[i]);
    18e2:	f8 01       	movw	r30, r16
    18e4:	61 91       	ld	r22, Z+
    18e6:	8f 01       	movw	r16, r30
    18e8:	70 e0       	ldi	r23, 0x00	; 0
    18ea:	83 ed       	ldi	r24, 0xD3	; 211
    18ec:	96 e0       	ldi	r25, 0x06	; 6
    18ee:	0e 94 a8 09 	call	0x1350	; 0x1350 <_ZN7TwoWire5writeEi>

static void numPuts(char const* text)
{
	Wire.beginTransmission(I2C_ADDR_VFDDRIVER >> 1);
	Wire.write(CMD_SHOW_NUM_TEXT);
	for (unsigned char i = 0; i <= 5; i++)
    18f2:	e0 16       	cp	r14, r16
    18f4:	f1 06       	cpc	r15, r17
    18f6:	a9 f7       	brne	.-22     	; 0x18e2 <_ZL22frequencyDisplayUpdatev+0x19a>
	{
		Wire.write(text[i]);
	}
	Wire.endTransmission();
    18f8:	83 ed       	ldi	r24, 0xD3	; 211
    18fa:	96 e0       	ldi	r25, 0x06	; 6
    18fc:	0e 94 94 34 	call	0x6928	; 0x6928 <_ZN7TwoWire15endTransmissionEv>
	delay(1);
    1900:	61 e0       	ldi	r22, 0x01	; 1
    1902:	70 e0       	ldi	r23, 0x00	; 0
    1904:	80 e0       	ldi	r24, 0x00	; 0
    1906:	90 e0       	ldi	r25, 0x00	; 0
    1908:	0e 94 a0 28 	call	0x5140	; 0x5140 <delay>
		
		numString[5] = 'M';
		
		numPuts((const char *)&numString);
	}
}
    190c:	28 96       	adiw	r28, 0x08	; 8
    190e:	0f b6       	in	r0, 0x3f	; 63
    1910:	f8 94       	cli
    1912:	de bf       	out	0x3e, r29	; 62
    1914:	0f be       	out	0x3f, r0	; 63
    1916:	cd bf       	out	0x3d, r28	; 61
    1918:	df 91       	pop	r29
    191a:	cf 91       	pop	r28
    191c:	1f 91       	pop	r17
    191e:	0f 91       	pop	r16
    1920:	ff 90       	pop	r15
    1922:	ef 90       	pop	r14
    1924:	df 90       	pop	r13
    1926:	cf 90       	pop	r12
    1928:	08 95       	ret

0000192a <_ZL5setFMv>:
	frequencyDisplayUpdate();
	lastSettingsChange = millis();
}

static void setFM()
{
    192a:	ef 92       	push	r14
    192c:	0f 93       	push	r16
    192e:	1f 93       	push	r17
	showFM();
    1930:	0e 94 66 0a 	call	0x14cc	; 0x14cc <_ZL6showFMv>
	clearRdsInfo();
    1934:	0e 94 f4 0a 	call	0x15e8	; 0x15e8 <_ZL12clearRdsInfov>
	rdsSyncedFreshly = false;
    1938:	10 92 95 05 	sts	0x0595, r1	; 0x800595 <_ZL16rdsSyncedFreshly>
	
	digitalWrite(PC3A, LOW); // BT off
    193c:	60 e0       	ldi	r22, 0x00	; 0
    193e:	81 e1       	ldi	r24, 0x11	; 17
    1940:	0e 94 87 29 	call	0x530e	; 0x530e <digitalWrite>
	
	si4735.setFM(MIN_FREQ_MHZ, MAX_FREQ_MHZ, lastFreqMhz, 10); // 10 = 100 kHz spacing
    1944:	20 91 9e 01 	lds	r18, 0x019E	; 0x80019e <_ZL11lastFreqMhz>
    1948:	30 91 9f 01 	lds	r19, 0x019F	; 0x80019f <_ZL11lastFreqMhz+0x1>
    194c:	0a e0       	ldi	r16, 0x0A	; 10
    194e:	10 e0       	ldi	r17, 0x00	; 0
    1950:	40 e3       	ldi	r20, 0x30	; 48
    1952:	5a e2       	ldi	r21, 0x2A	; 42
    1954:	6e e2       	ldi	r22, 0x2E	; 46
    1956:	72 e2       	ldi	r23, 0x22	; 34
    1958:	85 ee       	ldi	r24, 0xE5	; 229
    195a:	95 e0       	ldi	r25, 0x05	; 5
    195c:	0e 94 14 32 	call	0x6428	; 0x6428 <_ZN6SI47355setFMEjjjj>
	si4735.setRdsConfig(1, 2, 2, 2, 2); // do not allow any uncorrected errors in RDS, first parameter is "enable RDS"
    1960:	82 e0       	ldi	r24, 0x02	; 2
    1962:	e8 2e       	mov	r14, r24
    1964:	02 e0       	ldi	r16, 0x02	; 2
    1966:	22 e0       	ldi	r18, 0x02	; 2
    1968:	42 e0       	ldi	r20, 0x02	; 2
    196a:	61 e0       	ldi	r22, 0x01	; 1
    196c:	85 ee       	ldi	r24, 0xE5	; 229
    196e:	95 e0       	ldi	r25, 0x05	; 5
    1970:	0e 94 40 32 	call	0x6480	; 0x6480 <_ZN6SI473512setRdsConfigEhhhhh>
	si4735.setTuneFrequencyAntennaCapacitor(0);
    1974:	60 e0       	ldi	r22, 0x00	; 0
    1976:	70 e0       	ldi	r23, 0x00	; 0
    1978:	85 ee       	ldi	r24, 0xE5	; 229
    197a:	95 e0       	ldi	r25, 0x05	; 5
    197c:	0e 94 f8 2e 	call	0x5df0	; 0x5df0 <_ZN6SI473532setTuneFrequencyAntennaCapacitorEj>
	si4735.setSeekFmLimits(MIN_FREQ_MHZ, MAX_FREQ_MHZ);
    1980:	40 e3       	ldi	r20, 0x30	; 48
    1982:	5a e2       	ldi	r21, 0x2A	; 42
    1984:	6e e2       	ldi	r22, 0x2E	; 46
    1986:	72 e2       	ldi	r23, 0x22	; 34
    1988:	85 ee       	ldi	r24, 0xE5	; 229
    198a:	95 e0       	ldi	r25, 0x05	; 5
    198c:	0e 94 5c 30 	call	0x60b8	; 0x60b8 <_ZN6SI473515setSeekFmLimitsEjj>
	si4735.setSeekFmSpacing(10); // 100 kHz
    1990:	6a e0       	ldi	r22, 0x0A	; 10
    1992:	70 e0       	ldi	r23, 0x00	; 0
    1994:	85 ee       	ldi	r24, 0xE5	; 229
    1996:	95 e0       	ldi	r25, 0x05	; 5
    1998:	0e 94 76 30 	call	0x60ec	; 0x60ec <_ZN6SI473516setSeekFmSpacingEj>
	si4735.setVolume(SI4735_VOLUME);
    199c:	62 e3       	ldi	r22, 0x32	; 50
    199e:	85 ee       	ldi	r24, 0xE5	; 229
    19a0:	95 e0       	ldi	r25, 0x05	; 5
    19a2:	0e 94 81 30 	call	0x6102	; 0x6102 <_ZN6SI47359setVolumeEh>

	// input
	Wire.beginTransmission(I2C_ADDR_AUDIOPROC >> 1);
    19a6:	64 e4       	ldi	r22, 0x44	; 68
    19a8:	70 e0       	ldi	r23, 0x00	; 0
    19aa:	83 ed       	ldi	r24, 0xD3	; 211
    19ac:	96 e0       	ldi	r25, 0x06	; 6
    19ae:	0e 94 16 34 	call	0x682c	; 0x682c <_ZN7TwoWire17beginTransmissionEi>
	Wire.write(0b00000000);
    19b2:	60 e0       	ldi	r22, 0x00	; 0
    19b4:	70 e0       	ldi	r23, 0x00	; 0
    19b6:	83 ed       	ldi	r24, 0xD3	; 211
    19b8:	96 e0       	ldi	r25, 0x06	; 6
    19ba:	0e 94 a8 09 	call	0x1350	; 0x1350 <_ZN7TwoWire5writeEi>
	Wire.write(INPUT_IN1_TUNER);
    19be:	60 e0       	ldi	r22, 0x00	; 0
    19c0:	70 e0       	ldi	r23, 0x00	; 0
    19c2:	83 ed       	ldi	r24, 0xD3	; 211
    19c4:	96 e0       	ldi	r25, 0x06	; 6
    19c6:	0e 94 a8 09 	call	0x1350	; 0x1350 <_ZN7TwoWire5writeEi>
	Wire.endTransmission();
    19ca:	83 ed       	ldi	r24, 0xD3	; 211
    19cc:	96 e0       	ldi	r25, 0x06	; 6
    19ce:	0e 94 94 34 	call	0x6928	; 0x6928 <_ZN7TwoWire15endTransmissionEv>
	
	// input gain
	Wire.beginTransmission(I2C_ADDR_AUDIOPROC >> 1);
    19d2:	64 e4       	ldi	r22, 0x44	; 68
    19d4:	70 e0       	ldi	r23, 0x00	; 0
    19d6:	83 ed       	ldi	r24, 0xD3	; 211
    19d8:	96 e0       	ldi	r25, 0x06	; 6
    19da:	0e 94 16 34 	call	0x682c	; 0x682c <_ZN7TwoWire17beginTransmissionEi>
	Wire.write(0b00000001);
    19de:	61 e0       	ldi	r22, 0x01	; 1
    19e0:	70 e0       	ldi	r23, 0x00	; 0
    19e2:	83 ed       	ldi	r24, 0xD3	; 211
    19e4:	96 e0       	ldi	r25, 0x06	; 6
    19e6:	0e 94 a8 09 	call	0x1350	; 0x1350 <_ZN7TwoWire5writeEi>
	Wire.write(0b00000000);
    19ea:	60 e0       	ldi	r22, 0x00	; 0
    19ec:	70 e0       	ldi	r23, 0x00	; 0
    19ee:	83 ed       	ldi	r24, 0xD3	; 211
    19f0:	96 e0       	ldi	r25, 0x06	; 6
    19f2:	0e 94 a8 09 	call	0x1350	; 0x1350 <_ZN7TwoWire5writeEi>
	Wire.endTransmission();
    19f6:	83 ed       	ldi	r24, 0xD3	; 211
    19f8:	96 e0       	ldi	r25, 0x06	; 6
    19fa:	0e 94 94 34 	call	0x6928	; 0x6928 <_ZN7TwoWire15endTransmissionEv>

	if (forceMono)
    19fe:	80 91 77 05 	lds	r24, 0x0577	; 0x800577 <_ZL9forceMono>
    1a02:	88 23       	and	r24, r24
    1a04:	31 f0       	breq	.+12     	; 0x1a12 <_ZL5setFMv+0xe8>
	}
}

static void setMono()
{
	if (getMode() == MODE_RADIO_FM)
    1a06:	0e 94 de 08 	call	0x11bc	; 0x11bc <_ZL7getModev>
    1a0a:	81 11       	cpse	r24, r1
    1a0c:	02 c0       	rjmp	.+4      	; 0x1a12 <_ZL5setFMv+0xe8>
    1a0e:	0e 94 1e 0b 	call	0x163c	; 0x163c <_ZL7setMonov.part.7>
	{
		setMono();
	}
	
	frequencyDisplayUpdate();
}
    1a12:	1f 91       	pop	r17
    1a14:	0f 91       	pop	r16
    1a16:	ef 90       	pop	r14
	if (forceMono)
	{
		setMono();
	}
	
	frequencyDisplayUpdate();
    1a18:	0c 94 a4 0b 	jmp	0x1748	; 0x1748 <_ZL22frequencyDisplayUpdatev>

00001a1c <_ZL5setAMv>:
}

static void setAM()
{
    1a1c:	0f 93       	push	r16
    1a1e:	1f 93       	push	r17
	digitalWrite(PC3A, LOW); // BT off
    1a20:	60 e0       	ldi	r22, 0x00	; 0
    1a22:	81 e1       	ldi	r24, 0x11	; 17
    1a24:	0e 94 87 29 	call	0x530e	; 0x530e <digitalWrite>
	clearRdsInfo();
    1a28:	0e 94 f4 0a 	call	0x15e8	; 0x15e8 <_ZL12clearRdsInfov>
	delay(1);
}

inline static void showAM()
{
	graPuts("      AM      ");
    1a2c:	83 ed       	ldi	r24, 0xD3	; 211
    1a2e:	91 e0       	ldi	r25, 0x01	; 1
    1a30:	0e 94 24 0a 	call	0x1448	; 0x1448 <_ZL7graPutsPKc>
static void setAM()
{
	digitalWrite(PC3A, LOW); // BT off
	clearRdsInfo();
	showAM();
	speOff(SPE_STEREO);
    1a34:	83 e1       	ldi	r24, 0x13	; 19
    1a36:	0e 94 bf 0a 	call	0x157e	; 0x157e <_ZL6speOffc>
	speOff(SPE_TUNED);
    1a3a:	84 e1       	ldi	r24, 0x14	; 20
    1a3c:	0e 94 bf 0a 	call	0x157e	; 0x157e <_ZL6speOffc>

	si4735.setAM(MIN_FREQ_KHZ, MAX_FREQ_KHZ, lastFreqKhz, 9); // 9 = 9 kHz spacing
    1a40:	20 91 9c 01 	lds	r18, 0x019C	; 0x80019c <_ZL11lastFreqKhz>
    1a44:	30 91 9d 01 	lds	r19, 0x019D	; 0x80019d <_ZL11lastFreqKhz+0x1>
    1a48:	09 e0       	ldi	r16, 0x09	; 9
    1a4a:	10 e0       	ldi	r17, 0x00	; 0
    1a4c:	45 ea       	ldi	r20, 0xA5	; 165
    1a4e:	56 e0       	ldi	r21, 0x06	; 6
    1a50:	63 e1       	ldi	r22, 0x13	; 19
    1a52:	72 e0       	ldi	r23, 0x02	; 2
    1a54:	85 ee       	ldi	r24, 0xE5	; 229
    1a56:	95 e0       	ldi	r25, 0x05	; 5
    1a58:	0e 94 a5 31 	call	0x634a	; 0x634a <_ZN6SI47355setAMEjjjj>
	si4735.setSeekAmLimits(MIN_FREQ_KHZ, MAX_FREQ_KHZ);
    1a5c:	45 ea       	ldi	r20, 0xA5	; 165
    1a5e:	56 e0       	ldi	r21, 0x06	; 6
    1a60:	63 e1       	ldi	r22, 0x13	; 19
    1a62:	72 e0       	ldi	r23, 0x02	; 2
    1a64:	85 ee       	ldi	r24, 0xE5	; 229
    1a66:	95 e0       	ldi	r25, 0x05	; 5
    1a68:	0e 94 47 30 	call	0x608e	; 0x608e <_ZN6SI473515setSeekAmLimitsEjj>
	si4735.setSeekAmSpacing(9); // 9 kHz
    1a6c:	69 e0       	ldi	r22, 0x09	; 9
    1a6e:	70 e0       	ldi	r23, 0x00	; 0
    1a70:	85 ee       	ldi	r24, 0xE5	; 229
    1a72:	95 e0       	ldi	r25, 0x05	; 5
    1a74:	0e 94 71 30 	call	0x60e2	; 0x60e2 <_ZN6SI473516setSeekAmSpacingEj>
	si4735.setVolume(SI4735_VOLUME);
    1a78:	62 e3       	ldi	r22, 0x32	; 50
    1a7a:	85 ee       	ldi	r24, 0xE5	; 229
    1a7c:	95 e0       	ldi	r25, 0x05	; 5
    1a7e:	0e 94 81 30 	call	0x6102	; 0x6102 <_ZN6SI47359setVolumeEh>
	
	// input
	Wire.beginTransmission(I2C_ADDR_AUDIOPROC >> 1);
    1a82:	64 e4       	ldi	r22, 0x44	; 68
    1a84:	70 e0       	ldi	r23, 0x00	; 0
    1a86:	83 ed       	ldi	r24, 0xD3	; 211
    1a88:	96 e0       	ldi	r25, 0x06	; 6
    1a8a:	0e 94 16 34 	call	0x682c	; 0x682c <_ZN7TwoWire17beginTransmissionEi>
	Wire.write(0b00000000);
    1a8e:	60 e0       	ldi	r22, 0x00	; 0
    1a90:	70 e0       	ldi	r23, 0x00	; 0
    1a92:	83 ed       	ldi	r24, 0xD3	; 211
    1a94:	96 e0       	ldi	r25, 0x06	; 6
    1a96:	0e 94 a8 09 	call	0x1350	; 0x1350 <_ZN7TwoWire5writeEi>
	Wire.write(INPUT_IN1_TUNER);
    1a9a:	60 e0       	ldi	r22, 0x00	; 0
    1a9c:	70 e0       	ldi	r23, 0x00	; 0
    1a9e:	83 ed       	ldi	r24, 0xD3	; 211
    1aa0:	96 e0       	ldi	r25, 0x06	; 6
    1aa2:	0e 94 a8 09 	call	0x1350	; 0x1350 <_ZN7TwoWire5writeEi>
	Wire.endTransmission();
    1aa6:	83 ed       	ldi	r24, 0xD3	; 211
    1aa8:	96 e0       	ldi	r25, 0x06	; 6
    1aaa:	0e 94 94 34 	call	0x6928	; 0x6928 <_ZN7TwoWire15endTransmissionEv>
	
	// input gain
	Wire.beginTransmission(I2C_ADDR_AUDIOPROC >> 1);
    1aae:	64 e4       	ldi	r22, 0x44	; 68
    1ab0:	70 e0       	ldi	r23, 0x00	; 0
    1ab2:	83 ed       	ldi	r24, 0xD3	; 211
    1ab4:	96 e0       	ldi	r25, 0x06	; 6
    1ab6:	0e 94 16 34 	call	0x682c	; 0x682c <_ZN7TwoWire17beginTransmissionEi>
	Wire.write(0b00000001);
    1aba:	61 e0       	ldi	r22, 0x01	; 1
    1abc:	70 e0       	ldi	r23, 0x00	; 0
    1abe:	83 ed       	ldi	r24, 0xD3	; 211
    1ac0:	96 e0       	ldi	r25, 0x06	; 6
    1ac2:	0e 94 a8 09 	call	0x1350	; 0x1350 <_ZN7TwoWire5writeEi>
	Wire.write(0b00000000);
    1ac6:	60 e0       	ldi	r22, 0x00	; 0
    1ac8:	70 e0       	ldi	r23, 0x00	; 0
    1aca:	83 ed       	ldi	r24, 0xD3	; 211
    1acc:	96 e0       	ldi	r25, 0x06	; 6
    1ace:	0e 94 a8 09 	call	0x1350	; 0x1350 <_ZN7TwoWire5writeEi>
	Wire.endTransmission();
    1ad2:	83 ed       	ldi	r24, 0xD3	; 211
    1ad4:	96 e0       	ldi	r25, 0x06	; 6
    1ad6:	0e 94 94 34 	call	0x6928	; 0x6928 <_ZN7TwoWire15endTransmissionEv>
	
	frequencyDisplayUpdate();
}
    1ada:	1f 91       	pop	r17
    1adc:	0f 91       	pop	r16
	Wire.beginTransmission(I2C_ADDR_AUDIOPROC >> 1);
	Wire.write(0b00000001);
	Wire.write(0b00000000);
	Wire.endTransmission();
	
	frequencyDisplayUpdate();
    1ade:	0c 94 a4 0b 	jmp	0x1748	; 0x1748 <_ZL22frequencyDisplayUpdatev>

00001ae2 <_ZL2onv>:
	
	clearNum(); // clear frequency display
}

static void on()
{
    1ae2:	1f 93       	push	r17
    1ae4:	cf 93       	push	r28
    1ae6:	df 93       	push	r29
    1ae8:	1f 92       	push	r1
    1aea:	cd b7       	in	r28, 0x3d	; 61
    1aec:	de b7       	in	r29, 0x3e	; 62
	unsigned char lastOnMode0;
	eeprom_read_block(&lastOnMode0, (unsigned char *)LAST_MODE_ADDRESS, sizeof(lastOnMode0));
    1aee:	41 e0       	ldi	r20, 0x01	; 1
    1af0:	50 e0       	ldi	r21, 0x00	; 0
    1af2:	60 e0       	ldi	r22, 0x00	; 0
    1af4:	70 e0       	ldi	r23, 0x00	; 0
    1af6:	ce 01       	movw	r24, r28
    1af8:	01 96       	adiw	r24, 0x01	; 1
    1afa:	0e 94 c9 3b 	call	0x7792	; 0x7792 <eeprom_read_block>
	unsigned char lastOnMode = (lastOnMode0 == MODE_RADIO_AM || lastOnMode0 == MODE_RADIO_FM || lastOnMode0 == MODE_BT) ? lastOnMode0 : MODE_RADIO_FM;
    1afe:	19 81       	ldd	r17, Y+1	; 0x01
    1b00:	13 30       	cpi	r17, 0x03	; 3
    1b02:	08 f0       	brcs	.+2      	; 0x1b06 <_ZL2onv+0x24>
    1b04:	10 e0       	ldi	r17, 0x00	; 0

	// light up the display
	digitalWrite(PB0A, HIGH);
    1b06:	61 e0       	ldi	r22, 0x01	; 1
    1b08:	88 e0       	ldi	r24, 0x08	; 8
    1b0a:	0e 94 87 29 	call	0x530e	; 0x530e <digitalWrite>
	
	// clear displays
	clearAll();
    1b0e:	0e 94 c9 09 	call	0x1392	; 0x1392 <_ZL8clearAllv>
	
	clearRdsInfo();
    1b12:	0e 94 f4 0a 	call	0x15e8	; 0x15e8 <_ZL12clearRdsInfov>
	
	if (lastOnMode == MODE_RADIO_FM || lastOnMode == MODE_RADIO_AM)
    1b16:	12 30       	cpi	r17, 0x02	; 2
    1b18:	51 f0       	breq	.+20     	; 0x1b2e <_ZL2onv+0x4c>
	{		
		if (lastOnMode == MODE_RADIO_FM)
    1b1a:	11 11       	cpse	r17, r1
    1b1c:	03 c0       	rjmp	.+6      	; 0x1b24 <_ZL2onv+0x42>
		{
			setFM();
    1b1e:	0e 94 95 0c 	call	0x192a	; 0x192a <_ZL5setFMv>
    1b22:	02 c0       	rjmp	.+4      	; 0x1b28 <_ZL2onv+0x46>
		}
		else if (lastOnMode == MODE_RADIO_AM)
		{
			setAM();
    1b24:	0e 94 0e 0d 	call	0x1a1c	; 0x1a1c <_ZL5setAMv>
		}
		
		frequencyDisplayUpdate();
    1b28:	0e 94 a4 0b 	call	0x1748	; 0x1748 <_ZL22frequencyDisplayUpdatev>
    1b2c:	02 c0       	rjmp	.+4      	; 0x1b32 <_ZL2onv+0x50>
	}
	else
	{
		setBT();
    1b2e:	0e 94 34 0b 	call	0x1668	; 0x1668 <_ZL5setBTv>
	}
	
	// input
	Wire.beginTransmission(I2C_ADDR_AUDIOPROC >> 1);
    1b32:	64 e4       	ldi	r22, 0x44	; 68
    1b34:	70 e0       	ldi	r23, 0x00	; 0
    1b36:	83 ed       	ldi	r24, 0xD3	; 211
    1b38:	96 e0       	ldi	r25, 0x06	; 6
    1b3a:	0e 94 16 34 	call	0x682c	; 0x682c <_ZN7TwoWire17beginTransmissionEi>
	Wire.write(0b00000000);
    1b3e:	60 e0       	ldi	r22, 0x00	; 0
    1b40:	70 e0       	ldi	r23, 0x00	; 0
    1b42:	83 ed       	ldi	r24, 0xD3	; 211
    1b44:	96 e0       	ldi	r25, 0x06	; 6
    1b46:	0e 94 a8 09 	call	0x1350	; 0x1350 <_ZN7TwoWire5writeEi>
	Wire.write(getMode() == MODE_RADIO_FM || getMode() == MODE_RADIO_AM ? INPUT_IN1_TUNER : INPUT_IN2_BT);
    1b4a:	0e 94 de 08 	call	0x11bc	; 0x11bc <_ZL7getModev>
    1b4e:	88 23       	and	r24, r24
    1b50:	29 f0       	breq	.+10     	; 0x1b5c <_ZL2onv+0x7a>
    1b52:	0e 94 de 08 	call	0x11bc	; 0x11bc <_ZL7getModev>
    1b56:	61 e0       	ldi	r22, 0x01	; 1
    1b58:	81 30       	cpi	r24, 0x01	; 1
    1b5a:	09 f4       	brne	.+2      	; 0x1b5e <_ZL2onv+0x7c>
    1b5c:	60 e0       	ldi	r22, 0x00	; 0
    1b5e:	70 e0       	ldi	r23, 0x00	; 0
    1b60:	83 ed       	ldi	r24, 0xD3	; 211
    1b62:	96 e0       	ldi	r25, 0x06	; 6
    1b64:	0e 94 a8 09 	call	0x1350	; 0x1350 <_ZN7TwoWire5writeEi>
	Wire.endTransmission();
    1b68:	83 ed       	ldi	r24, 0xD3	; 211
    1b6a:	96 e0       	ldi	r25, 0x06	; 6
    1b6c:	0e 94 94 34 	call	0x6928	; 0x6928 <_ZN7TwoWire15endTransmissionEv>
	
	// output
	// turn on after radio power up to avoid pop noise
	setMuteOnly(false);
    1b70:	0e 94 8a 0b 	call	0x1714	; 0x1714 <_ZL11setMuteOnlyb.constprop.16>
	
	// show volume
	volDisplayUpdate();
    1b74:	0e 94 6a 0a 	call	0x14d4	; 0x14d4 <_ZL16volDisplayUpdatev>
	speOn(SPE_VOLDB);
    1b78:	88 e2       	ldi	r24, 0x28	; 40
    1b7a:	0e 94 8a 0a 	call	0x1514	; 0x1514 <_ZL5speOnc>
	speOn(SPE_L);
    1b7e:	8a e1       	ldi	r24, 0x1A	; 26
    1b80:	0e 94 8a 0a 	call	0x1514	; 0x1514 <_ZL5speOnc>
	speOn(SPE_R);
    1b84:	8c e1       	ldi	r24, 0x1C	; 28
    1b86:	0e 94 8a 0a 	call	0x1514	; 0x1514 <_ZL5speOnc>
	
	// show underlines
	Wire.beginTransmission(I2C_ADDR_VFDDRIVER >> 1);
    1b8a:	6a e7       	ldi	r22, 0x7A	; 122
    1b8c:	70 e0       	ldi	r23, 0x00	; 0
    1b8e:	83 ed       	ldi	r24, 0xD3	; 211
    1b90:	96 e0       	ldi	r25, 0x06	; 6
    1b92:	0e 94 16 34 	call	0x682c	; 0x682c <_ZN7TwoWire17beginTransmissionEi>
	Wire.write(CMD_SHOW_UNDERLINES);
    1b96:	68 e0       	ldi	r22, 0x08	; 8
    1b98:	70 e0       	ldi	r23, 0x00	; 0
    1b9a:	83 ed       	ldi	r24, 0xD3	; 211
    1b9c:	96 e0       	ldi	r25, 0x06	; 6
    1b9e:	0e 94 a8 09 	call	0x1350	; 0x1350 <_ZN7TwoWire5writeEi>
	Wire.endTransmission();
    1ba2:	83 ed       	ldi	r24, 0xD3	; 211
    1ba4:	96 e0       	ldi	r25, 0x06	; 6
    1ba6:	0e 94 94 34 	call	0x6928	; 0x6928 <_ZN7TwoWire15endTransmissionEv>
	delay(1);
    1baa:	61 e0       	ldi	r22, 0x01	; 1
    1bac:	70 e0       	ldi	r23, 0x00	; 0
    1bae:	80 e0       	ldi	r24, 0x00	; 0
    1bb0:	90 e0       	ldi	r25, 0x00	; 0
    1bb2:	0e 94 a0 28 	call	0x5140	; 0x5140 <delay>
}
    1bb6:	0f 90       	pop	r0
    1bb8:	df 91       	pop	r29
    1bba:	cf 91       	pop	r28
    1bbc:	1f 91       	pop	r17
    1bbe:	08 95       	ret

00001bc0 <_ZL12setFrequencyj>:
	speOn(SPE_COLON_LOWER);
	forceDateTimeReadAndDisplay();
}

static void setFrequency(unsigned int freq)
{
    1bc0:	cf 93       	push	r28
    1bc2:	df 93       	push	r29
    1bc4:	ec 01       	movw	r28, r24
	if ((getMode() == MODE_RADIO_FM || getMode() == MODE_RADIO_AM) && si4735.getCurrentFrequency() != freq)
    1bc6:	0e 94 de 08 	call	0x11bc	; 0x11bc <_ZL7getModev>
    1bca:	81 11       	cpse	r24, r1
    1bcc:	08 c0       	rjmp	.+16     	; 0x1bde <_ZL12setFrequencyj+0x1e>
    1bce:	80 91 82 06 	lds	r24, 0x0682	; 0x800682 <_ZL6si4735+0x9d>
    1bd2:	90 91 83 06 	lds	r25, 0x0683	; 0x800683 <_ZL6si4735+0x9e>
    1bd6:	c8 17       	cp	r28, r24
    1bd8:	d9 07       	cpc	r29, r25
    1bda:	31 f4       	brne	.+12     	; 0x1be8 <_ZL12setFrequencyj+0x28>
    1bdc:	2c c0       	rjmp	.+88     	; 0x1c36 <_ZL12setFrequencyj+0x76>
    1bde:	0e 94 de 08 	call	0x11bc	; 0x11bc <_ZL7getModev>
    1be2:	81 30       	cpi	r24, 0x01	; 1
    1be4:	41 f5       	brne	.+80     	; 0x1c36 <_ZL12setFrequencyj+0x76>
    1be6:	f3 cf       	rjmp	.-26     	; 0x1bce <_ZL12setFrequencyj+0xe>
	{
		if (getMode() == MODE_RADIO_FM)
    1be8:	0e 94 de 08 	call	0x11bc	; 0x11bc <_ZL7getModev>
    1bec:	81 11       	cpse	r24, r1
    1bee:	0a c0       	rjmp	.+20     	; 0x1c04 <_ZL12setFrequencyj+0x44>
		{
			si4735.setFrequency(freq);
    1bf0:	be 01       	movw	r22, r28
    1bf2:	85 ee       	ldi	r24, 0xE5	; 229
    1bf4:	95 e0       	ldi	r25, 0x05	; 5
    1bf6:	0e 94 69 2e 	call	0x5cd2	; 0x5cd2 <_ZN6SI473512setFrequencyEj>
			lastFreqMhz = freq;
    1bfa:	d0 93 9f 01 	sts	0x019F, r29	; 0x80019f <_ZL11lastFreqMhz+0x1>
    1bfe:	c0 93 9e 01 	sts	0x019E, r28	; 0x80019e <_ZL11lastFreqMhz>
    1c02:	0d c0       	rjmp	.+26     	; 0x1c1e <_ZL12setFrequencyj+0x5e>
		}
		else if (getMode() == MODE_RADIO_AM)
    1c04:	0e 94 de 08 	call	0x11bc	; 0x11bc <_ZL7getModev>
    1c08:	81 30       	cpi	r24, 0x01	; 1
    1c0a:	49 f4       	brne	.+18     	; 0x1c1e <_ZL12setFrequencyj+0x5e>
		{
			si4735.setFrequency(freq);
    1c0c:	be 01       	movw	r22, r28
    1c0e:	85 ee       	ldi	r24, 0xE5	; 229
    1c10:	95 e0       	ldi	r25, 0x05	; 5
    1c12:	0e 94 69 2e 	call	0x5cd2	; 0x5cd2 <_ZN6SI473512setFrequencyEj>
			lastFreqKhz = freq;
    1c16:	d0 93 9d 01 	sts	0x019D, r29	; 0x80019d <_ZL11lastFreqKhz+0x1>
    1c1a:	c0 93 9c 01 	sts	0x019C, r28	; 0x80019c <_ZL11lastFreqKhz>
		}
	
		frequencyDisplayUpdate();
    1c1e:	0e 94 a4 0b 	call	0x1748	; 0x1748 <_ZL22frequencyDisplayUpdatev>
		lastSettingsChange = millis();
    1c22:	0e 94 6f 28 	call	0x50de	; 0x50de <millis>
    1c26:	60 93 6d 05 	sts	0x056D, r22	; 0x80056d <_ZL18lastSettingsChange>
    1c2a:	70 93 6e 05 	sts	0x056E, r23	; 0x80056e <_ZL18lastSettingsChange+0x1>
    1c2e:	80 93 6f 05 	sts	0x056F, r24	; 0x80056f <_ZL18lastSettingsChange+0x2>
    1c32:	90 93 70 05 	sts	0x0570, r25	; 0x800570 <_ZL18lastSettingsChange+0x3>
	}
}
    1c36:	df 91       	pop	r29
    1c38:	cf 91       	pop	r28
    1c3a:	08 95       	ret

00001c3c <_ZL22switchToSavedFrequencyjj>:
}

//unsigned int err = 100;

static void switchToSavedFrequency(unsigned int fmFrequency, unsigned int amFrequency)
{
    1c3c:	0f 93       	push	r16
    1c3e:	1f 93       	push	r17
    1c40:	cf 93       	push	r28
    1c42:	df 93       	push	r29
    1c44:	8c 01       	movw	r16, r24
    1c46:	eb 01       	movw	r28, r22
	if (getMode() == MODE_STANDBY)
    1c48:	0e 94 de 08 	call	0x11bc	; 0x11bc <_ZL7getModev>
    1c4c:	83 30       	cpi	r24, 0x03	; 3
    1c4e:	39 f4       	brne	.+14     	; 0x1c5e <_ZL22switchToSavedFrequencyjj+0x22>
	{
		on();
    1c50:	0e 94 71 0d 	call	0x1ae2	; 0x1ae2 <_ZL2onv>
					
		if (getMode() != MODE_RADIO_FM)
    1c54:	0e 94 de 08 	call	0x11bc	; 0x11bc <_ZL7getModev>
    1c58:	81 11       	cpse	r24, r1
		{
			setFM();
    1c5a:	0e 94 95 0c 	call	0x192a	; 0x192a <_ZL5setFMv>
		}
	}
				
	// switch to saved frequency
	if (getMode() == MODE_RADIO_FM)
    1c5e:	0e 94 de 08 	call	0x11bc	; 0x11bc <_ZL7getModev>
    1c62:	81 11       	cpse	r24, r1
    1c64:	02 c0       	rjmp	.+4      	; 0x1c6a <_ZL22switchToSavedFrequencyjj+0x2e>
	{
		setFrequency(fmFrequency);
    1c66:	c8 01       	movw	r24, r16
    1c68:	05 c0       	rjmp	.+10     	; 0x1c74 <_ZL22switchToSavedFrequencyjj+0x38>
	}
	else if (getMode() == MODE_RADIO_AM)
    1c6a:	0e 94 de 08 	call	0x11bc	; 0x11bc <_ZL7getModev>
    1c6e:	81 30       	cpi	r24, 0x01	; 1
    1c70:	39 f4       	brne	.+14     	; 0x1c80 <_ZL22switchToSavedFrequencyjj+0x44>
	{
		setFrequency(amFrequency);
    1c72:	ce 01       	movw	r24, r28
	}	
}
    1c74:	df 91       	pop	r29
    1c76:	cf 91       	pop	r28
    1c78:	1f 91       	pop	r17
    1c7a:	0f 91       	pop	r16
	{
		setFrequency(fmFrequency);
	}
	else if (getMode() == MODE_RADIO_AM)
	{
		setFrequency(amFrequency);
    1c7c:	0c 94 e0 0d 	jmp	0x1bc0	; 0x1bc0 <_ZL12setFrequencyj>
	}	
}
    1c80:	df 91       	pop	r29
    1c82:	cf 91       	pop	r28
    1c84:	1f 91       	pop	r17
    1c86:	0f 91       	pop	r16
    1c88:	08 95       	ret

00001c8a <__vector_9>:
		}
	}
}

ISR(TIMER2_OVF_vect)
{
    1c8a:	1f 92       	push	r1
    1c8c:	0f 92       	push	r0
    1c8e:	0f b6       	in	r0, 0x3f	; 63
    1c90:	0f 92       	push	r0
    1c92:	11 24       	eor	r1, r1
    1c94:	2f 93       	push	r18
    1c96:	3f 93       	push	r19
    1c98:	4f 93       	push	r20
    1c9a:	5f 93       	push	r21
    1c9c:	6f 93       	push	r22
    1c9e:	7f 93       	push	r23
    1ca0:	8f 93       	push	r24
    1ca2:	9f 93       	push	r25
    1ca4:	af 93       	push	r26
    1ca6:	bf 93       	push	r27
    1ca8:	ef 93       	push	r30
    1caa:	ff 93       	push	r31
	unsigned char mode = getMode();
    1cac:	0e 94 de 08 	call	0x11bc	; 0x11bc <_ZL7getModev>
	if (mode == MODE_RADIO_FM && timer2OverflowCounter % 8 == 0) // do not read RDS too often, spare some MCU cycles
    1cb0:	81 11       	cpse	r24, r1
    1cb2:	05 c0       	rjmp	.+10     	; 0x1cbe <__vector_9+0x34>
    1cb4:	90 91 e3 05 	lds	r25, 0x05E3	; 0x8005e3 <_ZL21timer2OverflowCounter>
    1cb8:	97 70       	andi	r25, 0x07	; 7
    1cba:	09 f4       	brne	.+2      	; 0x1cbe <__vector_9+0x34>
    1cbc:	6a c0       	rjmp	.+212    	; 0x1d92 <__vector_9+0x108>
		readRDS = true;
	}
	
	// set flag to read from RTC every second, doesn't have to be perfectly second-aligned, because we don't display seconds, only minutes
	// this is like a second prescaler of TIMER2
	if (timer2OverflowCounter < 96)
    1cbe:	90 91 e3 05 	lds	r25, 0x05E3	; 0x8005e3 <_ZL21timer2OverflowCounter>
    1cc2:	90 36       	cpi	r25, 0x60	; 96
    1cc4:	30 f4       	brcc	.+12     	; 0x1cd2 <__vector_9+0x48>
	{
		timer2OverflowCounter++;
    1cc6:	80 91 e3 05 	lds	r24, 0x05E3	; 0x8005e3 <_ZL21timer2OverflowCounter>
    1cca:	8f 5f       	subi	r24, 0xFF	; 255
    1ccc:	80 93 e3 05 	sts	0x05E3, r24	; 0x8005e3 <_ZL21timer2OverflowCounter>
    1cd0:	69 c0       	rjmp	.+210    	; 0x1da4 <__vector_9+0x11a>
	}
	else
	{
		timer2OverflowCounter = 0;
    1cd2:	10 92 e3 05 	sts	0x05E3, r1	; 0x8005e3 <_ZL21timer2OverflowCounter>
		
		if (mode == MODE_STANDBY)
    1cd6:	83 30       	cpi	r24, 0x03	; 3
    1cd8:	a9 f4       	brne	.+42     	; 0x1d04 <__vector_9+0x7a>
		{
			if (setupFinished)
    1cda:	80 91 74 05 	lds	r24, 0x0574	; 0x800574 <_ZL13setupFinished>
    1cde:	88 23       	and	r24, r24
    1ce0:	09 f4       	brne	.+2      	; 0x1ce4 <__vector_9+0x5a>
    1ce2:	60 c0       	rjmp	.+192    	; 0x1da4 <__vector_9+0x11a>
			{
				readFromRTC = true;
    1ce4:	81 e0       	ldi	r24, 0x01	; 1
    1ce6:	80 93 e4 05 	sts	0x05E4, r24	; 0x8005e4 <_ZL11readFromRTC>
				
				if (displayedSpeForStandbyIndex == sizeof(speForStandby) - 1)
    1cea:	80 91 71 05 	lds	r24, 0x0571	; 0x800571 <_ZL27displayedSpeForStandbyIndex>
    1cee:	85 32       	cpi	r24, 0x25	; 37
    1cf0:	19 f4       	brne	.+6      	; 0x1cf8 <__vector_9+0x6e>
				{
					displayedSpeForStandbyIndex = 0;
    1cf2:	10 92 71 05 	sts	0x0571, r1	; 0x800571 <_ZL27displayedSpeForStandbyIndex>
    1cf6:	56 c0       	rjmp	.+172    	; 0x1da4 <__vector_9+0x11a>
				}
				else
				{
					displayedSpeForStandbyIndex++;
    1cf8:	80 91 71 05 	lds	r24, 0x0571	; 0x800571 <_ZL27displayedSpeForStandbyIndex>
    1cfc:	8f 5f       	subi	r24, 0xFF	; 255
    1cfe:	80 93 71 05 	sts	0x0571, r24	; 0x800571 <_ZL27displayedSpeForStandbyIndex>
    1d02:	50 c0       	rjmp	.+160    	; 0x1da4 <__vector_9+0x11a>
				}				
			}
		}
		else
		{
			if (!displayRadioText)
    1d04:	80 91 93 05 	lds	r24, 0x0593	; 0x800593 <_ZL16displayRadioText>
    1d08:	81 11       	cpse	r24, r1
    1d0a:	10 c0       	rjmp	.+32     	; 0x1d2c <__vector_9+0xa2>
			{
				if (radioTextDelayCounter == 3)
    1d0c:	80 91 8f 05 	lds	r24, 0x058F	; 0x80058f <_ZL21radioTextDelayCounter>
    1d10:	83 30       	cpi	r24, 0x03	; 3
    1d12:	31 f4       	brne	.+12     	; 0x1d20 <__vector_9+0x96>
				{
					radioTextDelayCounter = 0;
    1d14:	10 92 8f 05 	sts	0x058F, r1	; 0x80058f <_ZL21radioTextDelayCounter>
					displayRadioText = true;
    1d18:	81 e0       	ldi	r24, 0x01	; 1
    1d1a:	80 93 93 05 	sts	0x0593, r24	; 0x800593 <_ZL16displayRadioText>
    1d1e:	42 c0       	rjmp	.+132    	; 0x1da4 <__vector_9+0x11a>
				}
				else
				{
					radioTextDelayCounter++;
    1d20:	80 91 8f 05 	lds	r24, 0x058F	; 0x80058f <_ZL21radioTextDelayCounter>
    1d24:	8f 5f       	subi	r24, 0xFF	; 255
    1d26:	80 93 8f 05 	sts	0x058F, r24	; 0x80058f <_ZL21radioTextDelayCounter>
    1d2a:	3c c0       	rjmp	.+120    	; 0x1da4 <__vector_9+0x11a>
			}
			else
			{
				// if there is new radio text that is shorter than the previous one and we were past the length of the new one,
				// reset position to 0 immediately
				if (radioTextScrollingStartIndex + GRA_DISPLAY_CHARS > radioTextScrollingEndIndex + 1)
    1d2c:	80 91 92 05 	lds	r24, 0x0592	; 0x800592 <_ZL28radioTextScrollingStartIndex>
    1d30:	20 91 91 05 	lds	r18, 0x0591	; 0x800591 <_ZL26radioTextScrollingEndIndex>
    1d34:	90 e0       	ldi	r25, 0x00	; 0
    1d36:	0c 96       	adiw	r24, 0x0c	; 12
    1d38:	30 e0       	ldi	r19, 0x00	; 0
    1d3a:	82 17       	cp	r24, r18
    1d3c:	93 07       	cpc	r25, r19
    1d3e:	14 f0       	brlt	.+4      	; 0x1d44 <__vector_9+0xba>
				{
					radioTextScrollingStartIndex = 0;
    1d40:	10 92 92 05 	sts	0x0592, r1	; 0x800592 <_ZL28radioTextScrollingStartIndex>
				}
				
				bool continueScrolling = true; // indicates if enough time has passed so that we can scroll or wait a bit
		
				// wait a bit if showing radiotext from the start or it is at the end of scrolling
				if (radioTextScrollingStartIndex == 0 || (radioTextScrollingStartIndex + GRA_DISPLAY_CHARS == radioTextScrollingEndIndex + 1))
    1d44:	80 91 92 05 	lds	r24, 0x0592	; 0x800592 <_ZL28radioTextScrollingStartIndex>
    1d48:	88 23       	and	r24, r24
    1d4a:	51 f0       	breq	.+20     	; 0x1d60 <__vector_9+0xd6>
    1d4c:	80 91 92 05 	lds	r24, 0x0592	; 0x800592 <_ZL28radioTextScrollingStartIndex>
    1d50:	20 91 91 05 	lds	r18, 0x0591	; 0x800591 <_ZL26radioTextScrollingEndIndex>
    1d54:	90 e0       	ldi	r25, 0x00	; 0
    1d56:	0d 96       	adiw	r24, 0x0d	; 13
    1d58:	30 e0       	ldi	r19, 0x00	; 0
    1d5a:	82 17       	cp	r24, r18
    1d5c:	93 07       	cpc	r25, r19
    1d5e:	31 f4       	brne	.+12     	; 0x1d6c <__vector_9+0xe2>
				{
					if (initialScrollDelayCounter == 3)
    1d60:	80 91 90 05 	lds	r24, 0x0590	; 0x800590 <_ZL25initialScrollDelayCounter>
    1d64:	83 30       	cpi	r24, 0x03	; 3
    1d66:	c9 f4       	brne	.+50     	; 0x1d9a <__vector_9+0x110>
					{
						initialScrollDelayCounter = 0;
    1d68:	10 92 90 05 	sts	0x0590, r1	; 0x800590 <_ZL25initialScrollDelayCounter>
					}
				}
			
				if (continueScrolling)
				{
					if (radioTextScrollingStartIndex + GRA_DISPLAY_CHARS <= radioTextScrollingEndIndex)
    1d6c:	80 91 92 05 	lds	r24, 0x0592	; 0x800592 <_ZL28radioTextScrollingStartIndex>
    1d70:	20 91 91 05 	lds	r18, 0x0591	; 0x800591 <_ZL26radioTextScrollingEndIndex>
    1d74:	90 e0       	ldi	r25, 0x00	; 0
    1d76:	0d 96       	adiw	r24, 0x0d	; 13
    1d78:	30 e0       	ldi	r19, 0x00	; 0
    1d7a:	82 17       	cp	r24, r18
    1d7c:	93 07       	cpc	r25, r19
    1d7e:	34 f4       	brge	.+12     	; 0x1d8c <__vector_9+0x102>
					{
						radioTextScrollingStartIndex++;
    1d80:	80 91 92 05 	lds	r24, 0x0592	; 0x800592 <_ZL28radioTextScrollingStartIndex>
    1d84:	8f 5f       	subi	r24, 0xFF	; 255
    1d86:	80 93 92 05 	sts	0x0592, r24	; 0x800592 <_ZL28radioTextScrollingStartIndex>
    1d8a:	0c c0       	rjmp	.+24     	; 0x1da4 <__vector_9+0x11a>
					}
					else
					{
						radioTextScrollingStartIndex = 0;
    1d8c:	10 92 92 05 	sts	0x0592, r1	; 0x800592 <_ZL28radioTextScrollingStartIndex>
					}
				}
			}
		}
	}
}
    1d90:	09 c0       	rjmp	.+18     	; 0x1da4 <__vector_9+0x11a>
ISR(TIMER2_OVF_vect)
{
	unsigned char mode = getMode();
	if (mode == MODE_RADIO_FM && timer2OverflowCounter % 8 == 0) // do not read RDS too often, spare some MCU cycles
	{
		readRDS = true;
    1d92:	91 e0       	ldi	r25, 0x01	; 1
    1d94:	90 93 96 05 	sts	0x0596, r25	; 0x800596 <_ZL7readRDS>
    1d98:	92 cf       	rjmp	.-220    	; 0x1cbe <__vector_9+0x34>
					{
						initialScrollDelayCounter = 0;
					}
					else
					{
						initialScrollDelayCounter++;
    1d9a:	80 91 90 05 	lds	r24, 0x0590	; 0x800590 <_ZL25initialScrollDelayCounter>
    1d9e:	8f 5f       	subi	r24, 0xFF	; 255
    1da0:	80 93 90 05 	sts	0x0590, r24	; 0x800590 <_ZL25initialScrollDelayCounter>
					}
				}
			}
		}
	}
}
    1da4:	ff 91       	pop	r31
    1da6:	ef 91       	pop	r30
    1da8:	bf 91       	pop	r27
    1daa:	af 91       	pop	r26
    1dac:	9f 91       	pop	r25
    1dae:	8f 91       	pop	r24
    1db0:	7f 91       	pop	r23
    1db2:	6f 91       	pop	r22
    1db4:	5f 91       	pop	r21
    1db6:	4f 91       	pop	r20
    1db8:	3f 91       	pop	r19
    1dba:	2f 91       	pop	r18
    1dbc:	0f 90       	pop	r0
    1dbe:	0f be       	out	0x3f, r0	; 63
    1dc0:	0f 90       	pop	r0
    1dc2:	1f 90       	pop	r1
    1dc4:	18 95       	reti

00001dc6 <__vector_11>:

ISR(TIMER1_COMPA_vect)
{
    1dc6:	1f 92       	push	r1
    1dc8:	0f 92       	push	r0
    1dca:	0f b6       	in	r0, 0x3f	; 63
    1dcc:	0f 92       	push	r0
    1dce:	11 24       	eor	r1, r1
    1dd0:	2f 93       	push	r18
    1dd2:	3f 93       	push	r19
    1dd4:	4f 93       	push	r20
    1dd6:	5f 93       	push	r21
    1dd8:	6f 93       	push	r22
    1dda:	7f 93       	push	r23
    1ddc:	8f 93       	push	r24
    1dde:	9f 93       	push	r25
    1de0:	af 93       	push	r26
    1de2:	bf 93       	push	r27
    1de4:	ef 93       	push	r30
    1de6:	ff 93       	push	r31
	(void)irmp_ISR();
    1de8:	0e 94 a1 02 	call	0x542	; 0x542 <irmp_ISR>
}
    1dec:	ff 91       	pop	r31
    1dee:	ef 91       	pop	r30
    1df0:	bf 91       	pop	r27
    1df2:	af 91       	pop	r26
    1df4:	9f 91       	pop	r25
    1df6:	8f 91       	pop	r24
    1df8:	7f 91       	pop	r23
    1dfa:	6f 91       	pop	r22
    1dfc:	5f 91       	pop	r21
    1dfe:	4f 91       	pop	r20
    1e00:	3f 91       	pop	r19
    1e02:	2f 91       	pop	r18
    1e04:	0f 90       	pop	r0
    1e06:	0f be       	out	0x3f, r0	; 63
    1e08:	0f 90       	pop	r0
    1e0a:	1f 90       	pop	r1
    1e0c:	18 95       	reti

00001e0e <_GLOBAL__sub_I_PROGRAM0_ADDRESS>:
#include <string.h>
#include "defines.hpp"
#include "vfdprotocol.hpp"
#include "irmp.hpp"

static SI4735 si4735;
    1e0e:	85 ee       	ldi	r24, 0xE5	; 229
    1e10:	95 e0       	ldi	r25, 0x05	; 5
    1e12:	0c 94 df 29 	jmp	0x53be	; 0x53be <_ZN6SI4735C1Ev>

00001e16 <_ZL12setRTCValuesPh>:
		}
	}
}

static void setRTCValues(unsigned char bytes[])
{
    1e16:	0f 93       	push	r16
    1e18:	1f 93       	push	r17
    1e1a:	cf 93       	push	r28
    1e1c:	df 93       	push	r29
    1e1e:	8c 01       	movw	r16, r24
	// 7 bytes expected...
	Wire.beginTransmission(I2C_ADDR_RTC >> 1);
    1e20:	68 e6       	ldi	r22, 0x68	; 104
    1e22:	70 e0       	ldi	r23, 0x00	; 0
    1e24:	83 ed       	ldi	r24, 0xD3	; 211
    1e26:	96 e0       	ldi	r25, 0x06	; 6
    1e28:	0e 94 16 34 	call	0x682c	; 0x682c <_ZN7TwoWire17beginTransmissionEi>
	Wire.write(0); // start from register 0, other registers are accessed incrementally
    1e2c:	60 e0       	ldi	r22, 0x00	; 0
    1e2e:	70 e0       	ldi	r23, 0x00	; 0
    1e30:	83 ed       	ldi	r24, 0xD3	; 211
    1e32:	96 e0       	ldi	r25, 0x06	; 6
    1e34:	0e 94 a8 09 	call	0x1350	; 0x1350 <_ZN7TwoWire5writeEi>
    1e38:	e8 01       	movw	r28, r16
    1e3a:	09 5f       	subi	r16, 0xF9	; 249
    1e3c:	1f 4f       	sbci	r17, 0xFF	; 255
	
	for (unsigned char i = 0; i <= 6; i++)
	{
		Wire.write(bytes[i]);
    1e3e:	69 91       	ld	r22, Y+
    1e40:	83 ed       	ldi	r24, 0xD3	; 211
    1e42:	96 e0       	ldi	r25, 0x06	; 6
    1e44:	0e 94 b7 33 	call	0x676e	; 0x676e <_ZN7TwoWire5writeEh>
{
	// 7 bytes expected...
	Wire.beginTransmission(I2C_ADDR_RTC >> 1);
	Wire.write(0); // start from register 0, other registers are accessed incrementally
	
	for (unsigned char i = 0; i <= 6; i++)
    1e48:	c0 17       	cp	r28, r16
    1e4a:	d1 07       	cpc	r29, r17
    1e4c:	c1 f7       	brne	.-16     	; 0x1e3e <_ZL12setRTCValuesPh+0x28>
	{
		Wire.write(bytes[i]);
	}
	
	Wire.endTransmission();
    1e4e:	83 ed       	ldi	r24, 0xD3	; 211
    1e50:	96 e0       	ldi	r25, 0x06	; 6
}
    1e52:	df 91       	pop	r29
    1e54:	cf 91       	pop	r28
    1e56:	1f 91       	pop	r17
    1e58:	0f 91       	pop	r16
	for (unsigned char i = 0; i <= 6; i++)
	{
		Wire.write(bytes[i]);
	}
	
	Wire.endTransmission();
    1e5a:	0c 94 94 34 	jmp	0x6928	; 0x6928 <_ZN7TwoWire15endTransmissionEv>

00001e5e <setup>:
}

void setup() {
    1e5e:	cf 93       	push	r28
    1e60:	df 93       	push	r29
    1e62:	cd b7       	in	r28, 0x3d	; 61
    1e64:	de b7       	in	r29, 0x3e	; 62
    1e66:	2e 97       	sbiw	r28, 0x0e	; 14
    1e68:	0f b6       	in	r0, 0x3f	; 63
    1e6a:	f8 94       	cli
    1e6c:	de bf       	out	0x3e, r29	; 62
    1e6e:	0f be       	out	0x3f, r0	; 63
    1e70:	cd bf       	out	0x3d, r28	; 61
	wdt_reset(); // reset immediately in case of a previous system reset
    1e72:	a8 95       	wdr
				: "n" (_SFR_MEM_ADDR(_WD_CONTROL_REG)),
				"r" ((uint8_t)(_BV(_WD_CHANGE_BIT) | _BV(WDE))),
				"r" ((uint8_t) ((value & 0x08 ? _WD_PS3_MASK : 0x00) |
						_BV(WDE) | (value & 0x07)) )
				: "r0"
		);
    1e74:	9f e0       	ldi	r25, 0x0F	; 15
    1e76:	88 e1       	ldi	r24, 0x18	; 24
    1e78:	0f b6       	in	r0, 0x3f	; 63
    1e7a:	f8 94       	cli
    1e7c:	a8 95       	wdr
    1e7e:	80 93 60 00 	sts	0x0060, r24	; 0x800060 <__TEXT_REGION_LENGTH__+0x7f8060>
    1e82:	0f be       	out	0x3f, r0	; 63
    1e84:	90 93 60 00 	sts	0x0060, r25	; 0x800060 <__TEXT_REGION_LENGTH__+0x7f8060>
	wdt_enable(WDTO_2S); // enable watchdog with 2 second timeout

	Wire.setClock(50000);
    1e88:	40 e5       	ldi	r20, 0x50	; 80
    1e8a:	53 ec       	ldi	r21, 0xC3	; 195
    1e8c:	60 e0       	ldi	r22, 0x00	; 0
    1e8e:	70 e0       	ldi	r23, 0x00	; 0
    1e90:	83 ed       	ldi	r24, 0xD3	; 211
    1e92:	96 e0       	ldi	r25, 0x06	; 6
    1e94:	0e 94 08 34 	call	0x6810	; 0x6810 <_ZN7TwoWire8setClockEm>
	pinMode(PB0A, OUTPUT); // VFD dimming
    1e98:	61 e0       	ldi	r22, 0x01	; 1
    1e9a:	88 e0       	ldi	r24, 0x08	; 8
    1e9c:	0e 94 4b 29 	call	0x5296	; 0x5296 <pinMode>
	pinMode(PB1A, OUTPUT); // hardware mute
    1ea0:	61 e0       	ldi	r22, 0x01	; 1
    1ea2:	89 e0       	ldi	r24, 0x09	; 9
    1ea4:	0e 94 4b 29 	call	0x5296	; 0x5296 <pinMode>
	pinMode(PB3A, INPUT_PULLUP); // button
    1ea8:	62 e0       	ldi	r22, 0x02	; 2
    1eaa:	8b e0       	ldi	r24, 0x0B	; 11
    1eac:	0e 94 4b 29 	call	0x5296	; 0x5296 <pinMode>
	pinMode(PB4A, INPUT); // IR sensor
    1eb0:	60 e0       	ldi	r22, 0x00	; 0
    1eb2:	8c e0       	ldi	r24, 0x0C	; 12
    1eb4:	0e 94 4b 29 	call	0x5296	; 0x5296 <pinMode>
	pinMode(PC3A, OUTPUT); // BT on/off
    1eb8:	61 e0       	ldi	r22, 0x01	; 1
    1eba:	81 e1       	ldi	r24, 0x11	; 17
    1ebc:	0e 94 4b 29 	call	0x5296	; 0x5296 <pinMode>
	
	// IRMP setup and TIMER1 configuration
	irmp_init();
    1ec0:	0e 94 c3 01 	call	0x386	; 0x386 <irmp_init>
	TCCR1A = 0;
    1ec4:	10 92 80 00 	sts	0x0080, r1	; 0x800080 <__TEXT_REGION_LENGTH__+0x7f8080>
	TCCR1B = 0;
    1ec8:	10 92 81 00 	sts	0x0081, r1	; 0x800081 <__TEXT_REGION_LENGTH__+0x7f8081>
	TCNT1 = 0;
    1ecc:	10 92 85 00 	sts	0x0085, r1	; 0x800085 <__TEXT_REGION_LENGTH__+0x7f8085>
    1ed0:	10 92 84 00 	sts	0x0084, r1	; 0x800084 <__TEXT_REGION_LENGTH__+0x7f8084>
	OCR1A = 0;
    1ed4:	10 92 89 00 	sts	0x0089, r1	; 0x800089 <__TEXT_REGION_LENGTH__+0x7f8089>
    1ed8:	10 92 88 00 	sts	0x0088, r1	; 0x800088 <__TEXT_REGION_LENGTH__+0x7f8088>
	OCR1B = 0;
    1edc:	10 92 8b 00 	sts	0x008B, r1	; 0x80008b <__TEXT_REGION_LENGTH__+0x7f808b>
    1ee0:	10 92 8a 00 	sts	0x008A, r1	; 0x80008a <__TEXT_REGION_LENGTH__+0x7f808a>
	TIMSK1 = 0;
    1ee4:	10 92 6f 00 	sts	0x006F, r1	; 0x80006f <__TEXT_REGION_LENGTH__+0x7f806f>
	TIFR1 = 0;
    1ee8:	16 ba       	out	0x16, r1	; 22
    OCR1A = (F_CPU / F_INTERRUPTS) - 1; // compare value: 1/15000 of CPU frequency
    1eea:	8b ec       	ldi	r24, 0xCB	; 203
    1eec:	94 e0       	ldi	r25, 0x04	; 4
    1eee:	90 93 89 00 	sts	0x0089, r25	; 0x800089 <__TEXT_REGION_LENGTH__+0x7f8089>
    1ef2:	80 93 88 00 	sts	0x0088, r24	; 0x800088 <__TEXT_REGION_LENGTH__+0x7f8088>
    TCCR1B = _BV(WGM12) | _BV(CS10); // switch CTC Mode on, set prescaler to 1
    1ef6:	89 e0       	ldi	r24, 0x09	; 9
    1ef8:	80 93 81 00 	sts	0x0081, r24	; 0x800081 <__TEXT_REGION_LENGTH__+0x7f8081>
    TIMSK1 = _BV(OCIE1A); // OCIE1A: interrupt by timer compare
    1efc:	82 e0       	ldi	r24, 0x02	; 2
    1efe:	80 93 6f 00 	sts	0x006F, r24	; 0x80006f <__TEXT_REGION_LENGTH__+0x7f806f>
	
	// TIMER2 configuration
	// we need to clear everything to override arduino defaults
	TCCR2A = 0;
    1f02:	10 92 b0 00 	sts	0x00B0, r1	; 0x8000b0 <__TEXT_REGION_LENGTH__+0x7f80b0>
	TCCR2B = 0;
    1f06:	10 92 b1 00 	sts	0x00B1, r1	; 0x8000b1 <__TEXT_REGION_LENGTH__+0x7f80b1>
	TCNT2 = 0;
    1f0a:	10 92 b2 00 	sts	0x00B2, r1	; 0x8000b2 <__TEXT_REGION_LENGTH__+0x7f80b2>
	OCR2A = 0;
    1f0e:	10 92 b3 00 	sts	0x00B3, r1	; 0x8000b3 <__TEXT_REGION_LENGTH__+0x7f80b3>
	OCR2B = 0;
    1f12:	10 92 b4 00 	sts	0x00B4, r1	; 0x8000b4 <__TEXT_REGION_LENGTH__+0x7f80b4>
	TIMSK2 = 0;
    1f16:	10 92 70 00 	sts	0x0070, r1	; 0x800070 <__TEXT_REGION_LENGTH__+0x7f8070>
	TIFR2 = 0;
    1f1a:	17 ba       	out	0x17, r1	; 23
	ASSR = 0;
    1f1c:	10 92 b6 00 	sts	0x00B6, r1	; 0x8000b6 <__TEXT_REGION_LENGTH__+0x7f80b6>
	GTCCR = 0;
    1f20:	13 bc       	out	0x23, r1	; 35
	TIMSK2 |= _BV(TOIE2); // enable interrupt on overflow
    1f22:	80 91 70 00 	lds	r24, 0x0070	; 0x800070 <__TEXT_REGION_LENGTH__+0x7f8070>
    1f26:	81 60       	ori	r24, 0x01	; 1
    1f28:	80 93 70 00 	sts	0x0070, r24	; 0x800070 <__TEXT_REGION_LENGTH__+0x7f8070>
	TCCR2B |= TIMER2_TCCR2B; // configure prescaler to 1024 and start timer
    1f2c:	80 91 b1 00 	lds	r24, 0x00B1	; 0x8000b1 <__TEXT_REGION_LENGTH__+0x7f80b1>
    1f30:	87 60       	ori	r24, 0x07	; 7
    1f32:	80 93 b1 00 	sts	0x00B1, r24	; 0x8000b1 <__TEXT_REGION_LENGTH__+0x7f80b1>
	
	sei(); // enable global interrupts
    1f36:	78 94       	sei

	wdt_reset();
    1f38:	a8 95       	wdr
	
	// tuner setup
	// set some delays otherwise the tuner does not start properly sometimes
	si4735.setup(PB2A, 0);
    1f3a:	40 e0       	ldi	r20, 0x00	; 0
    1f3c:	6a e0       	ldi	r22, 0x0A	; 10
    1f3e:	85 ee       	ldi	r24, 0xE5	; 229
    1f40:	95 e0       	ldi	r25, 0x05	; 5
    1f42:	0e 94 42 31 	call	0x6284	; 0x6284 <_ZN6SI47355setupEhh>
     * @see MAX_DELAY_AFTER_POWERUP  
     * @param ms delay in ms
     */
    inline void setMaxDelayPowerUp(uint16_t ms)
    {
        this->maxDelayAfterPouwerUp = ms;
    1f46:	8c eb       	ldi	r24, 0xBC	; 188
    1f48:	92 e0       	ldi	r25, 0x02	; 2
    1f4a:	90 93 76 06 	sts	0x0676, r25	; 0x800676 <_ZL6si4735+0x91>
    1f4e:	80 93 75 06 	sts	0x0675, r24	; 0x800675 <_ZL6si4735+0x90>
     * @see  MAX_DELAY_AFTER_POWERUP
     * @param ms 
     */
    inline void setMaxDelaySetFrequency(uint16_t ms)
    {
        this->maxDelaySetFrequency = ms;
    1f52:	84 e6       	ldi	r24, 0x64	; 100
    1f54:	90 e0       	ldi	r25, 0x00	; 0
    1f56:	90 93 74 06 	sts	0x0674, r25	; 0x800674 <_ZL6si4735+0x8f>
    1f5a:	80 93 73 06 	sts	0x0673, r24	; 0x800673 <_ZL6si4735+0x8e>
	si4735.setMaxDelayPowerUp(700); // must be at least 500 ms
	si4735.setMaxDelaySetFrequency(100);
	
	unsigned int r;
	eeprom_read_block(&r, (unsigned char *)LAST_FREQ_MHZ_ADDRESS, sizeof(r));
    1f5e:	42 e0       	ldi	r20, 0x02	; 2
    1f60:	50 e0       	ldi	r21, 0x00	; 0
    1f62:	63 e0       	ldi	r22, 0x03	; 3
    1f64:	70 e0       	ldi	r23, 0x00	; 0
    1f66:	ce 01       	movw	r24, r28
    1f68:	0a 96       	adiw	r24, 0x0a	; 10
    1f6a:	0e 94 c9 3b 	call	0x7792	; 0x7792 <eeprom_read_block>
	lastFreqMhz = (r >= MIN_FREQ_MHZ && r <= MAX_FREQ_MHZ) ? r : DEFAULT_FREQ_MHZ;
    1f6e:	8a 85       	ldd	r24, Y+10	; 0x0a
    1f70:	9b 85       	ldd	r25, Y+11	; 0x0b
    1f72:	9c 01       	movw	r18, r24
    1f74:	2e 52       	subi	r18, 0x2E	; 46
    1f76:	32 42       	sbci	r19, 0x22	; 34
    1f78:	23 30       	cpi	r18, 0x03	; 3
    1f7a:	38 40       	sbci	r19, 0x08	; 8
    1f7c:	10 f0       	brcs	.+4      	; 0x1f82 <setup+0x124>
    1f7e:	8e e2       	ldi	r24, 0x2E	; 46
    1f80:	92 e2       	ldi	r25, 0x22	; 34
    1f82:	90 93 9f 01 	sts	0x019F, r25	; 0x80019f <_ZL11lastFreqMhz+0x1>
    1f86:	80 93 9e 01 	sts	0x019E, r24	; 0x80019e <_ZL11lastFreqMhz>
	
	unsigned int s;
	eeprom_read_block(&s, (unsigned char *)LAST_FREQ_KHZ_ADDRESS, sizeof(s));
    1f8a:	42 e0       	ldi	r20, 0x02	; 2
    1f8c:	50 e0       	ldi	r21, 0x00	; 0
    1f8e:	61 e0       	ldi	r22, 0x01	; 1
    1f90:	70 e0       	ldi	r23, 0x00	; 0
    1f92:	ce 01       	movw	r24, r28
    1f94:	08 96       	adiw	r24, 0x08	; 8
    1f96:	0e 94 c9 3b 	call	0x7792	; 0x7792 <eeprom_read_block>
	lastFreqKhz = (s >= MIN_FREQ_KHZ && s <= MAX_FREQ_KHZ) ? s : DEFAULT_FREQ_KHZ;
    1f9a:	88 85       	ldd	r24, Y+8	; 0x08
    1f9c:	99 85       	ldd	r25, Y+9	; 0x09
    1f9e:	9c 01       	movw	r18, r24
    1fa0:	23 51       	subi	r18, 0x13	; 19
    1fa2:	32 40       	sbci	r19, 0x02	; 2
    1fa4:	23 39       	cpi	r18, 0x93	; 147
    1fa6:	34 40       	sbci	r19, 0x04	; 4
    1fa8:	10 f0       	brcs	.+4      	; 0x1fae <setup+0x150>
    1faa:	83 e1       	ldi	r24, 0x13	; 19
    1fac:	92 e0       	ldi	r25, 0x02	; 2
    1fae:	90 93 9d 01 	sts	0x019D, r25	; 0x80019d <_ZL11lastFreqKhz+0x1>
    1fb2:	80 93 9c 01 	sts	0x019C, r24	; 0x80019c <_ZL11lastFreqKhz>
	
	unsigned char volume0;
	eeprom_read_block(&volume0, (unsigned char *)VOLUME_ADDRESS, sizeof(volume0));
    1fb6:	41 e0       	ldi	r20, 0x01	; 1
    1fb8:	50 e0       	ldi	r21, 0x00	; 0
    1fba:	65 e0       	ldi	r22, 0x05	; 5
    1fbc:	70 e0       	ldi	r23, 0x00	; 0
    1fbe:	ce 01       	movw	r24, r28
    1fc0:	0e 96       	adiw	r24, 0x0e	; 14
    1fc2:	0e 94 c9 3b 	call	0x7792	; 0x7792 <eeprom_read_block>
	volume = (volume0 >= MIN_VOLUME && volume0 <= MAX_VOLUME) ? volume0 : DEFAULT_VOLUME;
    1fc6:	8e 85       	ldd	r24, Y+14	; 0x0e
    1fc8:	80 34       	cpi	r24, 0x40	; 64
    1fca:	08 f0       	brcs	.+2      	; 0x1fce <setup+0x170>
    1fcc:	84 e1       	ldi	r24, 0x14	; 20
    1fce:	80 93 ad 01 	sts	0x01AD, r24	; 0x8001ad <_ZL6volume>
	
	unsigned char forceMono0;
	eeprom_read_block(&forceMono0, (unsigned char *)FORCEMONO_ADDRESS, sizeof(forceMono0));
    1fd2:	60 91 14 01 	lds	r22, 0x0114	; 0x800114 <FORCEMONO_ADDRESS>
    1fd6:	70 91 15 01 	lds	r23, 0x0115	; 0x800115 <FORCEMONO_ADDRESS+0x1>
    1fda:	41 e0       	ldi	r20, 0x01	; 1
    1fdc:	50 e0       	ldi	r21, 0x00	; 0
    1fde:	ce 01       	movw	r24, r28
    1fe0:	0d 96       	adiw	r24, 0x0d	; 13
    1fe2:	0e 94 c9 3b 	call	0x7792	; 0x7792 <eeprom_read_block>
	forceMono = (forceMono0 == 1) ? true : false;
    1fe6:	81 e0       	ldi	r24, 0x01	; 1
    1fe8:	9d 85       	ldd	r25, Y+13	; 0x0d
    1fea:	91 30       	cpi	r25, 0x01	; 1
    1fec:	09 f0       	breq	.+2      	; 0x1ff0 <setup+0x192>
    1fee:	80 e0       	ldi	r24, 0x00	; 0
    1ff0:	80 93 77 05 	sts	0x0577, r24	; 0x800577 <_ZL9forceMono>
	
	unsigned char trebleBass0;
	eeprom_read_block(&trebleBass0, (unsigned char *)TREBLEBASS_ADDRESS, sizeof(trebleBass0));
    1ff4:	41 e0       	ldi	r20, 0x01	; 1
    1ff6:	50 e0       	ldi	r21, 0x00	; 0
    1ff8:	66 e0       	ldi	r22, 0x06	; 6
    1ffa:	70 e0       	ldi	r23, 0x00	; 0
    1ffc:	ce 01       	movw	r24, r28
    1ffe:	0c 96       	adiw	r24, 0x0c	; 12
    2000:	0e 94 c9 3b 	call	0x7792	; 0x7792 <eeprom_read_block>
	trebleBass = (trebleBass0 != 0xff) ? trebleBass0 : DEFAULT_TREBLEBASS;
    2004:	8c 85       	ldd	r24, Y+12	; 0x0c
    2006:	8f 3f       	cpi	r24, 0xFF	; 255
    2008:	09 f4       	brne	.+2      	; 0x200c <setup+0x1ae>
    200a:	87 e7       	ldi	r24, 0x77	; 119
    200c:	80 93 6c 05 	sts	0x056C, r24	; 0x80056c <_ZL10trebleBass>
	
	// input
	Wire.beginTransmission(I2C_ADDR_AUDIOPROC >> 1);
    2010:	64 e4       	ldi	r22, 0x44	; 68
    2012:	70 e0       	ldi	r23, 0x00	; 0
    2014:	83 ed       	ldi	r24, 0xD3	; 211
    2016:	96 e0       	ldi	r25, 0x06	; 6
    2018:	0e 94 16 34 	call	0x682c	; 0x682c <_ZN7TwoWire17beginTransmissionEi>
	Wire.write(0b00000000); 
    201c:	60 e0       	ldi	r22, 0x00	; 0
    201e:	70 e0       	ldi	r23, 0x00	; 0
    2020:	83 ed       	ldi	r24, 0xD3	; 211
    2022:	96 e0       	ldi	r25, 0x06	; 6
    2024:	0e 94 a8 09 	call	0x1350	; 0x1350 <_ZN7TwoWire5writeEi>
	Wire.write(INPUT_IN1_TUNER);
    2028:	60 e0       	ldi	r22, 0x00	; 0
    202a:	70 e0       	ldi	r23, 0x00	; 0
    202c:	83 ed       	ldi	r24, 0xD3	; 211
    202e:	96 e0       	ldi	r25, 0x06	; 6
    2030:	0e 94 a8 09 	call	0x1350	; 0x1350 <_ZN7TwoWire5writeEi>
	Wire.endTransmission();
    2034:	83 ed       	ldi	r24, 0xD3	; 211
    2036:	96 e0       	ldi	r25, 0x06	; 6
    2038:	0e 94 94 34 	call	0x6928	; 0x6928 <_ZN7TwoWire15endTransmissionEv>
		
	// input gain
	Wire.beginTransmission(I2C_ADDR_AUDIOPROC >> 1);
    203c:	64 e4       	ldi	r22, 0x44	; 68
    203e:	70 e0       	ldi	r23, 0x00	; 0
    2040:	83 ed       	ldi	r24, 0xD3	; 211
    2042:	96 e0       	ldi	r25, 0x06	; 6
    2044:	0e 94 16 34 	call	0x682c	; 0x682c <_ZN7TwoWire17beginTransmissionEi>
	Wire.write(0b00000001);
    2048:	61 e0       	ldi	r22, 0x01	; 1
    204a:	70 e0       	ldi	r23, 0x00	; 0
    204c:	83 ed       	ldi	r24, 0xD3	; 211
    204e:	96 e0       	ldi	r25, 0x06	; 6
    2050:	0e 94 a8 09 	call	0x1350	; 0x1350 <_ZN7TwoWire5writeEi>
	Wire.write(0b00000000);
    2054:	60 e0       	ldi	r22, 0x00	; 0
    2056:	70 e0       	ldi	r23, 0x00	; 0
    2058:	83 ed       	ldi	r24, 0xD3	; 211
    205a:	96 e0       	ldi	r25, 0x06	; 6
    205c:	0e 94 a8 09 	call	0x1350	; 0x1350 <_ZN7TwoWire5writeEi>
	Wire.endTransmission();
    2060:	83 ed       	ldi	r24, 0xD3	; 211
    2062:	96 e0       	ldi	r25, 0x06	; 6
    2064:	0e 94 94 34 	call	0x6928	; 0x6928 <_ZN7TwoWire15endTransmissionEv>
		
	// surround
	Wire.beginTransmission(I2C_ADDR_AUDIOPROC >> 1);
    2068:	64 e4       	ldi	r22, 0x44	; 68
    206a:	70 e0       	ldi	r23, 0x00	; 0
    206c:	83 ed       	ldi	r24, 0xD3	; 211
    206e:	96 e0       	ldi	r25, 0x06	; 6
    2070:	0e 94 16 34 	call	0x682c	; 0x682c <_ZN7TwoWire17beginTransmissionEi>
	Wire.write(0b00000010);
    2074:	62 e0       	ldi	r22, 0x02	; 2
    2076:	70 e0       	ldi	r23, 0x00	; 0
    2078:	83 ed       	ldi	r24, 0xD3	; 211
    207a:	96 e0       	ldi	r25, 0x06	; 6
    207c:	0e 94 a8 09 	call	0x1350	; 0x1350 <_ZN7TwoWire5writeEi>
	Wire.write(0b01011000); // bits 3-5 must be set like this otherwise the chip is in MUTE mode!
    2080:	68 e5       	ldi	r22, 0x58	; 88
    2082:	70 e0       	ldi	r23, 0x00	; 0
    2084:	83 ed       	ldi	r24, 0xD3	; 211
    2086:	96 e0       	ldi	r25, 0x06	; 6
    2088:	0e 94 a8 09 	call	0x1350	; 0x1350 <_ZN7TwoWire5writeEi>
	Wire.endTransmission();
    208c:	83 ed       	ldi	r24, 0xD3	; 211
    208e:	96 e0       	ldi	r25, 0x06	; 6
    2090:	0e 94 94 34 	call	0x6928	; 0x6928 <_ZN7TwoWire15endTransmissionEv>
	
	// volume left
	Wire.beginTransmission(I2C_ADDR_AUDIOPROC >> 1);
    2094:	64 e4       	ldi	r22, 0x44	; 68
    2096:	70 e0       	ldi	r23, 0x00	; 0
    2098:	83 ed       	ldi	r24, 0xD3	; 211
    209a:	96 e0       	ldi	r25, 0x06	; 6
    209c:	0e 94 16 34 	call	0x682c	; 0x682c <_ZN7TwoWire17beginTransmissionEi>
	Wire.write(0b00000011);
    20a0:	63 e0       	ldi	r22, 0x03	; 3
    20a2:	70 e0       	ldi	r23, 0x00	; 0
    20a4:	83 ed       	ldi	r24, 0xD3	; 211
    20a6:	96 e0       	ldi	r25, 0x06	; 6
    20a8:	0e 94 a8 09 	call	0x1350	; 0x1350 <_ZN7TwoWire5writeEi>
	Wire.write(volume);
    20ac:	60 91 ad 01 	lds	r22, 0x01AD	; 0x8001ad <_ZL6volume>
    20b0:	83 ed       	ldi	r24, 0xD3	; 211
    20b2:	96 e0       	ldi	r25, 0x06	; 6
    20b4:	0e 94 b7 33 	call	0x676e	; 0x676e <_ZN7TwoWire5writeEh>
	Wire.endTransmission();
    20b8:	83 ed       	ldi	r24, 0xD3	; 211
    20ba:	96 e0       	ldi	r25, 0x06	; 6
    20bc:	0e 94 94 34 	call	0x6928	; 0x6928 <_ZN7TwoWire15endTransmissionEv>
	
	// volume right
	Wire.beginTransmission(I2C_ADDR_AUDIOPROC >> 1);
    20c0:	64 e4       	ldi	r22, 0x44	; 68
    20c2:	70 e0       	ldi	r23, 0x00	; 0
    20c4:	83 ed       	ldi	r24, 0xD3	; 211
    20c6:	96 e0       	ldi	r25, 0x06	; 6
    20c8:	0e 94 16 34 	call	0x682c	; 0x682c <_ZN7TwoWire17beginTransmissionEi>
	Wire.write(0b00000100);
    20cc:	64 e0       	ldi	r22, 0x04	; 4
    20ce:	70 e0       	ldi	r23, 0x00	; 0
    20d0:	83 ed       	ldi	r24, 0xD3	; 211
    20d2:	96 e0       	ldi	r25, 0x06	; 6
    20d4:	0e 94 a8 09 	call	0x1350	; 0x1350 <_ZN7TwoWire5writeEi>
	Wire.write(volume);
    20d8:	60 91 ad 01 	lds	r22, 0x01AD	; 0x8001ad <_ZL6volume>
    20dc:	83 ed       	ldi	r24, 0xD3	; 211
    20de:	96 e0       	ldi	r25, 0x06	; 6
    20e0:	0e 94 b7 33 	call	0x676e	; 0x676e <_ZN7TwoWire5writeEh>
	Wire.endTransmission();
    20e4:	83 ed       	ldi	r24, 0xD3	; 211
    20e6:	96 e0       	ldi	r25, 0x06	; 6
    20e8:	0e 94 94 34 	call	0x6928	; 0x6928 <_ZN7TwoWire15endTransmissionEv>
	
	// treble/bass
	Wire.beginTransmission(I2C_ADDR_AUDIOPROC >> 1);
    20ec:	64 e4       	ldi	r22, 0x44	; 68
    20ee:	70 e0       	ldi	r23, 0x00	; 0
    20f0:	83 ed       	ldi	r24, 0xD3	; 211
    20f2:	96 e0       	ldi	r25, 0x06	; 6
    20f4:	0e 94 16 34 	call	0x682c	; 0x682c <_ZN7TwoWire17beginTransmissionEi>
	Wire.write(0b00000101);
    20f8:	65 e0       	ldi	r22, 0x05	; 5
    20fa:	70 e0       	ldi	r23, 0x00	; 0
    20fc:	83 ed       	ldi	r24, 0xD3	; 211
    20fe:	96 e0       	ldi	r25, 0x06	; 6
    2100:	0e 94 a8 09 	call	0x1350	; 0x1350 <_ZN7TwoWire5writeEi>
	// Wire.write(0b10000000); // max bass, min treble
	// Wire.write(0b11111111); // 0 db bass, 0 db treble
	Wire.write(trebleBass);
    2104:	60 91 6c 05 	lds	r22, 0x056C	; 0x80056c <_ZL10trebleBass>
    2108:	83 ed       	ldi	r24, 0xD3	; 211
    210a:	96 e0       	ldi	r25, 0x06	; 6
    210c:	0e 94 b7 33 	call	0x676e	; 0x676e <_ZN7TwoWire5writeEh>
	Wire.endTransmission();
    2110:	83 ed       	ldi	r24, 0xD3	; 211
    2112:	96 e0       	ldi	r25, 0x06	; 6
    2114:	0e 94 94 34 	call	0x6928	; 0x6928 <_ZN7TwoWire15endTransmissionEv>
    2118:	0e 94 af 09 	call	0x135e	; 0x135e <_ZL11setMuteOnlyb.part.0>

	// output
	setMuteOnly(true);
		
	// bass alc
	Wire.beginTransmission(I2C_ADDR_AUDIOPROC >> 1);
    211c:	64 e4       	ldi	r22, 0x44	; 68
    211e:	70 e0       	ldi	r23, 0x00	; 0
    2120:	83 ed       	ldi	r24, 0xD3	; 211
    2122:	96 e0       	ldi	r25, 0x06	; 6
    2124:	0e 94 16 34 	call	0x682c	; 0x682c <_ZN7TwoWire17beginTransmissionEi>
	Wire.write(0b00000111);
    2128:	67 e0       	ldi	r22, 0x07	; 7
    212a:	70 e0       	ldi	r23, 0x00	; 0
    212c:	83 ed       	ldi	r24, 0xD3	; 211
    212e:	96 e0       	ldi	r25, 0x06	; 6
    2130:	0e 94 a8 09 	call	0x1350	; 0x1350 <_ZN7TwoWire5writeEi>
	Wire.write(0b10000000);
    2134:	60 e8       	ldi	r22, 0x80	; 128
    2136:	70 e0       	ldi	r23, 0x00	; 0
    2138:	83 ed       	ldi	r24, 0xD3	; 211
    213a:	96 e0       	ldi	r25, 0x06	; 6
    213c:	0e 94 a8 09 	call	0x1350	; 0x1350 <_ZN7TwoWire5writeEi>
	Wire.endTransmission();
    2140:	83 ed       	ldi	r24, 0xD3	; 211
    2142:	96 e0       	ldi	r25, 0x06	; 6
    2144:	0e 94 94 34 	call	0x6928	; 0x6928 <_ZN7TwoWire15endTransmissionEv>
	
	eeprom_read_block(&irmp_program0, (unsigned char *)PROGRAM0_ADDRESS, sizeof(irmp_program0));
    2148:	60 91 9a 01 	lds	r22, 0x019A	; 0x80019a <PROGRAM0_ADDRESS>
    214c:	70 91 9b 01 	lds	r23, 0x019B	; 0x80019b <PROGRAM0_ADDRESS+0x1>
    2150:	46 e0       	ldi	r20, 0x06	; 6
    2152:	50 e0       	ldi	r21, 0x00	; 0
    2154:	84 e6       	ldi	r24, 0x64	; 100
    2156:	95 e0       	ldi	r25, 0x05	; 5
    2158:	0e 94 c9 3b 	call	0x7792	; 0x7792 <eeprom_read_block>
	eeprom_read_block(&freqProgram0am, (unsigned char *)PROGRAM0_AM_FREQ_ADDRESS, sizeof(freqProgram0am));
    215c:	60 91 98 01 	lds	r22, 0x0198	; 0x800198 <PROGRAM0_AM_FREQ_ADDRESS>
    2160:	70 91 99 01 	lds	r23, 0x0199	; 0x800199 <PROGRAM0_AM_FREQ_ADDRESS+0x1>
    2164:	42 e0       	ldi	r20, 0x02	; 2
    2166:	50 e0       	ldi	r21, 0x00	; 0
    2168:	82 e6       	ldi	r24, 0x62	; 98
    216a:	95 e0       	ldi	r25, 0x05	; 5
    216c:	0e 94 c9 3b 	call	0x7792	; 0x7792 <eeprom_read_block>
	eeprom_read_block(&freqProgram0fm, (unsigned char *)PROGRAM0_FM_FREQ_ADDRESS, sizeof(freqProgram0fm));
    2170:	60 91 96 01 	lds	r22, 0x0196	; 0x800196 <PROGRAM0_FM_FREQ_ADDRESS>
    2174:	70 91 97 01 	lds	r23, 0x0197	; 0x800197 <PROGRAM0_FM_FREQ_ADDRESS+0x1>
    2178:	42 e0       	ldi	r20, 0x02	; 2
    217a:	50 e0       	ldi	r21, 0x00	; 0
    217c:	80 e6       	ldi	r24, 0x60	; 96
    217e:	95 e0       	ldi	r25, 0x05	; 5
    2180:	0e 94 c9 3b 	call	0x7792	; 0x7792 <eeprom_read_block>
	eeprom_read_block(&irmp_program1, (unsigned char *)PROGRAM1_ADDRESS, sizeof(irmp_program1));
    2184:	60 91 94 01 	lds	r22, 0x0194	; 0x800194 <PROGRAM1_ADDRESS>
    2188:	70 91 95 01 	lds	r23, 0x0195	; 0x800195 <PROGRAM1_ADDRESS+0x1>
    218c:	46 e0       	ldi	r20, 0x06	; 6
    218e:	50 e0       	ldi	r21, 0x00	; 0
    2190:	8a e5       	ldi	r24, 0x5A	; 90
    2192:	95 e0       	ldi	r25, 0x05	; 5
    2194:	0e 94 c9 3b 	call	0x7792	; 0x7792 <eeprom_read_block>
	eeprom_read_block(&freqProgram1am, (unsigned char *)PROGRAM1_AM_FREQ_ADDRESS, sizeof(freqProgram1am));
    2198:	60 91 92 01 	lds	r22, 0x0192	; 0x800192 <PROGRAM1_AM_FREQ_ADDRESS>
    219c:	70 91 93 01 	lds	r23, 0x0193	; 0x800193 <PROGRAM1_AM_FREQ_ADDRESS+0x1>
    21a0:	42 e0       	ldi	r20, 0x02	; 2
    21a2:	50 e0       	ldi	r21, 0x00	; 0
    21a4:	88 e5       	ldi	r24, 0x58	; 88
    21a6:	95 e0       	ldi	r25, 0x05	; 5
    21a8:	0e 94 c9 3b 	call	0x7792	; 0x7792 <eeprom_read_block>
	eeprom_read_block(&freqProgram1fm, (unsigned char *)PROGRAM1_FM_FREQ_ADDRESS, sizeof(freqProgram1fm));
    21ac:	60 91 90 01 	lds	r22, 0x0190	; 0x800190 <PROGRAM1_FM_FREQ_ADDRESS>
    21b0:	70 91 91 01 	lds	r23, 0x0191	; 0x800191 <PROGRAM1_FM_FREQ_ADDRESS+0x1>
    21b4:	42 e0       	ldi	r20, 0x02	; 2
    21b6:	50 e0       	ldi	r21, 0x00	; 0
    21b8:	86 e5       	ldi	r24, 0x56	; 86
    21ba:	95 e0       	ldi	r25, 0x05	; 5
    21bc:	0e 94 c9 3b 	call	0x7792	; 0x7792 <eeprom_read_block>
	eeprom_read_block(&irmp_program2, (unsigned char *)PROGRAM2_ADDRESS, sizeof(irmp_program2));
    21c0:	60 91 8e 01 	lds	r22, 0x018E	; 0x80018e <PROGRAM2_ADDRESS>
    21c4:	70 91 8f 01 	lds	r23, 0x018F	; 0x80018f <PROGRAM2_ADDRESS+0x1>
    21c8:	46 e0       	ldi	r20, 0x06	; 6
    21ca:	50 e0       	ldi	r21, 0x00	; 0
    21cc:	80 e5       	ldi	r24, 0x50	; 80
    21ce:	95 e0       	ldi	r25, 0x05	; 5
    21d0:	0e 94 c9 3b 	call	0x7792	; 0x7792 <eeprom_read_block>
	eeprom_read_block(&freqProgram2am, (unsigned char *)PROGRAM2_AM_FREQ_ADDRESS, sizeof(freqProgram2am));
    21d4:	60 91 8c 01 	lds	r22, 0x018C	; 0x80018c <PROGRAM2_AM_FREQ_ADDRESS>
    21d8:	70 91 8d 01 	lds	r23, 0x018D	; 0x80018d <PROGRAM2_AM_FREQ_ADDRESS+0x1>
    21dc:	42 e0       	ldi	r20, 0x02	; 2
    21de:	50 e0       	ldi	r21, 0x00	; 0
    21e0:	8e e4       	ldi	r24, 0x4E	; 78
    21e2:	95 e0       	ldi	r25, 0x05	; 5
    21e4:	0e 94 c9 3b 	call	0x7792	; 0x7792 <eeprom_read_block>
	eeprom_read_block(&freqProgram2fm, (unsigned char *)PROGRAM2_FM_FREQ_ADDRESS, sizeof(freqProgram2fm));
    21e8:	60 91 8a 01 	lds	r22, 0x018A	; 0x80018a <PROGRAM2_FM_FREQ_ADDRESS>
    21ec:	70 91 8b 01 	lds	r23, 0x018B	; 0x80018b <PROGRAM2_FM_FREQ_ADDRESS+0x1>
    21f0:	42 e0       	ldi	r20, 0x02	; 2
    21f2:	50 e0       	ldi	r21, 0x00	; 0
    21f4:	8c e4       	ldi	r24, 0x4C	; 76
    21f6:	95 e0       	ldi	r25, 0x05	; 5
    21f8:	0e 94 c9 3b 	call	0x7792	; 0x7792 <eeprom_read_block>
	eeprom_read_block(&irmp_program3, (unsigned char *)PROGRAM3_ADDRESS, sizeof(irmp_program3));
    21fc:	60 91 88 01 	lds	r22, 0x0188	; 0x800188 <PROGRAM3_ADDRESS>
    2200:	70 91 89 01 	lds	r23, 0x0189	; 0x800189 <PROGRAM3_ADDRESS+0x1>
    2204:	46 e0       	ldi	r20, 0x06	; 6
    2206:	50 e0       	ldi	r21, 0x00	; 0
    2208:	86 e4       	ldi	r24, 0x46	; 70
    220a:	95 e0       	ldi	r25, 0x05	; 5
    220c:	0e 94 c9 3b 	call	0x7792	; 0x7792 <eeprom_read_block>
	eeprom_read_block(&freqProgram3am, (unsigned char *)PROGRAM3_AM_FREQ_ADDRESS, sizeof(freqProgram3am));
    2210:	60 91 86 01 	lds	r22, 0x0186	; 0x800186 <PROGRAM3_AM_FREQ_ADDRESS>
    2214:	70 91 87 01 	lds	r23, 0x0187	; 0x800187 <PROGRAM3_AM_FREQ_ADDRESS+0x1>
    2218:	42 e0       	ldi	r20, 0x02	; 2
    221a:	50 e0       	ldi	r21, 0x00	; 0
    221c:	84 e4       	ldi	r24, 0x44	; 68
    221e:	95 e0       	ldi	r25, 0x05	; 5
    2220:	0e 94 c9 3b 	call	0x7792	; 0x7792 <eeprom_read_block>
	eeprom_read_block(&freqProgram3fm, (unsigned char *)PROGRAM3_FM_FREQ_ADDRESS, sizeof(freqProgram3fm));
    2224:	60 91 84 01 	lds	r22, 0x0184	; 0x800184 <PROGRAM3_FM_FREQ_ADDRESS>
    2228:	70 91 85 01 	lds	r23, 0x0185	; 0x800185 <PROGRAM3_FM_FREQ_ADDRESS+0x1>
    222c:	42 e0       	ldi	r20, 0x02	; 2
    222e:	50 e0       	ldi	r21, 0x00	; 0
    2230:	82 e4       	ldi	r24, 0x42	; 66
    2232:	95 e0       	ldi	r25, 0x05	; 5
    2234:	0e 94 c9 3b 	call	0x7792	; 0x7792 <eeprom_read_block>
	eeprom_read_block(&irmp_program4, (unsigned char *)PROGRAM4_ADDRESS, sizeof(irmp_program4));
    2238:	60 91 82 01 	lds	r22, 0x0182	; 0x800182 <PROGRAM4_ADDRESS>
    223c:	70 91 83 01 	lds	r23, 0x0183	; 0x800183 <PROGRAM4_ADDRESS+0x1>
    2240:	46 e0       	ldi	r20, 0x06	; 6
    2242:	50 e0       	ldi	r21, 0x00	; 0
    2244:	8c e3       	ldi	r24, 0x3C	; 60
    2246:	95 e0       	ldi	r25, 0x05	; 5
    2248:	0e 94 c9 3b 	call	0x7792	; 0x7792 <eeprom_read_block>
	eeprom_read_block(&freqProgram4am, (unsigned char *)PROGRAM4_AM_FREQ_ADDRESS, sizeof(freqProgram4am));
    224c:	60 91 80 01 	lds	r22, 0x0180	; 0x800180 <PROGRAM4_AM_FREQ_ADDRESS>
    2250:	70 91 81 01 	lds	r23, 0x0181	; 0x800181 <PROGRAM4_AM_FREQ_ADDRESS+0x1>
    2254:	42 e0       	ldi	r20, 0x02	; 2
    2256:	50 e0       	ldi	r21, 0x00	; 0
    2258:	8a e3       	ldi	r24, 0x3A	; 58
    225a:	95 e0       	ldi	r25, 0x05	; 5
    225c:	0e 94 c9 3b 	call	0x7792	; 0x7792 <eeprom_read_block>
	eeprom_read_block(&freqProgram4fm, (unsigned char *)PROGRAM4_FM_FREQ_ADDRESS, sizeof(freqProgram4fm));
    2260:	60 91 7e 01 	lds	r22, 0x017E	; 0x80017e <PROGRAM4_FM_FREQ_ADDRESS>
    2264:	70 91 7f 01 	lds	r23, 0x017F	; 0x80017f <PROGRAM4_FM_FREQ_ADDRESS+0x1>
    2268:	42 e0       	ldi	r20, 0x02	; 2
    226a:	50 e0       	ldi	r21, 0x00	; 0
    226c:	88 e3       	ldi	r24, 0x38	; 56
    226e:	95 e0       	ldi	r25, 0x05	; 5
    2270:	0e 94 c9 3b 	call	0x7792	; 0x7792 <eeprom_read_block>
	eeprom_read_block(&irmp_program5, (unsigned char *)PROGRAM5_ADDRESS, sizeof(irmp_program5));
    2274:	60 91 7c 01 	lds	r22, 0x017C	; 0x80017c <PROGRAM5_ADDRESS>
    2278:	70 91 7d 01 	lds	r23, 0x017D	; 0x80017d <PROGRAM5_ADDRESS+0x1>
    227c:	46 e0       	ldi	r20, 0x06	; 6
    227e:	50 e0       	ldi	r21, 0x00	; 0
    2280:	82 e3       	ldi	r24, 0x32	; 50
    2282:	95 e0       	ldi	r25, 0x05	; 5
    2284:	0e 94 c9 3b 	call	0x7792	; 0x7792 <eeprom_read_block>
	eeprom_read_block(&freqProgram5am, (unsigned char *)PROGRAM5_AM_FREQ_ADDRESS, sizeof(freqProgram5am));
    2288:	60 91 7a 01 	lds	r22, 0x017A	; 0x80017a <PROGRAM5_AM_FREQ_ADDRESS>
    228c:	70 91 7b 01 	lds	r23, 0x017B	; 0x80017b <PROGRAM5_AM_FREQ_ADDRESS+0x1>
    2290:	42 e0       	ldi	r20, 0x02	; 2
    2292:	50 e0       	ldi	r21, 0x00	; 0
    2294:	80 e3       	ldi	r24, 0x30	; 48
    2296:	95 e0       	ldi	r25, 0x05	; 5
    2298:	0e 94 c9 3b 	call	0x7792	; 0x7792 <eeprom_read_block>
	eeprom_read_block(&freqProgram5fm, (unsigned char *)PROGRAM5_FM_FREQ_ADDRESS, sizeof(freqProgram5fm));
    229c:	60 91 78 01 	lds	r22, 0x0178	; 0x800178 <PROGRAM5_FM_FREQ_ADDRESS>
    22a0:	70 91 79 01 	lds	r23, 0x0179	; 0x800179 <PROGRAM5_FM_FREQ_ADDRESS+0x1>
    22a4:	42 e0       	ldi	r20, 0x02	; 2
    22a6:	50 e0       	ldi	r21, 0x00	; 0
    22a8:	8e e2       	ldi	r24, 0x2E	; 46
    22aa:	95 e0       	ldi	r25, 0x05	; 5
    22ac:	0e 94 c9 3b 	call	0x7792	; 0x7792 <eeprom_read_block>
	eeprom_read_block(&irmp_program6, (unsigned char *)PROGRAM6_ADDRESS, sizeof(irmp_program6));
    22b0:	60 91 76 01 	lds	r22, 0x0176	; 0x800176 <PROGRAM6_ADDRESS>
    22b4:	70 91 77 01 	lds	r23, 0x0177	; 0x800177 <PROGRAM6_ADDRESS+0x1>
    22b8:	46 e0       	ldi	r20, 0x06	; 6
    22ba:	50 e0       	ldi	r21, 0x00	; 0
    22bc:	88 e2       	ldi	r24, 0x28	; 40
    22be:	95 e0       	ldi	r25, 0x05	; 5
    22c0:	0e 94 c9 3b 	call	0x7792	; 0x7792 <eeprom_read_block>
	eeprom_read_block(&freqProgram6am, (unsigned char *)PROGRAM6_AM_FREQ_ADDRESS, sizeof(freqProgram6am));
    22c4:	60 91 74 01 	lds	r22, 0x0174	; 0x800174 <PROGRAM6_AM_FREQ_ADDRESS>
    22c8:	70 91 75 01 	lds	r23, 0x0175	; 0x800175 <PROGRAM6_AM_FREQ_ADDRESS+0x1>
    22cc:	42 e0       	ldi	r20, 0x02	; 2
    22ce:	50 e0       	ldi	r21, 0x00	; 0
    22d0:	86 e2       	ldi	r24, 0x26	; 38
    22d2:	95 e0       	ldi	r25, 0x05	; 5
    22d4:	0e 94 c9 3b 	call	0x7792	; 0x7792 <eeprom_read_block>
	eeprom_read_block(&freqProgram6fm, (unsigned char *)PROGRAM6_FM_FREQ_ADDRESS, sizeof(freqProgram6fm));
    22d8:	60 91 72 01 	lds	r22, 0x0172	; 0x800172 <PROGRAM6_FM_FREQ_ADDRESS>
    22dc:	70 91 73 01 	lds	r23, 0x0173	; 0x800173 <PROGRAM6_FM_FREQ_ADDRESS+0x1>
    22e0:	42 e0       	ldi	r20, 0x02	; 2
    22e2:	50 e0       	ldi	r21, 0x00	; 0
    22e4:	84 e2       	ldi	r24, 0x24	; 36
    22e6:	95 e0       	ldi	r25, 0x05	; 5
    22e8:	0e 94 c9 3b 	call	0x7792	; 0x7792 <eeprom_read_block>
	eeprom_read_block(&irmp_program7, (unsigned char *)PROGRAM7_ADDRESS, sizeof(irmp_program7));
    22ec:	60 91 70 01 	lds	r22, 0x0170	; 0x800170 <PROGRAM7_ADDRESS>
    22f0:	70 91 71 01 	lds	r23, 0x0171	; 0x800171 <PROGRAM7_ADDRESS+0x1>
    22f4:	46 e0       	ldi	r20, 0x06	; 6
    22f6:	50 e0       	ldi	r21, 0x00	; 0
    22f8:	8e e1       	ldi	r24, 0x1E	; 30
    22fa:	95 e0       	ldi	r25, 0x05	; 5
    22fc:	0e 94 c9 3b 	call	0x7792	; 0x7792 <eeprom_read_block>
	eeprom_read_block(&freqProgram7am, (unsigned char *)PROGRAM7_AM_FREQ_ADDRESS, sizeof(freqProgram7am));
    2300:	60 91 6e 01 	lds	r22, 0x016E	; 0x80016e <PROGRAM7_AM_FREQ_ADDRESS>
    2304:	70 91 6f 01 	lds	r23, 0x016F	; 0x80016f <PROGRAM7_AM_FREQ_ADDRESS+0x1>
    2308:	42 e0       	ldi	r20, 0x02	; 2
    230a:	50 e0       	ldi	r21, 0x00	; 0
    230c:	8c e1       	ldi	r24, 0x1C	; 28
    230e:	95 e0       	ldi	r25, 0x05	; 5
    2310:	0e 94 c9 3b 	call	0x7792	; 0x7792 <eeprom_read_block>
	eeprom_read_block(&freqProgram7fm, (unsigned char *)PROGRAM7_FM_FREQ_ADDRESS, sizeof(freqProgram7fm));
    2314:	60 91 6c 01 	lds	r22, 0x016C	; 0x80016c <PROGRAM7_FM_FREQ_ADDRESS>
    2318:	70 91 6d 01 	lds	r23, 0x016D	; 0x80016d <PROGRAM7_FM_FREQ_ADDRESS+0x1>
    231c:	42 e0       	ldi	r20, 0x02	; 2
    231e:	50 e0       	ldi	r21, 0x00	; 0
    2320:	8a e1       	ldi	r24, 0x1A	; 26
    2322:	95 e0       	ldi	r25, 0x05	; 5
    2324:	0e 94 c9 3b 	call	0x7792	; 0x7792 <eeprom_read_block>
	eeprom_read_block(&irmp_program8, (unsigned char *)PROGRAM8_ADDRESS, sizeof(irmp_program8));
    2328:	60 91 6a 01 	lds	r22, 0x016A	; 0x80016a <PROGRAM8_ADDRESS>
    232c:	70 91 6b 01 	lds	r23, 0x016B	; 0x80016b <PROGRAM8_ADDRESS+0x1>
    2330:	46 e0       	ldi	r20, 0x06	; 6
    2332:	50 e0       	ldi	r21, 0x00	; 0
    2334:	84 e1       	ldi	r24, 0x14	; 20
    2336:	95 e0       	ldi	r25, 0x05	; 5
    2338:	0e 94 c9 3b 	call	0x7792	; 0x7792 <eeprom_read_block>
	eeprom_read_block(&freqProgram8am, (unsigned char *)PROGRAM8_AM_FREQ_ADDRESS, sizeof(freqProgram8am));
    233c:	60 91 68 01 	lds	r22, 0x0168	; 0x800168 <PROGRAM8_AM_FREQ_ADDRESS>
    2340:	70 91 69 01 	lds	r23, 0x0169	; 0x800169 <PROGRAM8_AM_FREQ_ADDRESS+0x1>
    2344:	42 e0       	ldi	r20, 0x02	; 2
    2346:	50 e0       	ldi	r21, 0x00	; 0
    2348:	82 e1       	ldi	r24, 0x12	; 18
    234a:	95 e0       	ldi	r25, 0x05	; 5
    234c:	0e 94 c9 3b 	call	0x7792	; 0x7792 <eeprom_read_block>
	eeprom_read_block(&freqProgram8fm, (unsigned char *)PROGRAM8_FM_FREQ_ADDRESS, sizeof(freqProgram8fm));
    2350:	60 91 66 01 	lds	r22, 0x0166	; 0x800166 <PROGRAM8_FM_FREQ_ADDRESS>
    2354:	70 91 67 01 	lds	r23, 0x0167	; 0x800167 <PROGRAM8_FM_FREQ_ADDRESS+0x1>
    2358:	42 e0       	ldi	r20, 0x02	; 2
    235a:	50 e0       	ldi	r21, 0x00	; 0
    235c:	80 e1       	ldi	r24, 0x10	; 16
    235e:	95 e0       	ldi	r25, 0x05	; 5
    2360:	0e 94 c9 3b 	call	0x7792	; 0x7792 <eeprom_read_block>
	eeprom_read_block(&irmp_program9, (unsigned char *)PROGRAM9_ADDRESS, sizeof(irmp_program9));
    2364:	60 91 64 01 	lds	r22, 0x0164	; 0x800164 <PROGRAM9_ADDRESS>
    2368:	70 91 65 01 	lds	r23, 0x0165	; 0x800165 <PROGRAM9_ADDRESS+0x1>
    236c:	46 e0       	ldi	r20, 0x06	; 6
    236e:	50 e0       	ldi	r21, 0x00	; 0
    2370:	8a e0       	ldi	r24, 0x0A	; 10
    2372:	95 e0       	ldi	r25, 0x05	; 5
    2374:	0e 94 c9 3b 	call	0x7792	; 0x7792 <eeprom_read_block>
	eeprom_read_block(&freqProgram9am, (unsigned char *)PROGRAM9_AM_FREQ_ADDRESS, sizeof(freqProgram9am));
    2378:	60 91 62 01 	lds	r22, 0x0162	; 0x800162 <PROGRAM9_AM_FREQ_ADDRESS>
    237c:	70 91 63 01 	lds	r23, 0x0163	; 0x800163 <PROGRAM9_AM_FREQ_ADDRESS+0x1>
    2380:	42 e0       	ldi	r20, 0x02	; 2
    2382:	50 e0       	ldi	r21, 0x00	; 0
    2384:	88 e0       	ldi	r24, 0x08	; 8
    2386:	95 e0       	ldi	r25, 0x05	; 5
    2388:	0e 94 c9 3b 	call	0x7792	; 0x7792 <eeprom_read_block>
	eeprom_read_block(&freqProgram9fm, (unsigned char *)PROGRAM9_FM_FREQ_ADDRESS, sizeof(freqProgram9fm));
    238c:	60 91 60 01 	lds	r22, 0x0160	; 0x800160 <PROGRAM9_FM_FREQ_ADDRESS>
    2390:	70 91 61 01 	lds	r23, 0x0161	; 0x800161 <PROGRAM9_FM_FREQ_ADDRESS+0x1>
    2394:	42 e0       	ldi	r20, 0x02	; 2
    2396:	50 e0       	ldi	r21, 0x00	; 0
    2398:	86 e0       	ldi	r24, 0x06	; 6
    239a:	95 e0       	ldi	r25, 0x05	; 5
    239c:	0e 94 c9 3b 	call	0x7792	; 0x7792 <eeprom_read_block>
	
	eeprom_read_block(&irmp_program10, (unsigned char *)PROGRAM10_ADDRESS, sizeof(irmp_program10));
    23a0:	60 91 5e 01 	lds	r22, 0x015E	; 0x80015e <PROGRAM10_ADDRESS>
    23a4:	70 91 5f 01 	lds	r23, 0x015F	; 0x80015f <PROGRAM10_ADDRESS+0x1>
    23a8:	46 e0       	ldi	r20, 0x06	; 6
    23aa:	50 e0       	ldi	r21, 0x00	; 0
    23ac:	80 e0       	ldi	r24, 0x00	; 0
    23ae:	95 e0       	ldi	r25, 0x05	; 5
    23b0:	0e 94 c9 3b 	call	0x7792	; 0x7792 <eeprom_read_block>
	eeprom_read_block(&freqProgram10am, (unsigned char *)PROGRAM10_AM_FREQ_ADDRESS, sizeof(freqProgram10am));
    23b4:	60 91 5c 01 	lds	r22, 0x015C	; 0x80015c <PROGRAM10_AM_FREQ_ADDRESS>
    23b8:	70 91 5d 01 	lds	r23, 0x015D	; 0x80015d <PROGRAM10_AM_FREQ_ADDRESS+0x1>
    23bc:	42 e0       	ldi	r20, 0x02	; 2
    23be:	50 e0       	ldi	r21, 0x00	; 0
    23c0:	8e ef       	ldi	r24, 0xFE	; 254
    23c2:	94 e0       	ldi	r25, 0x04	; 4
    23c4:	0e 94 c9 3b 	call	0x7792	; 0x7792 <eeprom_read_block>
	eeprom_read_block(&freqProgram10fm, (unsigned char *)PROGRAM10_FM_FREQ_ADDRESS, sizeof(freqProgram10fm));
    23c8:	60 91 5a 01 	lds	r22, 0x015A	; 0x80015a <PROGRAM10_FM_FREQ_ADDRESS>
    23cc:	70 91 5b 01 	lds	r23, 0x015B	; 0x80015b <PROGRAM10_FM_FREQ_ADDRESS+0x1>
    23d0:	42 e0       	ldi	r20, 0x02	; 2
    23d2:	50 e0       	ldi	r21, 0x00	; 0
    23d4:	8c ef       	ldi	r24, 0xFC	; 252
    23d6:	94 e0       	ldi	r25, 0x04	; 4
    23d8:	0e 94 c9 3b 	call	0x7792	; 0x7792 <eeprom_read_block>
	eeprom_read_block(&irmp_program11, (unsigned char *)PROGRAM11_ADDRESS, sizeof(irmp_program11));
    23dc:	60 91 58 01 	lds	r22, 0x0158	; 0x800158 <PROGRAM11_ADDRESS>
    23e0:	70 91 59 01 	lds	r23, 0x0159	; 0x800159 <PROGRAM11_ADDRESS+0x1>
    23e4:	46 e0       	ldi	r20, 0x06	; 6
    23e6:	50 e0       	ldi	r21, 0x00	; 0
    23e8:	86 ef       	ldi	r24, 0xF6	; 246
    23ea:	94 e0       	ldi	r25, 0x04	; 4
    23ec:	0e 94 c9 3b 	call	0x7792	; 0x7792 <eeprom_read_block>
	eeprom_read_block(&freqProgram11am, (unsigned char *)PROGRAM11_AM_FREQ_ADDRESS, sizeof(freqProgram11am));
    23f0:	60 91 56 01 	lds	r22, 0x0156	; 0x800156 <PROGRAM11_AM_FREQ_ADDRESS>
    23f4:	70 91 57 01 	lds	r23, 0x0157	; 0x800157 <PROGRAM11_AM_FREQ_ADDRESS+0x1>
    23f8:	42 e0       	ldi	r20, 0x02	; 2
    23fa:	50 e0       	ldi	r21, 0x00	; 0
    23fc:	84 ef       	ldi	r24, 0xF4	; 244
    23fe:	94 e0       	ldi	r25, 0x04	; 4
    2400:	0e 94 c9 3b 	call	0x7792	; 0x7792 <eeprom_read_block>
	eeprom_read_block(&freqProgram11fm, (unsigned char *)PROGRAM11_FM_FREQ_ADDRESS, sizeof(freqProgram11fm));
    2404:	60 91 54 01 	lds	r22, 0x0154	; 0x800154 <PROGRAM11_FM_FREQ_ADDRESS>
    2408:	70 91 55 01 	lds	r23, 0x0155	; 0x800155 <PROGRAM11_FM_FREQ_ADDRESS+0x1>
    240c:	42 e0       	ldi	r20, 0x02	; 2
    240e:	50 e0       	ldi	r21, 0x00	; 0
    2410:	82 ef       	ldi	r24, 0xF2	; 242
    2412:	94 e0       	ldi	r25, 0x04	; 4
    2414:	0e 94 c9 3b 	call	0x7792	; 0x7792 <eeprom_read_block>
	eeprom_read_block(&irmp_program12, (unsigned char *)PROGRAM12_ADDRESS, sizeof(irmp_program12));
    2418:	60 91 52 01 	lds	r22, 0x0152	; 0x800152 <PROGRAM12_ADDRESS>
    241c:	70 91 53 01 	lds	r23, 0x0153	; 0x800153 <PROGRAM12_ADDRESS+0x1>
    2420:	46 e0       	ldi	r20, 0x06	; 6
    2422:	50 e0       	ldi	r21, 0x00	; 0
    2424:	8c ee       	ldi	r24, 0xEC	; 236
    2426:	94 e0       	ldi	r25, 0x04	; 4
    2428:	0e 94 c9 3b 	call	0x7792	; 0x7792 <eeprom_read_block>
	eeprom_read_block(&freqProgram12am, (unsigned char *)PROGRAM12_AM_FREQ_ADDRESS, sizeof(freqProgram12am));
    242c:	60 91 50 01 	lds	r22, 0x0150	; 0x800150 <PROGRAM12_AM_FREQ_ADDRESS>
    2430:	70 91 51 01 	lds	r23, 0x0151	; 0x800151 <PROGRAM12_AM_FREQ_ADDRESS+0x1>
    2434:	42 e0       	ldi	r20, 0x02	; 2
    2436:	50 e0       	ldi	r21, 0x00	; 0
    2438:	8a ee       	ldi	r24, 0xEA	; 234
    243a:	94 e0       	ldi	r25, 0x04	; 4
    243c:	0e 94 c9 3b 	call	0x7792	; 0x7792 <eeprom_read_block>
	eeprom_read_block(&freqProgram12fm, (unsigned char *)PROGRAM12_FM_FREQ_ADDRESS, sizeof(freqProgram12fm));
    2440:	60 91 4e 01 	lds	r22, 0x014E	; 0x80014e <PROGRAM12_FM_FREQ_ADDRESS>
    2444:	70 91 4f 01 	lds	r23, 0x014F	; 0x80014f <PROGRAM12_FM_FREQ_ADDRESS+0x1>
    2448:	42 e0       	ldi	r20, 0x02	; 2
    244a:	50 e0       	ldi	r21, 0x00	; 0
    244c:	88 ee       	ldi	r24, 0xE8	; 232
    244e:	94 e0       	ldi	r25, 0x04	; 4
    2450:	0e 94 c9 3b 	call	0x7792	; 0x7792 <eeprom_read_block>
	eeprom_read_block(&irmp_program13, (unsigned char *)PROGRAM13_ADDRESS, sizeof(irmp_program13));
    2454:	60 91 4c 01 	lds	r22, 0x014C	; 0x80014c <PROGRAM13_ADDRESS>
    2458:	70 91 4d 01 	lds	r23, 0x014D	; 0x80014d <PROGRAM13_ADDRESS+0x1>
    245c:	46 e0       	ldi	r20, 0x06	; 6
    245e:	50 e0       	ldi	r21, 0x00	; 0
    2460:	82 ee       	ldi	r24, 0xE2	; 226
    2462:	94 e0       	ldi	r25, 0x04	; 4
    2464:	0e 94 c9 3b 	call	0x7792	; 0x7792 <eeprom_read_block>
	eeprom_read_block(&freqProgram13am, (unsigned char *)PROGRAM13_AM_FREQ_ADDRESS, sizeof(freqProgram13am));
    2468:	60 91 4a 01 	lds	r22, 0x014A	; 0x80014a <PROGRAM13_AM_FREQ_ADDRESS>
    246c:	70 91 4b 01 	lds	r23, 0x014B	; 0x80014b <PROGRAM13_AM_FREQ_ADDRESS+0x1>
    2470:	42 e0       	ldi	r20, 0x02	; 2
    2472:	50 e0       	ldi	r21, 0x00	; 0
    2474:	80 ee       	ldi	r24, 0xE0	; 224
    2476:	94 e0       	ldi	r25, 0x04	; 4
    2478:	0e 94 c9 3b 	call	0x7792	; 0x7792 <eeprom_read_block>
	eeprom_read_block(&freqProgram13fm, (unsigned char *)PROGRAM13_FM_FREQ_ADDRESS, sizeof(freqProgram13fm));
    247c:	60 91 48 01 	lds	r22, 0x0148	; 0x800148 <PROGRAM13_FM_FREQ_ADDRESS>
    2480:	70 91 49 01 	lds	r23, 0x0149	; 0x800149 <PROGRAM13_FM_FREQ_ADDRESS+0x1>
    2484:	42 e0       	ldi	r20, 0x02	; 2
    2486:	50 e0       	ldi	r21, 0x00	; 0
    2488:	8e ed       	ldi	r24, 0xDE	; 222
    248a:	94 e0       	ldi	r25, 0x04	; 4
    248c:	0e 94 c9 3b 	call	0x7792	; 0x7792 <eeprom_read_block>
	eeprom_read_block(&irmp_program14, (unsigned char *)PROGRAM14_ADDRESS, sizeof(irmp_program14));
    2490:	60 91 46 01 	lds	r22, 0x0146	; 0x800146 <PROGRAM14_ADDRESS>
    2494:	70 91 47 01 	lds	r23, 0x0147	; 0x800147 <PROGRAM14_ADDRESS+0x1>
    2498:	46 e0       	ldi	r20, 0x06	; 6
    249a:	50 e0       	ldi	r21, 0x00	; 0
    249c:	88 ed       	ldi	r24, 0xD8	; 216
    249e:	94 e0       	ldi	r25, 0x04	; 4
    24a0:	0e 94 c9 3b 	call	0x7792	; 0x7792 <eeprom_read_block>
	eeprom_read_block(&freqProgram14am, (unsigned char *)PROGRAM14_AM_FREQ_ADDRESS, sizeof(freqProgram14am));
    24a4:	60 91 44 01 	lds	r22, 0x0144	; 0x800144 <PROGRAM14_AM_FREQ_ADDRESS>
    24a8:	70 91 45 01 	lds	r23, 0x0145	; 0x800145 <PROGRAM14_AM_FREQ_ADDRESS+0x1>
    24ac:	42 e0       	ldi	r20, 0x02	; 2
    24ae:	50 e0       	ldi	r21, 0x00	; 0
    24b0:	86 ed       	ldi	r24, 0xD6	; 214
    24b2:	94 e0       	ldi	r25, 0x04	; 4
    24b4:	0e 94 c9 3b 	call	0x7792	; 0x7792 <eeprom_read_block>
	eeprom_read_block(&freqProgram14fm, (unsigned char *)PROGRAM14_FM_FREQ_ADDRESS, sizeof(freqProgram14fm));
    24b8:	60 91 42 01 	lds	r22, 0x0142	; 0x800142 <PROGRAM14_FM_FREQ_ADDRESS>
    24bc:	70 91 43 01 	lds	r23, 0x0143	; 0x800143 <PROGRAM14_FM_FREQ_ADDRESS+0x1>
    24c0:	42 e0       	ldi	r20, 0x02	; 2
    24c2:	50 e0       	ldi	r21, 0x00	; 0
    24c4:	84 ed       	ldi	r24, 0xD4	; 212
    24c6:	94 e0       	ldi	r25, 0x04	; 4
    24c8:	0e 94 c9 3b 	call	0x7792	; 0x7792 <eeprom_read_block>
	eeprom_read_block(&irmp_program15, (unsigned char *)PROGRAM15_ADDRESS, sizeof(irmp_program15));
    24cc:	60 91 40 01 	lds	r22, 0x0140	; 0x800140 <PROGRAM15_ADDRESS>
    24d0:	70 91 41 01 	lds	r23, 0x0141	; 0x800141 <PROGRAM15_ADDRESS+0x1>
    24d4:	46 e0       	ldi	r20, 0x06	; 6
    24d6:	50 e0       	ldi	r21, 0x00	; 0
    24d8:	8e ec       	ldi	r24, 0xCE	; 206
    24da:	94 e0       	ldi	r25, 0x04	; 4
    24dc:	0e 94 c9 3b 	call	0x7792	; 0x7792 <eeprom_read_block>
	eeprom_read_block(&freqProgram15am, (unsigned char *)PROGRAM15_AM_FREQ_ADDRESS, sizeof(freqProgram15am));
    24e0:	60 91 3e 01 	lds	r22, 0x013E	; 0x80013e <PROGRAM15_AM_FREQ_ADDRESS>
    24e4:	70 91 3f 01 	lds	r23, 0x013F	; 0x80013f <PROGRAM15_AM_FREQ_ADDRESS+0x1>
    24e8:	42 e0       	ldi	r20, 0x02	; 2
    24ea:	50 e0       	ldi	r21, 0x00	; 0
    24ec:	8c ec       	ldi	r24, 0xCC	; 204
    24ee:	94 e0       	ldi	r25, 0x04	; 4
    24f0:	0e 94 c9 3b 	call	0x7792	; 0x7792 <eeprom_read_block>
	eeprom_read_block(&freqProgram15fm, (unsigned char *)PROGRAM15_FM_FREQ_ADDRESS, sizeof(freqProgram15fm));
    24f4:	60 91 3c 01 	lds	r22, 0x013C	; 0x80013c <PROGRAM15_FM_FREQ_ADDRESS>
    24f8:	70 91 3d 01 	lds	r23, 0x013D	; 0x80013d <PROGRAM15_FM_FREQ_ADDRESS+0x1>
    24fc:	42 e0       	ldi	r20, 0x02	; 2
    24fe:	50 e0       	ldi	r21, 0x00	; 0
    2500:	8a ec       	ldi	r24, 0xCA	; 202
    2502:	94 e0       	ldi	r25, 0x04	; 4
    2504:	0e 94 c9 3b 	call	0x7792	; 0x7792 <eeprom_read_block>
	eeprom_read_block(&irmp_program16, (unsigned char *)PROGRAM16_ADDRESS, sizeof(irmp_program16));
    2508:	60 91 3a 01 	lds	r22, 0x013A	; 0x80013a <PROGRAM16_ADDRESS>
    250c:	70 91 3b 01 	lds	r23, 0x013B	; 0x80013b <PROGRAM16_ADDRESS+0x1>
    2510:	46 e0       	ldi	r20, 0x06	; 6
    2512:	50 e0       	ldi	r21, 0x00	; 0
    2514:	84 ec       	ldi	r24, 0xC4	; 196
    2516:	94 e0       	ldi	r25, 0x04	; 4
    2518:	0e 94 c9 3b 	call	0x7792	; 0x7792 <eeprom_read_block>
	eeprom_read_block(&freqProgram16am, (unsigned char *)PROGRAM16_AM_FREQ_ADDRESS, sizeof(freqProgram16am));
    251c:	60 91 38 01 	lds	r22, 0x0138	; 0x800138 <PROGRAM16_AM_FREQ_ADDRESS>
    2520:	70 91 39 01 	lds	r23, 0x0139	; 0x800139 <PROGRAM16_AM_FREQ_ADDRESS+0x1>
    2524:	42 e0       	ldi	r20, 0x02	; 2
    2526:	50 e0       	ldi	r21, 0x00	; 0
    2528:	82 ec       	ldi	r24, 0xC2	; 194
    252a:	94 e0       	ldi	r25, 0x04	; 4
    252c:	0e 94 c9 3b 	call	0x7792	; 0x7792 <eeprom_read_block>
	eeprom_read_block(&freqProgram16fm, (unsigned char *)PROGRAM16_FM_FREQ_ADDRESS, sizeof(freqProgram16fm));
    2530:	60 91 36 01 	lds	r22, 0x0136	; 0x800136 <PROGRAM16_FM_FREQ_ADDRESS>
    2534:	70 91 37 01 	lds	r23, 0x0137	; 0x800137 <PROGRAM16_FM_FREQ_ADDRESS+0x1>
    2538:	42 e0       	ldi	r20, 0x02	; 2
    253a:	50 e0       	ldi	r21, 0x00	; 0
    253c:	80 ec       	ldi	r24, 0xC0	; 192
    253e:	94 e0       	ldi	r25, 0x04	; 4
    2540:	0e 94 c9 3b 	call	0x7792	; 0x7792 <eeprom_read_block>
	eeprom_read_block(&irmp_program17, (unsigned char *)PROGRAM17_ADDRESS, sizeof(irmp_program17));
    2544:	60 91 34 01 	lds	r22, 0x0134	; 0x800134 <PROGRAM17_ADDRESS>
    2548:	70 91 35 01 	lds	r23, 0x0135	; 0x800135 <PROGRAM17_ADDRESS+0x1>
    254c:	46 e0       	ldi	r20, 0x06	; 6
    254e:	50 e0       	ldi	r21, 0x00	; 0
    2550:	8a eb       	ldi	r24, 0xBA	; 186
    2552:	94 e0       	ldi	r25, 0x04	; 4
    2554:	0e 94 c9 3b 	call	0x7792	; 0x7792 <eeprom_read_block>
	eeprom_read_block(&freqProgram17am, (unsigned char *)PROGRAM17_AM_FREQ_ADDRESS, sizeof(freqProgram17am));
    2558:	60 91 32 01 	lds	r22, 0x0132	; 0x800132 <PROGRAM17_AM_FREQ_ADDRESS>
    255c:	70 91 33 01 	lds	r23, 0x0133	; 0x800133 <PROGRAM17_AM_FREQ_ADDRESS+0x1>
    2560:	42 e0       	ldi	r20, 0x02	; 2
    2562:	50 e0       	ldi	r21, 0x00	; 0
    2564:	88 eb       	ldi	r24, 0xB8	; 184
    2566:	94 e0       	ldi	r25, 0x04	; 4
    2568:	0e 94 c9 3b 	call	0x7792	; 0x7792 <eeprom_read_block>
	eeprom_read_block(&freqProgram17fm, (unsigned char *)PROGRAM17_FM_FREQ_ADDRESS, sizeof(freqProgram17fm));
    256c:	60 91 30 01 	lds	r22, 0x0130	; 0x800130 <PROGRAM17_FM_FREQ_ADDRESS>
    2570:	70 91 31 01 	lds	r23, 0x0131	; 0x800131 <PROGRAM17_FM_FREQ_ADDRESS+0x1>
    2574:	42 e0       	ldi	r20, 0x02	; 2
    2576:	50 e0       	ldi	r21, 0x00	; 0
    2578:	86 eb       	ldi	r24, 0xB6	; 182
    257a:	94 e0       	ldi	r25, 0x04	; 4
    257c:	0e 94 c9 3b 	call	0x7792	; 0x7792 <eeprom_read_block>
	eeprom_read_block(&irmp_program18, (unsigned char *)PROGRAM18_ADDRESS, sizeof(irmp_program18));
    2580:	60 91 2e 01 	lds	r22, 0x012E	; 0x80012e <PROGRAM18_ADDRESS>
    2584:	70 91 2f 01 	lds	r23, 0x012F	; 0x80012f <PROGRAM18_ADDRESS+0x1>
    2588:	46 e0       	ldi	r20, 0x06	; 6
    258a:	50 e0       	ldi	r21, 0x00	; 0
    258c:	80 eb       	ldi	r24, 0xB0	; 176
    258e:	94 e0       	ldi	r25, 0x04	; 4
    2590:	0e 94 c9 3b 	call	0x7792	; 0x7792 <eeprom_read_block>
	eeprom_read_block(&freqProgram18am, (unsigned char *)PROGRAM18_AM_FREQ_ADDRESS, sizeof(freqProgram18am));
    2594:	60 91 2c 01 	lds	r22, 0x012C	; 0x80012c <PROGRAM18_AM_FREQ_ADDRESS>
    2598:	70 91 2d 01 	lds	r23, 0x012D	; 0x80012d <PROGRAM18_AM_FREQ_ADDRESS+0x1>
    259c:	42 e0       	ldi	r20, 0x02	; 2
    259e:	50 e0       	ldi	r21, 0x00	; 0
    25a0:	8e ea       	ldi	r24, 0xAE	; 174
    25a2:	94 e0       	ldi	r25, 0x04	; 4
    25a4:	0e 94 c9 3b 	call	0x7792	; 0x7792 <eeprom_read_block>
	eeprom_read_block(&freqProgram18fm, (unsigned char *)PROGRAM18_FM_FREQ_ADDRESS, sizeof(freqProgram18fm));
    25a8:	60 91 2a 01 	lds	r22, 0x012A	; 0x80012a <PROGRAM18_FM_FREQ_ADDRESS>
    25ac:	70 91 2b 01 	lds	r23, 0x012B	; 0x80012b <PROGRAM18_FM_FREQ_ADDRESS+0x1>
    25b0:	42 e0       	ldi	r20, 0x02	; 2
    25b2:	50 e0       	ldi	r21, 0x00	; 0
    25b4:	8c ea       	ldi	r24, 0xAC	; 172
    25b6:	94 e0       	ldi	r25, 0x04	; 4
    25b8:	0e 94 c9 3b 	call	0x7792	; 0x7792 <eeprom_read_block>
	eeprom_read_block(&irmp_program19, (unsigned char *)PROGRAM19_ADDRESS, sizeof(irmp_program19));
    25bc:	60 91 28 01 	lds	r22, 0x0128	; 0x800128 <PROGRAM19_ADDRESS>
    25c0:	70 91 29 01 	lds	r23, 0x0129	; 0x800129 <PROGRAM19_ADDRESS+0x1>
    25c4:	46 e0       	ldi	r20, 0x06	; 6
    25c6:	50 e0       	ldi	r21, 0x00	; 0
    25c8:	86 ea       	ldi	r24, 0xA6	; 166
    25ca:	94 e0       	ldi	r25, 0x04	; 4
    25cc:	0e 94 c9 3b 	call	0x7792	; 0x7792 <eeprom_read_block>
	eeprom_read_block(&freqProgram19am, (unsigned char *)PROGRAM19_AM_FREQ_ADDRESS, sizeof(freqProgram19am));
    25d0:	60 91 26 01 	lds	r22, 0x0126	; 0x800126 <PROGRAM19_AM_FREQ_ADDRESS>
    25d4:	70 91 27 01 	lds	r23, 0x0127	; 0x800127 <PROGRAM19_AM_FREQ_ADDRESS+0x1>
    25d8:	42 e0       	ldi	r20, 0x02	; 2
    25da:	50 e0       	ldi	r21, 0x00	; 0
    25dc:	84 ea       	ldi	r24, 0xA4	; 164
    25de:	94 e0       	ldi	r25, 0x04	; 4
    25e0:	0e 94 c9 3b 	call	0x7792	; 0x7792 <eeprom_read_block>
	eeprom_read_block(&freqProgram19fm, (unsigned char *)PROGRAM19_FM_FREQ_ADDRESS, sizeof(freqProgram19fm));
    25e4:	60 91 24 01 	lds	r22, 0x0124	; 0x800124 <PROGRAM19_FM_FREQ_ADDRESS>
    25e8:	70 91 25 01 	lds	r23, 0x0125	; 0x800125 <PROGRAM19_FM_FREQ_ADDRESS+0x1>
    25ec:	42 e0       	ldi	r20, 0x02	; 2
    25ee:	50 e0       	ldi	r21, 0x00	; 0
    25f0:	82 ea       	ldi	r24, 0xA2	; 162
    25f2:	94 e0       	ldi	r25, 0x04	; 4
    25f4:	0e 94 c9 3b 	call	0x7792	; 0x7792 <eeprom_read_block>
	
	eeprom_read_block(&irmp_r, (unsigned char *)R_ADDRESS, sizeof(irmp_r));
    25f8:	60 91 22 01 	lds	r22, 0x0122	; 0x800122 <R_ADDRESS>
    25fc:	70 91 23 01 	lds	r23, 0x0123	; 0x800123 <R_ADDRESS+0x1>
    2600:	46 e0       	ldi	r20, 0x06	; 6
    2602:	50 e0       	ldi	r21, 0x00	; 0
    2604:	8c e9       	ldi	r24, 0x9C	; 156
    2606:	94 e0       	ldi	r25, 0x04	; 4
    2608:	0e 94 c9 3b 	call	0x7792	; 0x7792 <eeprom_read_block>
	eeprom_read_block(&irmp_f, (unsigned char *)F_ADDRESS, sizeof(irmp_f));
    260c:	60 91 20 01 	lds	r22, 0x0120	; 0x800120 <F_ADDRESS>
    2610:	70 91 21 01 	lds	r23, 0x0121	; 0x800121 <F_ADDRESS+0x1>
    2614:	46 e0       	ldi	r20, 0x06	; 6
    2616:	50 e0       	ldi	r21, 0x00	; 0
    2618:	86 e9       	ldi	r24, 0x96	; 150
    261a:	94 e0       	ldi	r25, 0x04	; 4
    261c:	0e 94 c9 3b 	call	0x7792	; 0x7792 <eeprom_read_block>
	eeprom_read_block(&irmp_mute, (unsigned char *)MUTE_ADDRESS, sizeof(irmp_mute));
    2620:	60 91 1e 01 	lds	r22, 0x011E	; 0x80011e <MUTE_ADDRESS>
    2624:	70 91 1f 01 	lds	r23, 0x011F	; 0x80011f <MUTE_ADDRESS+0x1>
    2628:	46 e0       	ldi	r20, 0x06	; 6
    262a:	50 e0       	ldi	r21, 0x00	; 0
    262c:	80 e9       	ldi	r24, 0x90	; 144
    262e:	94 e0       	ldi	r25, 0x04	; 4
    2630:	0e 94 c9 3b 	call	0x7792	; 0x7792 <eeprom_read_block>
	eeprom_read_block(&irmp_standby, (unsigned char *)STANDBY_ADDRESS, sizeof(irmp_standby));
    2634:	60 91 1c 01 	lds	r22, 0x011C	; 0x80011c <STANDBY_ADDRESS>
    2638:	70 91 1d 01 	lds	r23, 0x011D	; 0x80011d <STANDBY_ADDRESS+0x1>
    263c:	46 e0       	ldi	r20, 0x06	; 6
    263e:	50 e0       	ldi	r21, 0x00	; 0
    2640:	8a e8       	ldi	r24, 0x8A	; 138
    2642:	94 e0       	ldi	r25, 0x04	; 4
    2644:	0e 94 c9 3b 	call	0x7792	; 0x7792 <eeprom_read_block>
	eeprom_read_block(&irmp_band, (unsigned char *)BAND_ADDRESS, sizeof(irmp_band));
    2648:	60 91 1a 01 	lds	r22, 0x011A	; 0x80011a <BAND_ADDRESS>
    264c:	70 91 1b 01 	lds	r23, 0x011B	; 0x80011b <BAND_ADDRESS+0x1>
    2650:	46 e0       	ldi	r20, 0x06	; 6
    2652:	50 e0       	ldi	r21, 0x00	; 0
    2654:	84 e8       	ldi	r24, 0x84	; 132
    2656:	94 e0       	ldi	r25, 0x04	; 4
    2658:	0e 94 c9 3b 	call	0x7792	; 0x7792 <eeprom_read_block>
	eeprom_read_block(&irmp_program, (unsigned char *)PROGRAM_ADDRESS, sizeof(irmp_program));
    265c:	60 91 18 01 	lds	r22, 0x0118	; 0x800118 <PROGRAM_ADDRESS>
    2660:	70 91 19 01 	lds	r23, 0x0119	; 0x800119 <PROGRAM_ADDRESS+0x1>
    2664:	46 e0       	ldi	r20, 0x06	; 6
    2666:	50 e0       	ldi	r21, 0x00	; 0
    2668:	8e e7       	ldi	r24, 0x7E	; 126
    266a:	94 e0       	ldi	r25, 0x04	; 4
    266c:	0e 94 c9 3b 	call	0x7792	; 0x7792 <eeprom_read_block>
	eeprom_read_block(&irmp_monostereo, (unsigned char *)MONOSTEREO_ADDRESS, sizeof(irmp_monostereo));
    2670:	60 91 16 01 	lds	r22, 0x0116	; 0x800116 <MONOSTEREO_ADDRESS>
    2674:	70 91 17 01 	lds	r23, 0x0117	; 0x800117 <MONOSTEREO_ADDRESS+0x1>
    2678:	46 e0       	ldi	r20, 0x06	; 6
    267a:	50 e0       	ldi	r21, 0x00	; 0
    267c:	88 e7       	ldi	r24, 0x78	; 120
    267e:	94 e0       	ldi	r25, 0x04	; 4
    2680:	0e 94 c9 3b 	call	0x7792	; 0x7792 <eeprom_read_block>
	eeprom_read_block(&irmp_volumedown, (unsigned char *)VOLUMEDOWN_ADDRESS, sizeof(irmp_volumedown));
    2684:	60 91 12 01 	lds	r22, 0x0112	; 0x800112 <VOLUMEDOWN_ADDRESS>
    2688:	70 91 13 01 	lds	r23, 0x0113	; 0x800113 <VOLUMEDOWN_ADDRESS+0x1>
    268c:	46 e0       	ldi	r20, 0x06	; 6
    268e:	50 e0       	ldi	r21, 0x00	; 0
    2690:	82 e7       	ldi	r24, 0x72	; 114
    2692:	94 e0       	ldi	r25, 0x04	; 4
    2694:	0e 94 c9 3b 	call	0x7792	; 0x7792 <eeprom_read_block>
	eeprom_read_block(&irmp_volumeup, (unsigned int *)VOLUMEUP_ADDRESS, sizeof(irmp_volumeup));
    2698:	60 91 10 01 	lds	r22, 0x0110	; 0x800110 <VOLUMEUP_ADDRESS>
    269c:	70 91 11 01 	lds	r23, 0x0111	; 0x800111 <VOLUMEUP_ADDRESS+0x1>
    26a0:	46 e0       	ldi	r20, 0x06	; 6
    26a2:	50 e0       	ldi	r21, 0x00	; 0
    26a4:	8c e6       	ldi	r24, 0x6C	; 108
    26a6:	94 e0       	ldi	r25, 0x04	; 4
    26a8:	0e 94 c9 3b 	call	0x7792	; 0x7792 <eeprom_read_block>
	eeprom_read_block(&irmp_bassdown, (unsigned char *)BASSDOWN_ADDRESS, sizeof(irmp_bassdown));
    26ac:	60 91 0e 01 	lds	r22, 0x010E	; 0x80010e <BASSDOWN_ADDRESS>
    26b0:	70 91 0f 01 	lds	r23, 0x010F	; 0x80010f <BASSDOWN_ADDRESS+0x1>
    26b4:	46 e0       	ldi	r20, 0x06	; 6
    26b6:	50 e0       	ldi	r21, 0x00	; 0
    26b8:	86 e6       	ldi	r24, 0x66	; 102
    26ba:	94 e0       	ldi	r25, 0x04	; 4
    26bc:	0e 94 c9 3b 	call	0x7792	; 0x7792 <eeprom_read_block>
	eeprom_read_block(&irmp_bassup, (unsigned int *)BASSUP_ADDRESS, sizeof(irmp_bassup));
    26c0:	60 91 0c 01 	lds	r22, 0x010C	; 0x80010c <BASSUP_ADDRESS>
    26c4:	70 91 0d 01 	lds	r23, 0x010D	; 0x80010d <BASSUP_ADDRESS+0x1>
    26c8:	46 e0       	ldi	r20, 0x06	; 6
    26ca:	50 e0       	ldi	r21, 0x00	; 0
    26cc:	80 e6       	ldi	r24, 0x60	; 96
    26ce:	94 e0       	ldi	r25, 0x04	; 4
    26d0:	0e 94 c9 3b 	call	0x7792	; 0x7792 <eeprom_read_block>
	eeprom_read_block(&irmp_trebledown, (unsigned char *)TREBLEDOWN_ADDRESS, sizeof(irmp_trebledown));
    26d4:	60 91 0a 01 	lds	r22, 0x010A	; 0x80010a <TREBLEDOWN_ADDRESS>
    26d8:	70 91 0b 01 	lds	r23, 0x010B	; 0x80010b <TREBLEDOWN_ADDRESS+0x1>
    26dc:	46 e0       	ldi	r20, 0x06	; 6
    26de:	50 e0       	ldi	r21, 0x00	; 0
    26e0:	8a e5       	ldi	r24, 0x5A	; 90
    26e2:	94 e0       	ldi	r25, 0x04	; 4
    26e4:	0e 94 c9 3b 	call	0x7792	; 0x7792 <eeprom_read_block>
	eeprom_read_block(&irmp_trebleup, (unsigned int *)TREBLEUP_ADDRESS, sizeof(irmp_trebleup));
    26e8:	60 91 08 01 	lds	r22, 0x0108	; 0x800108 <TREBLEUP_ADDRESS>
    26ec:	70 91 09 01 	lds	r23, 0x0109	; 0x800109 <TREBLEUP_ADDRESS+0x1>
    26f0:	46 e0       	ldi	r20, 0x06	; 6
    26f2:	50 e0       	ldi	r21, 0x00	; 0
    26f4:	84 e5       	ldi	r24, 0x54	; 84
    26f6:	94 e0       	ldi	r25, 0x04	; 4
    26f8:	0e 94 c9 3b 	call	0x7792	; 0x7792 <eeprom_read_block>
	eeprom_read_block(&irmp_display, (unsigned int *)DISPLAY_ADDRESS, sizeof(irmp_display));
    26fc:	60 91 06 01 	lds	r22, 0x0106	; 0x800106 <DISPLAY_ADDRESS>
    2700:	70 91 07 01 	lds	r23, 0x0107	; 0x800107 <DISPLAY_ADDRESS+0x1>
    2704:	46 e0       	ldi	r20, 0x06	; 6
    2706:	50 e0       	ldi	r21, 0x00	; 0
    2708:	8e e4       	ldi	r24, 0x4E	; 78
    270a:	94 e0       	ldi	r25, 0x04	; 4
    270c:	0e 94 c9 3b 	call	0x7792	; 0x7792 <eeprom_read_block>
	
	wdt_reset();
    2710:	a8 95       	wdr
		0b00000000, // hours
		0b00000110, // Saturday (6)
		0b00000001, // day of month (1)
		0b00000001, // month (1)
		0b00000000 // 2000
	};
    2712:	87 e0       	ldi	r24, 0x07	; 7
    2714:	ee ea       	ldi	r30, 0xAE	; 174
    2716:	f1 e0       	ldi	r31, 0x01	; 1
    2718:	de 01       	movw	r26, r28
    271a:	11 96       	adiw	r26, 0x01	; 1
    271c:	01 90       	ld	r0, Z+
    271e:	0d 92       	st	X+, r0
    2720:	8a 95       	dec	r24
    2722:	e1 f7       	brne	.-8      	; 0x271c <setup+0x8be>
	
	setRTCValues(bytes);
    2724:	ce 01       	movw	r24, r28
    2726:	01 96       	adiw	r24, 0x01	; 1
    2728:	0e 94 0b 0f 	call	0x1e16	; 0x1e16 <_ZL12setRTCValuesPh>
}
    272c:	2e 96       	adiw	r28, 0x0e	; 14
    272e:	0f b6       	in	r0, 0x3f	; 63
    2730:	f8 94       	cli
    2732:	de bf       	out	0x3e, r29	; 62
    2734:	0f be       	out	0x3f, r0	; 63
    2736:	cd bf       	out	0x3d, r28	; 61
    2738:	df 91       	pop	r29
    273a:	cf 91       	pop	r28
    273c:	08 95       	ret

0000273e <_ZL7numPutcch>:
		delay(1);
	}
}

static void numPutc(char chr, unsigned char index)
{
    273e:	cf 93       	push	r28
    2740:	df 93       	push	r29
    2742:	c8 2f       	mov	r28, r24
    2744:	d6 2f       	mov	r29, r22
	Wire.beginTransmission(I2C_ADDR_VFDDRIVER >> 1);
    2746:	6a e7       	ldi	r22, 0x7A	; 122
    2748:	70 e0       	ldi	r23, 0x00	; 0
    274a:	83 ed       	ldi	r24, 0xD3	; 211
    274c:	96 e0       	ldi	r25, 0x06	; 6
    274e:	0e 94 16 34 	call	0x682c	; 0x682c <_ZN7TwoWire17beginTransmissionEi>
	Wire.write(CMD_SHOW_NUM_CHAR);
    2752:	61 e0       	ldi	r22, 0x01	; 1
    2754:	70 e0       	ldi	r23, 0x00	; 0
    2756:	83 ed       	ldi	r24, 0xD3	; 211
    2758:	96 e0       	ldi	r25, 0x06	; 6
    275a:	0e 94 a8 09 	call	0x1350	; 0x1350 <_ZN7TwoWire5writeEi>
	Wire.write(chr);
    275e:	6c 2f       	mov	r22, r28
    2760:	70 e0       	ldi	r23, 0x00	; 0
    2762:	83 ed       	ldi	r24, 0xD3	; 211
    2764:	96 e0       	ldi	r25, 0x06	; 6
    2766:	0e 94 a8 09 	call	0x1350	; 0x1350 <_ZN7TwoWire5writeEi>
	Wire.write(index);
    276a:	6d 2f       	mov	r22, r29
    276c:	83 ed       	ldi	r24, 0xD3	; 211
    276e:	96 e0       	ldi	r25, 0x06	; 6
    2770:	0e 94 b7 33 	call	0x676e	; 0x676e <_ZN7TwoWire5writeEh>
	Wire.endTransmission();
    2774:	83 ed       	ldi	r24, 0xD3	; 211
    2776:	96 e0       	ldi	r25, 0x06	; 6
    2778:	0e 94 94 34 	call	0x6928	; 0x6928 <_ZN7TwoWire15endTransmissionEv>
	delay(1);
    277c:	61 e0       	ldi	r22, 0x01	; 1
    277e:	70 e0       	ldi	r23, 0x00	; 0
    2780:	80 e0       	ldi	r24, 0x00	; 0
    2782:	90 e0       	ldi	r25, 0x00	; 0
}
    2784:	df 91       	pop	r29
    2786:	cf 91       	pop	r28
	Wire.beginTransmission(I2C_ADDR_VFDDRIVER >> 1);
	Wire.write(CMD_SHOW_NUM_CHAR);
	Wire.write(chr);
	Wire.write(index);
	Wire.endTransmission();
	delay(1);
    2788:	0c 94 a0 28 	jmp	0x5140	; 0x5140 <delay>

0000278c <_ZL7graPutcch>:
	Wire.endTransmission();
	delay(1);
}

static void graPutc(char chr, unsigned char index)
{
    278c:	cf 93       	push	r28
    278e:	df 93       	push	r29
	if (graDisplayMemory[index] != chr)
    2790:	e6 2f       	mov	r30, r22
    2792:	f0 e0       	ldi	r31, 0x00	; 0
    2794:	ef 57       	subi	r30, 0x7F	; 127
    2796:	fa 4f       	sbci	r31, 0xFA	; 250
    2798:	90 81       	ld	r25, Z
    279a:	98 17       	cp	r25, r24
    279c:	31 f1       	breq	.+76     	; 0x27ea <_ZL7graPutcch+0x5e>
    279e:	d6 2f       	mov	r29, r22
    27a0:	c8 2f       	mov	r28, r24
	{
		graDisplayMemory[index] = chr;
    27a2:	80 83       	st	Z, r24
		Wire.beginTransmission(I2C_ADDR_VFDDRIVER >> 1);
    27a4:	6a e7       	ldi	r22, 0x7A	; 122
    27a6:	70 e0       	ldi	r23, 0x00	; 0
    27a8:	83 ed       	ldi	r24, 0xD3	; 211
    27aa:	96 e0       	ldi	r25, 0x06	; 6
    27ac:	0e 94 16 34 	call	0x682c	; 0x682c <_ZN7TwoWire17beginTransmissionEi>
		Wire.write(CMD_SHOW_GRA_CHAR);
    27b0:	60 e0       	ldi	r22, 0x00	; 0
    27b2:	70 e0       	ldi	r23, 0x00	; 0
    27b4:	83 ed       	ldi	r24, 0xD3	; 211
    27b6:	96 e0       	ldi	r25, 0x06	; 6
    27b8:	0e 94 a8 09 	call	0x1350	; 0x1350 <_ZN7TwoWire5writeEi>
		Wire.write(chr);
    27bc:	6c 2f       	mov	r22, r28
    27be:	70 e0       	ldi	r23, 0x00	; 0
    27c0:	83 ed       	ldi	r24, 0xD3	; 211
    27c2:	96 e0       	ldi	r25, 0x06	; 6
    27c4:	0e 94 a8 09 	call	0x1350	; 0x1350 <_ZN7TwoWire5writeEi>
		Wire.write(index);
    27c8:	6d 2f       	mov	r22, r29
    27ca:	83 ed       	ldi	r24, 0xD3	; 211
    27cc:	96 e0       	ldi	r25, 0x06	; 6
    27ce:	0e 94 b7 33 	call	0x676e	; 0x676e <_ZN7TwoWire5writeEh>
		Wire.endTransmission();
    27d2:	83 ed       	ldi	r24, 0xD3	; 211
    27d4:	96 e0       	ldi	r25, 0x06	; 6
    27d6:	0e 94 94 34 	call	0x6928	; 0x6928 <_ZN7TwoWire15endTransmissionEv>
		delay(1);
    27da:	61 e0       	ldi	r22, 0x01	; 1
    27dc:	70 e0       	ldi	r23, 0x00	; 0
    27de:	80 e0       	ldi	r24, 0x00	; 0
    27e0:	90 e0       	ldi	r25, 0x00	; 0
	}
}
    27e2:	df 91       	pop	r29
    27e4:	cf 91       	pop	r28
		Wire.beginTransmission(I2C_ADDR_VFDDRIVER >> 1);
		Wire.write(CMD_SHOW_GRA_CHAR);
		Wire.write(chr);
		Wire.write(index);
		Wire.endTransmission();
		delay(1);
    27e6:	0c 94 a0 28 	jmp	0x5140	; 0x5140 <delay>
	}
}
    27ea:	df 91       	pop	r29
    27ec:	cf 91       	pop	r28
    27ee:	08 95       	ret

000027f0 <_ZL27forceDateTimeReadAndDisplayv>:
	}
}

static void forceDateTimeReadAndDisplay()
{
	readFromRTC = true;
    27f0:	81 e0       	ldi	r24, 0x01	; 1
    27f2:	80 93 e4 05 	sts	0x05E4, r24	; 0x8005e4 <_ZL11readFromRTC>
	//dtSeconds = UINT16_MAX;
	dtMinutes = UINT16_MAX;
    27f6:	8f ef       	ldi	r24, 0xFF	; 255
    27f8:	9f ef       	ldi	r25, 0xFF	; 255
    27fa:	90 93 ac 01 	sts	0x01AC, r25	; 0x8001ac <_ZL9dtMinutes+0x1>
    27fe:	80 93 ab 01 	sts	0x01AB, r24	; 0x8001ab <_ZL9dtMinutes>
	dtHours = UINT16_MAX;
    2802:	90 93 aa 01 	sts	0x01AA, r25	; 0x8001aa <_ZL7dtHours+0x1>
    2806:	80 93 a9 01 	sts	0x01A9, r24	; 0x8001a9 <_ZL7dtHours>
	dtDayInWeek = UINT16_MAX;
    280a:	90 93 a6 01 	sts	0x01A6, r25	; 0x8001a6 <_ZL11dtDayInWeek+0x1>
    280e:	80 93 a5 01 	sts	0x01A5, r24	; 0x8001a5 <_ZL11dtDayInWeek>
	dtDayInMonth = UINT16_MAX;
    2812:	90 93 a8 01 	sts	0x01A8, r25	; 0x8001a8 <_ZL12dtDayInMonth+0x1>
    2816:	80 93 a7 01 	sts	0x01A7, r24	; 0x8001a7 <_ZL12dtDayInMonth>
	dtMonth = UINT16_MAX;
    281a:	90 93 a4 01 	sts	0x01A4, r25	; 0x8001a4 <_ZL7dtMonth+0x1>
    281e:	80 93 a3 01 	sts	0x01A3, r24	; 0x8001a3 <_ZL7dtMonth>
	dtYear = UINT16_MAX;
    2822:	90 93 a2 01 	sts	0x01A2, r25	; 0x8001a2 <_ZL6dtYear+0x1>
    2826:	80 93 a1 01 	sts	0x01A1, r24	; 0x8001a1 <_ZL6dtYear>
	
	if (getMode() == MODE_STANDBY)
    282a:	0e 94 de 08 	call	0x11bc	; 0x11bc <_ZL7getModev>
    282e:	83 30       	cpi	r24, 0x03	; 3
    2830:	91 f4       	brne	.+36     	; 0x2856 <_ZL27forceDateTimeReadAndDisplayv+0x66>
	{
		clearGra();
    2832:	0e 94 06 0a 	call	0x140c	; 0x140c <_ZL8clearGrav>
		graPutc('.', 6);
    2836:	66 e0       	ldi	r22, 0x06	; 6
    2838:	8e e2       	ldi	r24, 0x2E	; 46
    283a:	0e 94 c6 13 	call	0x278c	; 0x278c <_ZL7graPutcch>
		graPutc('.', 9);
    283e:	69 e0       	ldi	r22, 0x09	; 9
    2840:	8e e2       	ldi	r24, 0x2E	; 46
    2842:	0e 94 c6 13 	call	0x278c	; 0x278c <_ZL7graPutcch>
		graPutc('2', 10);
    2846:	6a e0       	ldi	r22, 0x0A	; 10
    2848:	82 e3       	ldi	r24, 0x32	; 50
    284a:	0e 94 c6 13 	call	0x278c	; 0x278c <_ZL7graPutcch>
		graPutc('0', 11);
    284e:	6b e0       	ldi	r22, 0x0B	; 11
    2850:	80 e3       	ldi	r24, 0x30	; 48
    2852:	0c 94 c6 13 	jmp	0x278c	; 0x278c <_ZL7graPutcch>
    2856:	08 95       	ret

00002858 <_ZL15exitSpecialModev>:
	speOff(SPE_ARROW_RIGHT);
}

static void exitSpecialMode()
{
	irLearningMode = 0;
    2858:	10 92 79 05 	sts	0x0579, r1	; 0x800579 <_ZL14irLearningMode>
	specialMode = 0;
    285c:	10 92 7a 05 	sts	0x057A, r1	; 0x80057a <_ZL11specialMode>
	clearGra();
    2860:	0e 94 06 0a 	call	0x140c	; 0x140c <_ZL8clearGrav>
	forceDateTimeReadAndDisplay();
    2864:	0e 94 f8 13 	call	0x27f0	; 0x27f0 <_ZL27forceDateTimeReadAndDisplayv>
	clearRdsInfo();
    2868:	0e 94 f4 0a 	call	0x15e8	; 0x15e8 <_ZL12clearRdsInfov>
	
	if (getMode() != MODE_STANDBY)
    286c:	0e 94 de 08 	call	0x11bc	; 0x11bc <_ZL7getModev>
    2870:	83 30       	cpi	r24, 0x03	; 3
    2872:	89 f0       	breq	.+34     	; 0x2896 <_ZL15exitSpecialModev+0x3e>
	{
		if (getMode() == MODE_RADIO_FM)
    2874:	0e 94 de 08 	call	0x11bc	; 0x11bc <_ZL7getModev>
    2878:	81 11       	cpse	r24, r1
    287a:	02 c0       	rjmp	.+4      	; 0x2880 <_ZL15exitSpecialModev+0x28>
		{
			showFM();
    287c:	0c 94 66 0a 	jmp	0x14cc	; 0x14cc <_ZL6showFMv>
		}
		else if (getMode() == MODE_RADIO_AM)
    2880:	0e 94 de 08 	call	0x11bc	; 0x11bc <_ZL7getModev>
    2884:	81 30       	cpi	r24, 0x01	; 1
    2886:	19 f4       	brne	.+6      	; 0x288e <_ZL15exitSpecialModev+0x36>
	delay(1);
}

inline static void showAM()
{
	graPuts("      AM      ");
    2888:	83 ed       	ldi	r24, 0xD3	; 211
    288a:	91 e0       	ldi	r25, 0x01	; 1
    288c:	02 c0       	rjmp	.+4      	; 0x2892 <_ZL15exitSpecialModev+0x3a>
}

inline static void showBT()
{
	graPuts("  Bluetooth   ");
    288e:	84 ec       	ldi	r24, 0xC4	; 196
    2890:	91 e0       	ldi	r25, 0x01	; 1
    2892:	0c 94 24 0a 	jmp	0x1448	; 0x1448 <_ZL7graPutsPKc>
    2896:	08 95       	ret

00002898 <loop>:
	{
		setFrequency(amFrequency);
	}	
}

void loop() {
    2898:	af 92       	push	r10
    289a:	bf 92       	push	r11
    289c:	cf 92       	push	r12
    289e:	df 92       	push	r13
    28a0:	ef 92       	push	r14
    28a2:	ff 92       	push	r15
    28a4:	0f 93       	push	r16
    28a6:	1f 93       	push	r17
    28a8:	cf 93       	push	r28
    28aa:	df 93       	push	r29
    28ac:	cd b7       	in	r28, 0x3d	; 61
    28ae:	de b7       	in	r29, 0x3e	; 62
    28b0:	60 97       	sbiw	r28, 0x10	; 16
    28b2:	0f b6       	in	r0, 0x3f	; 63
    28b4:	f8 94       	cli
    28b6:	de bf       	out	0x3e, r29	; 62
    28b8:	0f be       	out	0x3f, r0	; 63
    28ba:	cd bf       	out	0x3d, r28	; 61
	wdt_reset();
    28bc:	a8 95       	wdr
	
	if (digitalRead(PB3A) == 0)
    28be:	8b e0       	ldi	r24, 0x0B	; 11
    28c0:	0e 94 b6 29 	call	0x536c	; 0x536c <digitalRead>
    28c4:	89 2b       	or	r24, r25
    28c6:	99 f5       	brne	.+102    	; 0x292e <loop+0x96>
	{
		wdt_reset();
    28c8:	a8 95       	wdr
	#else
		//round up by default
		__ticks_dc = (uint32_t)(ceil(fabs(__tmp)));
	#endif

	__builtin_avr_delay_cycles(__ticks_dc);
    28ca:	8f ef       	ldi	r24, 0xFF	; 255
    28cc:	93 eb       	ldi	r25, 0xB3	; 179
    28ce:	01 97       	sbiw	r24, 0x01	; 1
    28d0:	f1 f7       	brne	.-4      	; 0x28ce <loop+0x36>
    28d2:	00 c0       	rjmp	.+0      	; 0x28d4 <loop+0x3c>
    28d4:	00 00       	nop
		_delay_ms(BUTTON_DEBOUNCE_DELAY_MS);
		wdt_reset();
    28d6:	a8 95       	wdr
		if (digitalRead(PB3A) == 0)
    28d8:	8b e0       	ldi	r24, 0x0B	; 11
    28da:	0e 94 b6 29 	call	0x536c	; 0x536c <digitalRead>
    28de:	89 2b       	or	r24, r25
    28e0:	e1 f4       	brne	.+56     	; 0x291a <loop+0x82>
		{
			if (specialMode == 0)
    28e2:	80 91 7a 05 	lds	r24, 0x057A	; 0x80057a <_ZL11specialMode>
    28e6:	81 11       	cpse	r24, r1
    28e8:	0e c0       	rjmp	.+28     	; 0x2906 <loop+0x6e>
			{
				specialMode = SPECIAL_MODE_IR_LEARNING;
    28ea:	81 e0       	ldi	r24, 0x01	; 1
    28ec:	80 93 7a 05 	sts	0x057A, r24	; 0x80057a <_ZL11specialMode>
				irLearningMode = IR_LEARNING_PROGRAM0;
    28f0:	80 93 79 05 	sts	0x0579, r24	; 0x800579 <_ZL14irLearningMode>
				graPuts("Program 1 = ? ");
    28f4:	82 ee       	ldi	r24, 0xE2	; 226
    28f6:	91 e0       	ldi	r25, 0x01	; 1
    28f8:	0e 94 24 0a 	call	0x1448	; 0x1448 <_ZL7graPutsPKc>
				speOff(SPE_ARROW_LEFT); // might be displayed as part of RDS so hide them
    28fc:	85 e0       	ldi	r24, 0x05	; 5
    28fe:	0e 94 bf 0a 	call	0x157e	; 0x157e <_ZL6speOffc>
				speOff(SPE_ARROW_RIGHT);
    2902:	82 e2       	ldi	r24, 0x22	; 34
    2904:	08 c0       	rjmp	.+16     	; 0x2916 <loop+0x7e>
			}
			else if (specialMode == SPECIAL_MODE_IR_LEARNING)
    2906:	81 30       	cpi	r24, 0x01	; 1
    2908:	41 f4       	brne	.+16     	; 0x291a <loop+0x82>
			{
				exitSpecialMode();
    290a:	0e 94 2c 14 	call	0x2858	; 0x2858 <_ZL15exitSpecialModev>
				speOff(SPE_ARROW_DOWN); // might be displayed as part of IR setup so hide them
    290e:	87 e0       	ldi	r24, 0x07	; 7
    2910:	0e 94 bf 0a 	call	0x157e	; 0x157e <_ZL6speOffc>
				speOff(SPE_ARROW_UP);
    2914:	86 e0       	ldi	r24, 0x06	; 6
    2916:	0e 94 bf 0a 	call	0x157e	; 0x157e <_ZL6speOffc>
    291a:	9f ef       	ldi	r25, 0xFF	; 255
    291c:	af e1       	ldi	r26, 0x1F	; 31
    291e:	ba e0       	ldi	r27, 0x0A	; 10
    2920:	91 50       	subi	r25, 0x01	; 1
    2922:	a0 40       	sbci	r26, 0x00	; 0
    2924:	b0 40       	sbci	r27, 0x00	; 0
    2926:	e1 f7       	brne	.-8      	; 0x2920 <loop+0x88>
    2928:	00 c0       	rjmp	.+0      	; 0x292a <loop+0x92>
    292a:	00 00       	nop
			/*set_sleep_mode(SLEEP_MODE_ADC);
			sleep_enable();*/
		}
		
		_delay_ms(BUTTON_PRESS_DELAY_MS);
		wdt_reset();
    292c:	a8 95       	wdr
	}
	
	if (!setupFinished)
    292e:	80 91 74 05 	lds	r24, 0x0574	; 0x800574 <_ZL13setupFinished>
    2932:	81 11       	cpse	r24, r1
    2934:	15 c0       	rjmp	.+42     	; 0x2960 <loop+0xc8>
	{
		if (setupRTCCounter >= 65000)
    2936:	80 91 72 05 	lds	r24, 0x0572	; 0x800572 <_ZL15setupRTCCounter>
    293a:	90 91 73 05 	lds	r25, 0x0573	; 0x800573 <_ZL15setupRTCCounter+0x1>
    293e:	88 3e       	cpi	r24, 0xE8	; 232
    2940:	ed ef       	ldi	r30, 0xFD	; 253
    2942:	9e 07       	cpc	r25, r30
    2944:	40 f0       	brcs	.+16     	; 0x2956 <loop+0xbe>
		{
			clearAll();
    2946:	0e 94 c9 09 	call	0x1392	; 0x1392 <_ZL8clearAllv>
			setupFinished = true;
    294a:	81 e0       	ldi	r24, 0x01	; 1
    294c:	80 93 74 05 	sts	0x0574, r24	; 0x800574 <_ZL13setupFinished>
			forceDateTimeReadAndDisplay();
    2950:	0e 94 f8 13 	call	0x27f0	; 0x27f0 <_ZL27forceDateTimeReadAndDisplayv>
    2954:	05 c0       	rjmp	.+10     	; 0x2960 <loop+0xc8>
		}
		else
		{
			setupRTCCounter++;
    2956:	01 96       	adiw	r24, 0x01	; 1
    2958:	90 93 73 05 	sts	0x0573, r25	; 0x800573 <_ZL15setupRTCCounter+0x1>
    295c:	80 93 72 05 	sts	0x0572, r24	; 0x800572 <_ZL15setupRTCCounter>
		}
	}
	
	if (getMode() == MODE_STANDBY && readFromRTC && setupFinished)
    2960:	0e 94 de 08 	call	0x11bc	; 0x11bc <_ZL7getModev>
    2964:	83 30       	cpi	r24, 0x03	; 3
    2966:	09 f0       	breq	.+2      	; 0x296a <loop+0xd2>
    2968:	ef c0       	rjmp	.+478    	; 0x2b48 <loop+0x2b0>
    296a:	80 91 e4 05 	lds	r24, 0x05E4	; 0x8005e4 <_ZL11readFromRTC>
    296e:	88 23       	and	r24, r24
    2970:	09 f4       	brne	.+2      	; 0x2974 <loop+0xdc>
    2972:	ea c0       	rjmp	.+468    	; 0x2b48 <loop+0x2b0>
    2974:	80 91 74 05 	lds	r24, 0x0574	; 0x800574 <_ZL13setupFinished>
    2978:	88 23       	and	r24, r24
    297a:	09 f4       	brne	.+2      	; 0x297e <loop+0xe6>
    297c:	e5 c0       	rjmp	.+458    	; 0x2b48 <loop+0x2b0>
	{
		readFromRTC = false;
    297e:	10 92 e4 05 	sts	0x05E4, r1	; 0x8005e4 <_ZL11readFromRTC>
		
		speToggle(SPE_COLON_UPPER);
    2982:	88 e0       	ldi	r24, 0x08	; 8
    2984:	0e 94 e7 09 	call	0x13ce	; 0x13ce <_ZL9speTogglec>
		speToggle(SPE_COLON_LOWER);
    2988:	89 e0       	ldi	r24, 0x09	; 9
    298a:	0e 94 e7 09 	call	0x13ce	; 0x13ce <_ZL9speTogglec>
			
		// read from RTC if indicated by interrupt from TIMER2
		// start from register 0
		Wire.beginTransmission(I2C_ADDR_RTC >> 1);
    298e:	68 e6       	ldi	r22, 0x68	; 104
    2990:	70 e0       	ldi	r23, 0x00	; 0
    2992:	83 ed       	ldi	r24, 0xD3	; 211
    2994:	96 e0       	ldi	r25, 0x06	; 6
    2996:	0e 94 16 34 	call	0x682c	; 0x682c <_ZN7TwoWire17beginTransmissionEi>
		Wire.write(0);
    299a:	60 e0       	ldi	r22, 0x00	; 0
    299c:	70 e0       	ldi	r23, 0x00	; 0
    299e:	83 ed       	ldi	r24, 0xD3	; 211
    29a0:	96 e0       	ldi	r25, 0x06	; 6
    29a2:	0e 94 a8 09 	call	0x1350	; 0x1350 <_ZN7TwoWire5writeEi>
		Wire.endTransmission();
    29a6:	83 ed       	ldi	r24, 0xD3	; 211
    29a8:	96 e0       	ldi	r25, 0x06	; 6
    29aa:	0e 94 94 34 	call	0x6928	; 0x6928 <_ZN7TwoWire15endTransmissionEv>
	
		unsigned char registers[7];
		Wire.requestFrom(I2C_ADDR_RTC >> 1, 7, false);
    29ae:	20 e0       	ldi	r18, 0x00	; 0
    29b0:	30 e0       	ldi	r19, 0x00	; 0
    29b2:	47 e0       	ldi	r20, 0x07	; 7
    29b4:	50 e0       	ldi	r21, 0x00	; 0
    29b6:	68 e6       	ldi	r22, 0x68	; 104
    29b8:	70 e0       	ldi	r23, 0x00	; 0
    29ba:	83 ed       	ldi	r24, 0xD3	; 211
    29bc:	96 e0       	ldi	r25, 0x06	; 6
    29be:	0e 94 92 34 	call	0x6924	; 0x6924 <_ZN7TwoWire11requestFromEiii>

  float parseFloat(LookaheadMode lookahead = SKIP_ALL, char ignore = NO_IGNORE_CHAR);
  // float version of parseInt

  size_t readBytes( char *buffer, size_t length); // read chars from stream into buffer
  size_t readBytes( uint8_t *buffer, size_t length) { return readBytes((char *)buffer, length); }
    29c2:	47 e0       	ldi	r20, 0x07	; 7
    29c4:	50 e0       	ldi	r21, 0x00	; 0
    29c6:	be 01       	movw	r22, r28
    29c8:	6f 5f       	subi	r22, 0xFF	; 255
    29ca:	7f 4f       	sbci	r23, 0xFF	; 255
    29cc:	83 ed       	ldi	r24, 0xD3	; 211
    29ce:	96 e0       	ldi	r25, 0x06	; 6
    29d0:	0e 94 00 28 	call	0x5000	; 0x5000 <_ZN6Stream9readBytesEPcj>
		Wire.readBytes((unsigned char *)&registers, 7);
	
		//char seconds = (registers[0] & 0b00001111) + ((registers[0] & 0b01110000) >> 4) * 10;
		char minutes = (registers[1] & 0b00001111) + ((registers[1] & 0b01110000) >> 4) * 10;
    29d4:	9a 81       	ldd	r25, Y+2	; 0x02
    29d6:	89 2f       	mov	r24, r25
    29d8:	80 77       	andi	r24, 0x70	; 112
    29da:	86 95       	lsr	r24
    29dc:	86 95       	lsr	r24
    29de:	86 95       	lsr	r24
    29e0:	28 2f       	mov	r18, r24
    29e2:	22 0f       	add	r18, r18
    29e4:	22 0f       	add	r18, r18
    29e6:	82 0f       	add	r24, r18
    29e8:	9f 70       	andi	r25, 0x0F	; 15
    29ea:	89 0f       	add	r24, r25
		char hours = (registers[2] & 0b00001111) + ((registers[2] & 0b00110000) >> 4) * 10;
    29ec:	9b 81       	ldd	r25, Y+3	; 0x03
    29ee:	29 2f       	mov	r18, r25
    29f0:	20 73       	andi	r18, 0x30	; 48
    29f2:	e2 2e       	mov	r14, r18
    29f4:	e6 94       	lsr	r14
    29f6:	e6 94       	lsr	r14
    29f8:	e6 94       	lsr	r14
    29fa:	2e 2d       	mov	r18, r14
    29fc:	22 0f       	add	r18, r18
    29fe:	22 0f       	add	r18, r18
    2a00:	e2 0e       	add	r14, r18
    2a02:	9f 70       	andi	r25, 0x0F	; 15
    2a04:	e9 0e       	add	r14, r25
		char dayInWeek = registers[3] & 0b00000111;
    2a06:	9c 81       	ldd	r25, Y+4	; 0x04
    2a08:	97 70       	andi	r25, 0x07	; 7
    2a0a:	f9 2e       	mov	r15, r25
		char dayInMonth = (registers[4] & 0b00001111) + ((registers[4] & 0b00110000) >> 4) * 10;
    2a0c:	9d 81       	ldd	r25, Y+5	; 0x05
    2a0e:	29 2f       	mov	r18, r25
    2a10:	20 73       	andi	r18, 0x30	; 48
    2a12:	d2 2e       	mov	r13, r18
    2a14:	d6 94       	lsr	r13
    2a16:	d6 94       	lsr	r13
    2a18:	d6 94       	lsr	r13
    2a1a:	2d 2d       	mov	r18, r13
    2a1c:	22 0f       	add	r18, r18
    2a1e:	22 0f       	add	r18, r18
    2a20:	d2 0e       	add	r13, r18
    2a22:	9f 70       	andi	r25, 0x0F	; 15
    2a24:	d9 0e       	add	r13, r25
		char month = (registers[5] & 0b00001111) + ((registers[5] & 0b00010000) >> 4) * 10;
    2a26:	9e 81       	ldd	r25, Y+6	; 0x06
    2a28:	94 fb       	bst	r25, 4
    2a2a:	11 27       	eor	r17, r17
    2a2c:	10 f9       	bld	r17, 0
    2a2e:	11 0f       	add	r17, r17
    2a30:	21 2f       	mov	r18, r17
    2a32:	22 0f       	add	r18, r18
    2a34:	22 0f       	add	r18, r18
    2a36:	12 0f       	add	r17, r18
    2a38:	9f 70       	andi	r25, 0x0F	; 15
    2a3a:	19 0f       	add	r17, r25
		char year = (registers[6] & 0b00001111) + ((registers[6] & 0b11110000) >> 4) * 10;
    2a3c:	0f 81       	ldd	r16, Y+7	; 0x07
    2a3e:	90 2f       	mov	r25, r16
    2a40:	92 95       	swap	r25
    2a42:	9f 70       	andi	r25, 0x0F	; 15
    2a44:	0f 70       	andi	r16, 0x0F	; 15
    2a46:	ba e0       	ldi	r27, 0x0A	; 10
    2a48:	9b 9f       	mul	r25, r27
    2a4a:	00 0d       	add	r16, r0
    2a4c:	11 24       	eor	r1, r1
		/*if (seconds != dtSeconds)
		{
			dtSeconds = seconds;
		}*/
		
		if (minutes != dtMinutes)
    2a4e:	28 2f       	mov	r18, r24
    2a50:	30 e0       	ldi	r19, 0x00	; 0
    2a52:	40 91 ab 01 	lds	r20, 0x01AB	; 0x8001ab <_ZL9dtMinutes>
    2a56:	50 91 ac 01 	lds	r21, 0x01AC	; 0x8001ac <_ZL9dtMinutes+0x1>
    2a5a:	24 17       	cp	r18, r20
    2a5c:	35 07       	cpc	r19, r21
    2a5e:	09 f1       	breq	.+66     	; 0x2aa2 <loop+0x20a>
		{
			dtMinutes = minutes;
    2a60:	30 93 ac 01 	sts	0x01AC, r19	; 0x8001ac <_ZL9dtMinutes+0x1>
    2a64:	20 93 ab 01 	sts	0x01AB, r18	; 0x8001ab <_ZL9dtMinutes>
    2a68:	6a e0       	ldi	r22, 0x0A	; 10
    2a6a:	0e 94 77 38 	call	0x70ee	; 0x70ee <__udivmodqi4>
    2a6e:	c9 2e       	mov	r12, r25
    2a70:	4a e0       	ldi	r20, 0x0A	; 10
    2a72:	be 01       	movw	r22, r28
    2a74:	61 5f       	subi	r22, 0xF1	; 241
    2a76:	7f 4f       	sbci	r23, 0xFF	; 255
    2a78:	90 e0       	ldi	r25, 0x00	; 0
    2a7a:	0e 94 03 39 	call	0x7206	; 0x7206 <__itoa_ncheck>
			numPutc(itoa(minutes / 10, str, 10)[0], 3);
    2a7e:	63 e0       	ldi	r22, 0x03	; 3
    2a80:	dc 01       	movw	r26, r24
    2a82:	8c 91       	ld	r24, X
    2a84:	0e 94 9f 13 	call	0x273e	; 0x273e <_ZL7numPutcch>
    2a88:	4a e0       	ldi	r20, 0x0A	; 10
    2a8a:	be 01       	movw	r22, r28
    2a8c:	61 5f       	subi	r22, 0xF1	; 241
    2a8e:	7f 4f       	sbci	r23, 0xFF	; 255
    2a90:	8c 2d       	mov	r24, r12
    2a92:	90 e0       	ldi	r25, 0x00	; 0
    2a94:	0e 94 03 39 	call	0x7206	; 0x7206 <__itoa_ncheck>
			numPutc(itoa(minutes % 10, str, 10)[0], 4);
    2a98:	64 e0       	ldi	r22, 0x04	; 4
    2a9a:	fc 01       	movw	r30, r24
    2a9c:	80 81       	ld	r24, Z
    2a9e:	0e 94 9f 13 	call	0x273e	; 0x273e <_ZL7numPutcch>
		}
	
		if (hours != dtHours)
    2aa2:	8e 2d       	mov	r24, r14
    2aa4:	90 e0       	ldi	r25, 0x00	; 0
    2aa6:	20 91 a9 01 	lds	r18, 0x01A9	; 0x8001a9 <_ZL7dtHours>
    2aaa:	30 91 aa 01 	lds	r19, 0x01AA	; 0x8001aa <_ZL7dtHours+0x1>
    2aae:	82 17       	cp	r24, r18
    2ab0:	93 07       	cpc	r25, r19
    2ab2:	11 f1       	breq	.+68     	; 0x2af8 <loop+0x260>
		{
			dtHours = hours;
    2ab4:	90 93 aa 01 	sts	0x01AA, r25	; 0x8001aa <_ZL7dtHours+0x1>
    2ab8:	80 93 a9 01 	sts	0x01A9, r24	; 0x8001a9 <_ZL7dtHours>
    2abc:	8e 2d       	mov	r24, r14
    2abe:	6a e0       	ldi	r22, 0x0A	; 10
    2ac0:	0e 94 77 38 	call	0x70ee	; 0x70ee <__udivmodqi4>
    2ac4:	e9 2e       	mov	r14, r25
    2ac6:	4a e0       	ldi	r20, 0x0A	; 10
    2ac8:	be 01       	movw	r22, r28
    2aca:	61 5f       	subi	r22, 0xF1	; 241
    2acc:	7f 4f       	sbci	r23, 0xFF	; 255
    2ace:	90 e0       	ldi	r25, 0x00	; 0
    2ad0:	0e 94 03 39 	call	0x7206	; 0x7206 <__itoa_ncheck>
			numPutc(itoa(hours / 10, str, 10)[0], 1);
    2ad4:	61 e0       	ldi	r22, 0x01	; 1
    2ad6:	dc 01       	movw	r26, r24
    2ad8:	8c 91       	ld	r24, X
    2ada:	0e 94 9f 13 	call	0x273e	; 0x273e <_ZL7numPutcch>
    2ade:	4a e0       	ldi	r20, 0x0A	; 10
    2ae0:	be 01       	movw	r22, r28
    2ae2:	61 5f       	subi	r22, 0xF1	; 241
    2ae4:	7f 4f       	sbci	r23, 0xFF	; 255
    2ae6:	8e 2d       	mov	r24, r14
    2ae8:	90 e0       	ldi	r25, 0x00	; 0
    2aea:	0e 94 03 39 	call	0x7206	; 0x7206 <__itoa_ncheck>
			numPutc(itoa(hours % 10, str, 10)[0], 2);
    2aee:	62 e0       	ldi	r22, 0x02	; 2
    2af0:	fc 01       	movw	r30, r24
    2af2:	80 81       	ld	r24, Z
    2af4:	0e 94 9f 13 	call	0x273e	; 0x273e <_ZL7numPutcch>
		}
		
		if (dayInWeek != dtDayInWeek)
    2af8:	8f 2d       	mov	r24, r15
    2afa:	90 e0       	ldi	r25, 0x00	; 0
    2afc:	20 91 a5 01 	lds	r18, 0x01A5	; 0x8001a5 <_ZL11dtDayInWeek>
    2b00:	30 91 a6 01 	lds	r19, 0x01A6	; 0x8001a6 <_ZL11dtDayInWeek+0x1>
    2b04:	82 17       	cp	r24, r18
    2b06:	93 07       	cpc	r25, r19
    2b08:	09 f0       	breq	.+2      	; 0x2b0c <loop+0x274>
    2b0a:	c9 c3       	rjmp	.+1938   	; 0x329e <loop+0xa06>
				graPutc(dayNames[dayInWeek - 1][1], 1);
				graPutc(dayNames[dayInWeek - 1][2], 2);
			}
		}
		
		if (dayInMonth != dtDayInMonth)
    2b0c:	8d 2d       	mov	r24, r13
    2b0e:	90 e0       	ldi	r25, 0x00	; 0
    2b10:	20 91 a7 01 	lds	r18, 0x01A7	; 0x8001a7 <_ZL12dtDayInMonth>
    2b14:	30 91 a8 01 	lds	r19, 0x01A8	; 0x8001a8 <_ZL12dtDayInMonth+0x1>
    2b18:	82 17       	cp	r24, r18
    2b1a:	93 07       	cpc	r25, r19
    2b1c:	09 f0       	breq	.+2      	; 0x2b20 <loop+0x288>
    2b1e:	df c3       	rjmp	.+1982   	; 0x32de <loop+0xa46>
				graPutc(itoa(dayInMonth / 10, str, 10)[0], 4);
				graPutc(itoa(dayInMonth % 10, str, 10)[0], 5);
			}
		}
		
		if (month != dtMonth)
    2b20:	81 2f       	mov	r24, r17
    2b22:	90 e0       	ldi	r25, 0x00	; 0
    2b24:	20 91 a3 01 	lds	r18, 0x01A3	; 0x8001a3 <_ZL7dtMonth>
    2b28:	30 91 a4 01 	lds	r19, 0x01A4	; 0x8001a4 <_ZL7dtMonth+0x1>
    2b2c:	82 17       	cp	r24, r18
    2b2e:	93 07       	cpc	r25, r19
    2b30:	09 f0       	breq	.+2      	; 0x2b34 <loop+0x29c>
    2b32:	fc c3       	rjmp	.+2040   	; 0x332c <loop+0xa94>
				graPutc(itoa(month / 10, str, 10)[0], 7);
				graPutc(itoa(month % 10, str, 10)[0], 8);
			}
		}
		
		if (year != dtYear)
    2b34:	80 2f       	mov	r24, r16
    2b36:	90 e0       	ldi	r25, 0x00	; 0
    2b38:	20 91 a1 01 	lds	r18, 0x01A1	; 0x8001a1 <_ZL6dtYear>
    2b3c:	30 91 a2 01 	lds	r19, 0x01A2	; 0x8001a2 <_ZL6dtYear+0x1>
    2b40:	82 17       	cp	r24, r18
    2b42:	93 07       	cpc	r25, r19
    2b44:	09 f0       	breq	.+2      	; 0x2b48 <loop+0x2b0>
    2b46:	19 c4       	rjmp	.+2098   	; 0x337a <loop+0xae2>
				graPutc(itoa(year % 10, str, 10)[0], 13);
			}
		}
	}
	
	if (getMode() == MODE_STANDBY && oldDisplayedSpeIndex != displayedSpeForStandbyIndex && setupFinished)
    2b48:	0e 94 de 08 	call	0x11bc	; 0x11bc <_ZL7getModev>
    2b4c:	83 30       	cpi	r24, 0x03	; 3
    2b4e:	29 f5       	brne	.+74     	; 0x2b9a <loop+0x302>
    2b50:	80 91 71 05 	lds	r24, 0x0571	; 0x800571 <_ZL27displayedSpeForStandbyIndex>
    2b54:	90 91 a0 01 	lds	r25, 0x01A0	; 0x8001a0 <_ZL20oldDisplayedSpeIndex>
    2b58:	98 17       	cp	r25, r24
    2b5a:	f9 f0       	breq	.+62     	; 0x2b9a <loop+0x302>
    2b5c:	80 91 74 05 	lds	r24, 0x0574	; 0x800574 <_ZL13setupFinished>
    2b60:	88 23       	and	r24, r24
    2b62:	d9 f0       	breq	.+54     	; 0x2b9a <loop+0x302>
	{
		speOff(speForStandby[displayedSpeForStandbyIndex == 0 ? (sizeof(speForStandby) - 1) : (displayedSpeForStandbyIndex - 1)]);
    2b64:	80 91 71 05 	lds	r24, 0x0571	; 0x800571 <_ZL27displayedSpeForStandbyIndex>
    2b68:	88 23       	and	r24, r24
    2b6a:	09 f4       	brne	.+2      	; 0x2b6e <loop+0x2d6>
    2b6c:	2d c4       	rjmp	.+2138   	; 0x33c8 <loop+0xb30>
    2b6e:	80 91 71 05 	lds	r24, 0x0571	; 0x800571 <_ZL27displayedSpeForStandbyIndex>
    2b72:	90 e0       	ldi	r25, 0x00	; 0
    2b74:	01 97       	sbiw	r24, 0x01	; 1
    2b76:	fc 01       	movw	r30, r24
    2b78:	e0 53       	subi	r30, 0x30	; 48
    2b7a:	fc 4f       	sbci	r31, 0xFC	; 252
    2b7c:	80 81       	ld	r24, Z
    2b7e:	0e 94 bf 0a 	call	0x157e	; 0x157e <_ZL6speOffc>
		speOn(speForStandby[displayedSpeForStandbyIndex]);
    2b82:	e0 91 71 05 	lds	r30, 0x0571	; 0x800571 <_ZL27displayedSpeForStandbyIndex>
    2b86:	f0 e0       	ldi	r31, 0x00	; 0
    2b88:	e0 53       	subi	r30, 0x30	; 48
    2b8a:	fc 4f       	sbci	r31, 0xFC	; 252
    2b8c:	80 81       	ld	r24, Z
    2b8e:	0e 94 8a 0a 	call	0x1514	; 0x1514 <_ZL5speOnc>
		oldDisplayedSpeIndex = displayedSpeForStandbyIndex;
    2b92:	80 91 71 05 	lds	r24, 0x0571	; 0x800571 <_ZL27displayedSpeForStandbyIndex>
    2b96:	80 93 a0 01 	sts	0x01A0, r24	; 0x8001a0 <_ZL20oldDisplayedSpeIndex>
	}
	
	if (getMode() != MODE_STANDBY)
    2b9a:	0e 94 de 08 	call	0x11bc	; 0x11bc <_ZL7getModev>
    2b9e:	83 30       	cpi	r24, 0x03	; 3
    2ba0:	09 f4       	brne	.+2      	; 0x2ba4 <loop+0x30c>
    2ba2:	44 c0       	rjmp	.+136    	; 0x2c2c <loop+0x394>
	{
		if (lastSettingsChange != 0 && (millis() - lastSettingsChange > 5000))
    2ba4:	80 91 6d 05 	lds	r24, 0x056D	; 0x80056d <_ZL18lastSettingsChange>
    2ba8:	90 91 6e 05 	lds	r25, 0x056E	; 0x80056e <_ZL18lastSettingsChange+0x1>
    2bac:	a0 91 6f 05 	lds	r26, 0x056F	; 0x80056f <_ZL18lastSettingsChange+0x2>
    2bb0:	b0 91 70 05 	lds	r27, 0x0570	; 0x800570 <_ZL18lastSettingsChange+0x3>
    2bb4:	89 2b       	or	r24, r25
    2bb6:	8a 2b       	or	r24, r26
    2bb8:	8b 2b       	or	r24, r27
    2bba:	b1 f0       	breq	.+44     	; 0x2be8 <loop+0x350>
    2bbc:	0e 94 6f 28 	call	0x50de	; 0x50de <millis>
    2bc0:	00 91 6d 05 	lds	r16, 0x056D	; 0x80056d <_ZL18lastSettingsChange>
    2bc4:	10 91 6e 05 	lds	r17, 0x056E	; 0x80056e <_ZL18lastSettingsChange+0x1>
    2bc8:	20 91 6f 05 	lds	r18, 0x056F	; 0x80056f <_ZL18lastSettingsChange+0x2>
    2bcc:	30 91 70 05 	lds	r19, 0x0570	; 0x800570 <_ZL18lastSettingsChange+0x3>
    2bd0:	dc 01       	movw	r26, r24
    2bd2:	cb 01       	movw	r24, r22
    2bd4:	80 1b       	sub	r24, r16
    2bd6:	91 0b       	sbc	r25, r17
    2bd8:	a2 0b       	sbc	r26, r18
    2bda:	b3 0b       	sbc	r27, r19
    2bdc:	89 38       	cpi	r24, 0x89	; 137
    2bde:	93 41       	sbci	r25, 0x13	; 19
    2be0:	a1 05       	cpc	r26, r1
    2be2:	b1 05       	cpc	r27, r1
    2be4:	08 f0       	brcs	.+2      	; 0x2be8 <loop+0x350>
    2be6:	f3 c3       	rjmp	.+2022   	; 0x33ce <loop+0xb36>
		{
			lastSettingsChange = 0;
			saveSettings();
		}

		if (getMode() == MODE_RADIO_FM)
    2be8:	0e 94 de 08 	call	0x11bc	; 0x11bc <_ZL7getModev>
    2bec:	81 11       	cpse	r24, r1
    2bee:	1e c0       	rjmp	.+60     	; 0x2c2c <loop+0x394>
		{
			// do not ask for signal quality too often, it causes unremovable noise in audio coming from the AVR
			if (stereoAndTunedUpdateCounter == 4000)
    2bf0:	80 91 6a 05 	lds	r24, 0x056A	; 0x80056a <_ZL27stereoAndTunedUpdateCounter>
    2bf4:	90 91 6b 05 	lds	r25, 0x056B	; 0x80056b <_ZL27stereoAndTunedUpdateCounter+0x1>
    2bf8:	80 3a       	cpi	r24, 0xA0	; 160
    2bfa:	ff e0       	ldi	r31, 0x0F	; 15
    2bfc:	9f 07       	cpc	r25, r31
    2bfe:	89 f4       	brne	.+34     	; 0x2c22 <loop+0x38a>
			{
				stereoAndTunedUpdateCounter = 0;
    2c00:	10 92 6b 05 	sts	0x056B, r1	; 0x80056b <_ZL27stereoAndTunedUpdateCounter+0x1>
    2c04:	10 92 6a 05 	sts	0x056A, r1	; 0x80056a <_ZL27stereoAndTunedUpdateCounter>
				
				si4735.getCurrentReceivedSignalQuality(); // must be called before getCurrentPilot()
    2c08:	85 ee       	ldi	r24, 0xE5	; 229
    2c0a:	95 e0       	ldi	r25, 0x05	; 5
    2c0c:	0e 94 be 2f 	call	0x5f7c	; 0x5f7c <_ZN6SI473531getCurrentReceivedSignalQualityEv>
		
				if (!forceMono && si4735.getCurrentPilot())
    2c10:	80 91 77 05 	lds	r24, 0x0577	; 0x800577 <_ZL9forceMono>
    2c14:	81 11       	cpse	r24, r1
    2c16:	e6 c3       	rjmp	.+1996   	; 0x33e4 <loop+0xb4c>
    2c18:	80 91 9a 06 	lds	r24, 0x069A	; 0x80069a <_ZL6si4735+0xb5>
    2c1c:	87 fd       	sbrc	r24, 7
    2c1e:	f8 c3       	rjmp	.+2032   	; 0x3410 <loop+0xb78>
    2c20:	e1 c3       	rjmp	.+1986   	; 0x33e4 <loop+0xb4c>
					isTunedDisplayOn = false;
				}
			}
			else
			{
				stereoAndTunedUpdateCounter++;
    2c22:	01 96       	adiw	r24, 0x01	; 1
    2c24:	90 93 6b 05 	sts	0x056B, r25	; 0x80056b <_ZL27stereoAndTunedUpdateCounter+0x1>
    2c28:	80 93 6a 05 	sts	0x056A, r24	; 0x80056a <_ZL27stereoAndTunedUpdateCounter>
			}
		}
	}
	
	if (getMode() == MODE_RADIO_FM && readRDS && specialMode == 0)
    2c2c:	0e 94 de 08 	call	0x11bc	; 0x11bc <_ZL7getModev>
    2c30:	81 11       	cpse	r24, r1
    2c32:	61 c0       	rjmp	.+194    	; 0x2cf6 <loop+0x45e>
    2c34:	80 91 96 05 	lds	r24, 0x0596	; 0x800596 <_ZL7readRDS>
    2c38:	88 23       	and	r24, r24
    2c3a:	09 f4       	brne	.+2      	; 0x2c3e <loop+0x3a6>
    2c3c:	5c c0       	rjmp	.+184    	; 0x2cf6 <loop+0x45e>
    2c3e:	80 91 7a 05 	lds	r24, 0x057A	; 0x80057a <_ZL11specialMode>
    2c42:	81 11       	cpse	r24, r1
    2c44:	58 c0       	rjmp	.+176    	; 0x2cf6 <loop+0x45e>
	{
		readRDS = false;
    2c46:	10 92 96 05 	sts	0x0596, r1	; 0x800596 <_ZL7readRDS>
		si4735.getRdsStatus(0, 0, 0);
    2c4a:	20 e0       	ldi	r18, 0x00	; 0
    2c4c:	40 e0       	ldi	r20, 0x00	; 0
    2c4e:	60 e0       	ldi	r22, 0x00	; 0
    2c50:	85 ee       	ldi	r24, 0xE5	; 229
    2c52:	95 e0       	ldi	r25, 0x05	; 5
    2c54:	0e 94 9a 32 	call	0x6534	; 0x6534 <_ZN6SI473512getRdsStatusEhhh>
     * @details if FIFO is 1, it means the minimum number of groups was filled
     * @return true if minimum number of groups was filled.
     */
    inline bool getRdsReceived()
    {
        return currentRdsStatus.resp.RDSRECV;
    2c58:	80 91 b1 06 	lds	r24, 0x06B1	; 0x8006b1 <_ZL6si4735+0xcc>
		
		if (si4735.getRdsReceived())
    2c5c:	80 ff       	sbrs	r24, 0
    2c5e:	df c3       	rjmp	.+1982   	; 0x341e <loop+0xb86>
		{
			if (si4735.getRdsSync() && si4735.getRdsSyncFound())
    2c60:	90 91 b2 06 	lds	r25, 0x06B2	; 0x8006b2 <_ZL6si4735+0xcd>
    2c64:	90 ff       	sbrs	r25, 0
    2c66:	db c3       	rjmp	.+1974   	; 0x341e <loop+0xb86>
    2c68:	82 ff       	sbrs	r24, 2
    2c6a:	d9 c3       	rjmp	.+1970   	; 0x341e <loop+0xb86>
			{
				if (!rdsSyncedFreshly)
    2c6c:	80 91 95 05 	lds	r24, 0x0595	; 0x800595 <_ZL16rdsSyncedFreshly>
    2c70:	81 11       	cpse	r24, r1
    2c72:	07 c0       	rjmp	.+14     	; 0x2c82 <loop+0x3ea>
				{
					rdsSyncedFreshly = true;
    2c74:	81 e0       	ldi	r24, 0x01	; 1
    2c76:	80 93 95 05 	sts	0x0595, r24	; 0x800595 <_ZL16rdsSyncedFreshly>
					clearRdsInfo();
    2c7a:	0e 94 f4 0a 	call	0x15e8	; 0x15e8 <_ZL12clearRdsInfov>
					clearGra();
    2c7e:	0e 94 06 0a 	call	0x140c	; 0x140c <_ZL8clearGrav>
				}
				
				radioText = si4735.getRdsText2A();
    2c82:	85 ee       	ldi	r24, 0xE5	; 229
    2c84:	95 e0       	ldi	r25, 0x05	; 5
    2c86:	0e 94 cc 2b 	call	0x5798	; 0x5798 <_ZN6SI473512getRdsText2AEv>
    2c8a:	90 93 e2 05 	sts	0x05E2, r25	; 0x8005e2 <_ZL9radioText+0x1>
    2c8e:	80 93 e1 05 	sts	0x05E1, r24	; 0x8005e1 <_ZL9radioText>
				stationName = si4735.getRdsText0A();
    2c92:	85 ee       	ldi	r24, 0xE5	; 229
    2c94:	95 e0       	ldi	r25, 0x05	; 5
    2c96:	0e 94 9e 2b 	call	0x573c	; 0x573c <_ZN6SI473512getRdsText0AEv>
    2c9a:	90 93 e0 05 	sts	0x05E0, r25	; 0x8005e0 <_ZL11stationName+0x1>
    2c9e:	80 93 df 05 	sts	0x05DF, r24	; 0x8005df <_ZL11stationName>
			
				if (radioText != NULL)
    2ca2:	e0 91 e1 05 	lds	r30, 0x05E1	; 0x8005e1 <_ZL9radioText>
    2ca6:	f0 91 e2 05 	lds	r31, 0x05E2	; 0x8005e2 <_ZL9radioText+0x1>
    2caa:	30 97       	sbiw	r30, 0x00	; 0
    2cac:	09 f4       	brne	.+2      	; 0x2cb0 <loop+0x418>
    2cae:	3d c4       	rjmp	.+2170   	; 0x352a <loop+0xc92>
				{
					radioTextLostCounter = 0;
    2cb0:	10 92 94 05 	sts	0x0594, r1	; 0x800594 <_ZL20radioTextLostCounter>
    2cb4:	07 e9       	ldi	r16, 0x97	; 151
    2cb6:	15 e0       	ldi	r17, 0x05	; 5
    2cb8:	9f 01       	movw	r18, r30
    2cba:	20 5c       	subi	r18, 0xC0	; 192
    2cbc:	3f 4f       	sbci	r19, 0xFF	; 255
    2cbe:	d8 01       	movw	r26, r16
					// merge non-space characters into completeRadioText only
					// it has been initialized to all-spaces above so any new spaces will be preserved
					bool nonSpaceCharChanged = false;
					for (unsigned char i = 0; i < RADIOTEXT_CHARS; i++)
					{
						if (radioText[i] != ' ' && completeRadioText[i] != ' ' && radioText[i] != completeRadioText[i] && radioText[i] != 0)
    2cc0:	81 91       	ld	r24, Z+
    2cc2:	80 32       	cpi	r24, 0x20	; 32
    2cc4:	09 f0       	breq	.+2      	; 0x2cc8 <loop+0x430>
    2cc6:	bb c3       	rjmp	.+1910   	; 0x343e <loop+0xba6>
    2cc8:	11 96       	adiw	r26, 0x01	; 1
					
					// because RDS data arrive 4 characters at a time, the rest is spaces
					// merge non-space characters into completeRadioText only
					// it has been initialized to all-spaces above so any new spaces will be preserved
					bool nonSpaceCharChanged = false;
					for (unsigned char i = 0; i < RADIOTEXT_CHARS; i++)
    2cca:	e2 17       	cp	r30, r18
    2ccc:	f3 07       	cpc	r31, r19
    2cce:	c1 f7       	brne	.-16     	; 0x2cc0 <loop+0x428>
					radioTextLostCounter = 0;
					
					// because RDS data arrive 4 characters at a time, the rest is spaces
					// merge non-space characters into completeRadioText only
					// it has been initialized to all-spaces above so any new spaces will be preserved
					bool nonSpaceCharChanged = false;
    2cd0:	80 e0       	ldi	r24, 0x00	; 0
							nonSpaceCharChanged = true;
							break;
						}
					}
					
					if (displayRadioText)
    2cd2:	90 91 93 05 	lds	r25, 0x0593	; 0x800593 <_ZL16displayRadioText>
    2cd6:	91 11       	cpse	r25, r1
    2cd8:	be c3       	rjmp	.+1916   	; 0x3456 <loop+0xbbe>
						clearRdsInfo();
						clearGra();
					}
				}

				if (stationName != NULL && si4735.getRdsNewBlockA())
    2cda:	e0 91 df 05 	lds	r30, 0x05DF	; 0x8005df <_ZL11stationName>
    2cde:	f0 91 e0 05 	lds	r31, 0x05E0	; 0x8005e0 <_ZL11stationName+0x1>
    2ce2:	30 97       	sbiw	r30, 0x00	; 0
    2ce4:	09 f0       	breq	.+2      	; 0x2ce8 <loop+0x450>
    2ce6:	2a c4       	rjmp	.+2132   	; 0x353c <loop+0xca4>
						}
					}
				}

				// set time from RDS if it has not been set yet
				if (dtYear == 0 && si4735.getRdsDateTime(&dtYear, &dtMonth, &dtDayInMonth, &dtHours, &dtMinutes))
    2ce8:	80 91 a1 01 	lds	r24, 0x01A1	; 0x8001a1 <_ZL6dtYear>
    2cec:	90 91 a2 01 	lds	r25, 0x01A2	; 0x8001a2 <_ZL6dtYear+0x1>
    2cf0:	89 2b       	or	r24, r25
    2cf2:	09 f4       	brne	.+2      	; 0x2cf6 <loop+0x45e>
    2cf4:	5b c4       	rjmp	.+2230   	; 0x35ac <loop+0xd14>
				showFM();
			}
		}
	}
	
	if (irmp_get_data(&irmp_data))
    2cf6:	8b e7       	ldi	r24, 0x7B	; 123
    2cf8:	95 e0       	ldi	r25, 0x05	; 5
    2cfa:	0e 94 c6 01 	call	0x38c	; 0x38c <irmp_get_data>
    2cfe:	88 23       	and	r24, r24
    2d00:	11 f4       	brne	.+4      	; 0x2d06 <loop+0x46e>
    2d02:	0c 94 af 27 	jmp	0x4f5e	; 0x4f5e <loop+0x26c6>
	{
		char wasRepetition = irmp_data.flags & IRMP_FLAG_REPETITION;
    2d06:	10 91 80 05 	lds	r17, 0x0580	; 0x800580 <_ZL9irmp_data+0x5>
    2d0a:	11 70       	andi	r17, 0x01	; 1
		
		if (specialMode == SPECIAL_MODE_IR_LEARNING)
    2d0c:	80 91 7a 05 	lds	r24, 0x057A	; 0x80057a <_ZL11specialMode>
    2d10:	81 30       	cpi	r24, 0x01	; 1
    2d12:	09 f0       	breq	.+2      	; 0x2d16 <loop+0x47e>
    2d14:	71 c2       	rjmp	.+1250   	; 0x31f8 <loop+0x960>
		{
			if (!wasRepetition)
    2d16:	11 11       	cpse	r17, r1
    2d18:	0c 94 af 27 	jmp	0x4f5e	; 0x4f5e <loop+0x26c6>
			{
				switch (irLearningMode)
    2d1c:	80 91 79 05 	lds	r24, 0x0579	; 0x800579 <_ZL14irLearningMode>
    2d20:	81 31       	cpi	r24, 0x11	; 17
    2d22:	09 f4       	brne	.+2      	; 0x2d26 <loop+0x48e>
    2d24:	86 c1       	rjmp	.+780    	; 0x3032 <loop+0x79a>
    2d26:	08 f0       	brcs	.+2      	; 0x2d2a <loop+0x492>
    2d28:	63 c0       	rjmp	.+198    	; 0x2df0 <loop+0x558>
    2d2a:	88 30       	cpi	r24, 0x08	; 8
    2d2c:	09 f4       	brne	.+2      	; 0x2d30 <loop+0x498>
    2d2e:	1f c1       	rjmp	.+574    	; 0x2f6e <loop+0x6d6>
    2d30:	70 f5       	brcc	.+92     	; 0x2d8e <loop+0x4f6>
    2d32:	84 30       	cpi	r24, 0x04	; 4
    2d34:	09 f4       	brne	.+2      	; 0x2d38 <loop+0x4a0>
    2d36:	f1 c0       	rjmp	.+482    	; 0x2f1a <loop+0x682>
    2d38:	b8 f4       	brcc	.+46     	; 0x2d68 <loop+0x4d0>
    2d3a:	82 30       	cpi	r24, 0x02	; 2
    2d3c:	09 f4       	brne	.+2      	; 0x2d40 <loop+0x4a8>
    2d3e:	ce c0       	rjmp	.+412    	; 0x2edc <loop+0x644>
    2d40:	08 f0       	brcs	.+2      	; 0x2d44 <loop+0x4ac>
    2d42:	dd c0       	rjmp	.+442    	; 0x2efe <loop+0x666>
    2d44:	81 30       	cpi	r24, 0x01	; 1
    2d46:	11 f0       	breq	.+4      	; 0x2d4c <loop+0x4b4>
    2d48:	0c 94 af 27 	jmp	0x4f5e	; 0x4f5e <loop+0x26c6>
				{
					case IR_LEARNING_PROGRAM0:
					learnIrCode(PROGRAM0_ADDRESS, &irmp_data, &irmp_program0);
    2d4c:	64 e6       	ldi	r22, 0x64	; 100
    2d4e:	75 e0       	ldi	r23, 0x05	; 5
    2d50:	80 91 9a 01 	lds	r24, 0x019A	; 0x80019a <PROGRAM0_ADDRESS>
    2d54:	90 91 9b 01 	lds	r25, 0x019B	; 0x80019b <PROGRAM0_ADDRESS+0x1>
    2d58:	0e 94 93 09 	call	0x1326	; 0x1326 <_ZL11learnIrCodePKvP9IRMP_DATAS2_.constprop.17>
					graPuts("Program 2 = ? ");
    2d5c:	81 ef       	ldi	r24, 0xF1	; 241
    2d5e:	91 e0       	ldi	r25, 0x01	; 1
    2d60:	0e 94 24 0a 	call	0x1448	; 0x1448 <_ZL7graPutsPKc>
					irLearningMode = IR_LEARNING_PROGRAM1;
    2d64:	82 e0       	ldi	r24, 0x02	; 2
    2d66:	c7 c0       	rjmp	.+398    	; 0x2ef6 <loop+0x65e>
		
		if (specialMode == SPECIAL_MODE_IR_LEARNING)
		{
			if (!wasRepetition)
			{
				switch (irLearningMode)
    2d68:	86 30       	cpi	r24, 0x06	; 6
    2d6a:	09 f4       	brne	.+2      	; 0x2d6e <loop+0x4d6>
    2d6c:	e4 c0       	rjmp	.+456    	; 0x2f36 <loop+0x69e>
    2d6e:	08 f0       	brcs	.+2      	; 0x2d72 <loop+0x4da>
    2d70:	f0 c0       	rjmp	.+480    	; 0x2f52 <loop+0x6ba>
					learnIrCode(PROGRAM3_ADDRESS, &irmp_data, &irmp_program3);
					graPuts("Program 5 = ? ");
					irLearningMode = IR_LEARNING_PROGRAM4;
					break;
					case IR_LEARNING_PROGRAM4:
					learnIrCode(PROGRAM4_ADDRESS, &irmp_data, &irmp_program4);
    2d72:	6c e3       	ldi	r22, 0x3C	; 60
    2d74:	75 e0       	ldi	r23, 0x05	; 5
    2d76:	80 91 82 01 	lds	r24, 0x0182	; 0x800182 <PROGRAM4_ADDRESS>
    2d7a:	90 91 83 01 	lds	r25, 0x0183	; 0x800183 <PROGRAM4_ADDRESS+0x1>
    2d7e:	0e 94 93 09 	call	0x1326	; 0x1326 <_ZL11learnIrCodePKvP9IRMP_DATAS2_.constprop.17>
					graPuts("Program 6 = ? ");
    2d82:	8d e2       	ldi	r24, 0x2D	; 45
    2d84:	92 e0       	ldi	r25, 0x02	; 2
    2d86:	0e 94 24 0a 	call	0x1448	; 0x1448 <_ZL7graPutsPKc>
					irLearningMode = IR_LEARNING_PROGRAM5;
    2d8a:	86 e0       	ldi	r24, 0x06	; 6
    2d8c:	b4 c0       	rjmp	.+360    	; 0x2ef6 <loop+0x65e>
		
		if (specialMode == SPECIAL_MODE_IR_LEARNING)
		{
			if (!wasRepetition)
			{
				switch (irLearningMode)
    2d8e:	8c 30       	cpi	r24, 0x0C	; 12
    2d90:	09 f4       	brne	.+2      	; 0x2d94 <loop+0x4fc>
    2d92:	17 c1       	rjmp	.+558    	; 0x2fc2 <loop+0x72a>
    2d94:	98 f4       	brcc	.+38     	; 0x2dbc <loop+0x524>
    2d96:	8a 30       	cpi	r24, 0x0A	; 10
    2d98:	09 f4       	brne	.+2      	; 0x2d9c <loop+0x504>
    2d9a:	f7 c0       	rjmp	.+494    	; 0x2f8a <loop+0x6f2>
    2d9c:	08 f0       	brcs	.+2      	; 0x2da0 <loop+0x508>
    2d9e:	03 c1       	rjmp	.+518    	; 0x2fa6 <loop+0x70e>
					learnIrCode(PROGRAM7_ADDRESS, &irmp_data, &irmp_program7);
					graPuts("Program 9 = ? ");
					irLearningMode = IR_LEARNING_PROGRAM8;
					break;
					case IR_LEARNING_PROGRAM8:
					learnIrCode(PROGRAM8_ADDRESS, &irmp_data, &irmp_program8);
    2da0:	64 e1       	ldi	r22, 0x14	; 20
    2da2:	75 e0       	ldi	r23, 0x05	; 5
    2da4:	80 91 6a 01 	lds	r24, 0x016A	; 0x80016a <PROGRAM8_ADDRESS>
    2da8:	90 91 6b 01 	lds	r25, 0x016B	; 0x80016b <PROGRAM8_ADDRESS+0x1>
    2dac:	0e 94 93 09 	call	0x1326	; 0x1326 <_ZL11learnIrCodePKvP9IRMP_DATAS2_.constprop.17>
					graPuts("Program 10 = ?");
    2db0:	89 e6       	ldi	r24, 0x69	; 105
    2db2:	92 e0       	ldi	r25, 0x02	; 2
    2db4:	0e 94 24 0a 	call	0x1448	; 0x1448 <_ZL7graPutsPKc>
					irLearningMode = IR_LEARNING_PROGRAM9;
    2db8:	8a e0       	ldi	r24, 0x0A	; 10
    2dba:	9d c0       	rjmp	.+314    	; 0x2ef6 <loop+0x65e>
		
		if (specialMode == SPECIAL_MODE_IR_LEARNING)
		{
			if (!wasRepetition)
			{
				switch (irLearningMode)
    2dbc:	8e 30       	cpi	r24, 0x0E	; 14
    2dbe:	09 f4       	brne	.+2      	; 0x2dc2 <loop+0x52a>
    2dc0:	1c c1       	rjmp	.+568    	; 0x2ffa <loop+0x762>
    2dc2:	08 f4       	brcc	.+2      	; 0x2dc6 <loop+0x52e>
    2dc4:	0c c1       	rjmp	.+536    	; 0x2fde <loop+0x746>
    2dc6:	8f 30       	cpi	r24, 0x0F	; 15
    2dc8:	09 f4       	brne	.+2      	; 0x2dcc <loop+0x534>
    2dca:	25 c1       	rjmp	.+586    	; 0x3016 <loop+0x77e>
    2dcc:	80 31       	cpi	r24, 0x10	; 16
    2dce:	11 f0       	breq	.+4      	; 0x2dd4 <loop+0x53c>
    2dd0:	0c 94 af 27 	jmp	0x4f5e	; 0x4f5e <loop+0x26c6>
					learnIrCode(PROGRAM14_ADDRESS, &irmp_data, &irmp_program14);
					graPuts("Program 16 = ?");
					irLearningMode = IR_LEARNING_PROGRAM15;
					break;
					case IR_LEARNING_PROGRAM15:
					learnIrCode(PROGRAM15_ADDRESS, &irmp_data, &irmp_program15);
    2dd4:	6e ec       	ldi	r22, 0xCE	; 206
    2dd6:	74 e0       	ldi	r23, 0x04	; 4
    2dd8:	80 91 40 01 	lds	r24, 0x0140	; 0x800140 <PROGRAM15_ADDRESS>
    2ddc:	90 91 41 01 	lds	r25, 0x0141	; 0x800141 <PROGRAM15_ADDRESS+0x1>
    2de0:	0e 94 93 09 	call	0x1326	; 0x1326 <_ZL11learnIrCodePKvP9IRMP_DATAS2_.constprop.17>
					graPuts("Program 17 = ?");
    2de4:	83 ed       	ldi	r24, 0xD3	; 211
    2de6:	92 e0       	ldi	r25, 0x02	; 2
    2de8:	0e 94 24 0a 	call	0x1448	; 0x1448 <_ZL7graPutsPKc>
					irLearningMode = IR_LEARNING_PROGRAM16;
    2dec:	81 e1       	ldi	r24, 0x11	; 17
    2dee:	83 c0       	rjmp	.+262    	; 0x2ef6 <loop+0x65e>
		
		if (specialMode == SPECIAL_MODE_IR_LEARNING)
		{
			if (!wasRepetition)
			{
				switch (irLearningMode)
    2df0:	84 37       	cpi	r24, 0x74	; 116
    2df2:	09 f4       	brne	.+2      	; 0x2df6 <loop+0x55e>
    2df4:	f8 c1       	rjmp	.+1008   	; 0x31e6 <loop+0x94e>
    2df6:	d8 f5       	brcc	.+118    	; 0x2e6e <loop+0x5d6>
    2df8:	8f 36       	cpi	r24, 0x6F	; 111
    2dfa:	09 f4       	brne	.+2      	; 0x2dfe <loop+0x566>
    2dfc:	44 c1       	rjmp	.+648    	; 0x3086 <loop+0x7ee>
    2dfe:	d0 f4       	brcc	.+52     	; 0x2e34 <loop+0x59c>
    2e00:	83 31       	cpi	r24, 0x13	; 19
    2e02:	09 f4       	brne	.+2      	; 0x2e06 <loop+0x56e>
    2e04:	32 c1       	rjmp	.+612    	; 0x306a <loop+0x7d2>
    2e06:	08 f4       	brcc	.+2      	; 0x2e0a <loop+0x572>
    2e08:	22 c1       	rjmp	.+580    	; 0x304e <loop+0x7b6>
    2e0a:	84 31       	cpi	r24, 0x14	; 20
    2e0c:	11 f0       	breq	.+4      	; 0x2e12 <loop+0x57a>
    2e0e:	0c 94 af 27 	jmp	0x4f5e	; 0x4f5e <loop+0x26c6>
					learnIrCode(PROGRAM18_ADDRESS, &irmp_data, &irmp_program18);
					graPuts("Program 20 = ?");
					irLearningMode = IR_LEARNING_PROGRAM19;
					break;
					case IR_LEARNING_PROGRAM19:
					learnIrCode(PROGRAM19_ADDRESS, &irmp_data, &irmp_program19);
    2e12:	66 ea       	ldi	r22, 0xA6	; 166
    2e14:	74 e0       	ldi	r23, 0x04	; 4
    2e16:	80 91 28 01 	lds	r24, 0x0128	; 0x800128 <PROGRAM19_ADDRESS>
    2e1a:	90 91 29 01 	lds	r25, 0x0129	; 0x800129 <PROGRAM19_ADDRESS+0x1>
    2e1e:	0e 94 93 09 	call	0x1326	; 0x1326 <_ZL11learnIrCodePKvP9IRMP_DATAS2_.constprop.17>
					speOn(SPE_ARROW_DOWN);
    2e22:	87 e0       	ldi	r24, 0x07	; 7
    2e24:	0e 94 8a 0a 	call	0x1514	; 0x1514 <_ZL5speOnc>
					graPuts("Tuning = ?    ");
    2e28:	8f e0       	ldi	r24, 0x0F	; 15
    2e2a:	93 e0       	ldi	r25, 0x03	; 3
    2e2c:	0e 94 24 0a 	call	0x1448	; 0x1448 <_ZL7graPutsPKc>
					irLearningMode = IR_LEARNING_R;
    2e30:	8f e6       	ldi	r24, 0x6F	; 111
    2e32:	61 c0       	rjmp	.+194    	; 0x2ef6 <loop+0x65e>
		
		if (specialMode == SPECIAL_MODE_IR_LEARNING)
		{
			if (!wasRepetition)
			{
				switch (irLearningMode)
    2e34:	81 37       	cpi	r24, 0x71	; 113
    2e36:	09 f4       	brne	.+2      	; 0x2e3a <loop+0x5a2>
    2e38:	4b c1       	rjmp	.+662    	; 0x30d0 <loop+0x838>
    2e3a:	08 f4       	brcc	.+2      	; 0x2e3e <loop+0x5a6>
    2e3c:	38 c1       	rjmp	.+624    	; 0x30ae <loop+0x816>
    2e3e:	82 37       	cpi	r24, 0x72	; 114
    2e40:	09 f4       	brne	.+2      	; 0x2e44 <loop+0x5ac>
    2e42:	54 c1       	rjmp	.+680    	; 0x30ec <loop+0x854>
    2e44:	83 37       	cpi	r24, 0x73	; 115
    2e46:	11 f0       	breq	.+4      	; 0x2e4c <loop+0x5b4>
    2e48:	0c 94 af 27 	jmp	0x4f5e	; 0x4f5e <loop+0x26c6>
					learnIrCode(STANDBY_ADDRESS, &irmp_data, &irmp_standby);
					graPuts("Band/input = ?");
					irLearningMode = IR_LEARNING_BAND;
					break;
					case IR_LEARNING_BAND:
					learnIrCode(BAND_ADDRESS, &irmp_data, &irmp_band);
    2e4c:	64 e8       	ldi	r22, 0x84	; 132
    2e4e:	74 e0       	ldi	r23, 0x04	; 4
    2e50:	80 91 1a 01 	lds	r24, 0x011A	; 0x80011a <BAND_ADDRESS>
    2e54:	90 91 1b 01 	lds	r25, 0x011B	; 0x80011b <BAND_ADDRESS+0x1>
    2e58:	0e 94 93 09 	call	0x1326	; 0x1326 <_ZL11learnIrCodePKvP9IRMP_DATAS2_.constprop.17>
					speOn(SPE_ARROW_DOWN);
    2e5c:	87 e0       	ldi	r24, 0x07	; 7
    2e5e:	0e 94 8a 0a 	call	0x1514	; 0x1514 <_ZL5speOnc>
					graPuts("Volume = ?    ");
    2e62:	8b e4       	ldi	r24, 0x4B	; 75
    2e64:	93 e0       	ldi	r25, 0x03	; 3
    2e66:	0e 94 24 0a 	call	0x1448	; 0x1448 <_ZL7graPutsPKc>
					irLearningMode = IR_LEARNING_VOLUMEDOWN;
    2e6a:	86 e7       	ldi	r24, 0x76	; 118
    2e6c:	44 c0       	rjmp	.+136    	; 0x2ef6 <loop+0x65e>
		
		if (specialMode == SPECIAL_MODE_IR_LEARNING)
		{
			if (!wasRepetition)
			{
				switch (irLearningMode)
    2e6e:	88 37       	cpi	r24, 0x78	; 120
    2e70:	09 f4       	brne	.+2      	; 0x2e74 <loop+0x5dc>
    2e72:	5e c1       	rjmp	.+700    	; 0x3130 <loop+0x898>
    2e74:	c8 f4       	brcc	.+50     	; 0x2ea8 <loop+0x610>
    2e76:	86 37       	cpi	r24, 0x76	; 118
    2e78:	09 f4       	brne	.+2      	; 0x2e7c <loop+0x5e4>
    2e7a:	46 c1       	rjmp	.+652    	; 0x3108 <loop+0x870>
    2e7c:	08 f4       	brcc	.+2      	; 0x2e80 <loop+0x5e8>
    2e7e:	a5 c1       	rjmp	.+842    	; 0x31ca <loop+0x932>
					speOn(SPE_ARROW_UP);
					graPuts("Volume = ?    ");
					irLearningMode = IR_LEARNING_VOLUMEUP;
					break;
					case IR_LEARNING_VOLUMEUP:
					learnIrCode(VOLUMEUP_ADDRESS, &irmp_data, &irmp_volumeup);
    2e80:	6c e6       	ldi	r22, 0x6C	; 108
    2e82:	74 e0       	ldi	r23, 0x04	; 4
    2e84:	80 91 10 01 	lds	r24, 0x0110	; 0x800110 <VOLUMEUP_ADDRESS>
    2e88:	90 91 11 01 	lds	r25, 0x0111	; 0x800111 <VOLUMEUP_ADDRESS+0x1>
    2e8c:	0e 94 93 09 	call	0x1326	; 0x1326 <_ZL11learnIrCodePKvP9IRMP_DATAS2_.constprop.17>
					speOff(SPE_ARROW_UP);
    2e90:	86 e0       	ldi	r24, 0x06	; 6
    2e92:	0e 94 bf 0a 	call	0x157e	; 0x157e <_ZL6speOffc>
					speOn(SPE_ARROW_DOWN);
    2e96:	87 e0       	ldi	r24, 0x07	; 7
    2e98:	0e 94 8a 0a 	call	0x1514	; 0x1514 <_ZL5speOnc>
					graPuts("Bass = ?      ");
    2e9c:	8a e5       	ldi	r24, 0x5A	; 90
    2e9e:	93 e0       	ldi	r25, 0x03	; 3
    2ea0:	0e 94 24 0a 	call	0x1448	; 0x1448 <_ZL7graPutsPKc>
					irLearningMode = IR_LEARNING_BASSDOWN;
    2ea4:	88 e7       	ldi	r24, 0x78	; 120
    2ea6:	27 c0       	rjmp	.+78     	; 0x2ef6 <loop+0x65e>
		
		if (specialMode == SPECIAL_MODE_IR_LEARNING)
		{
			if (!wasRepetition)
			{
				switch (irLearningMode)
    2ea8:	8a 37       	cpi	r24, 0x7A	; 122
    2eaa:	09 f4       	brne	.+2      	; 0x2eae <loop+0x616>
    2eac:	69 c1       	rjmp	.+722    	; 0x3180 <loop+0x8e8>
    2eae:	08 f4       	brcc	.+2      	; 0x2eb2 <loop+0x61a>
    2eb0:	53 c1       	rjmp	.+678    	; 0x3158 <loop+0x8c0>
    2eb2:	8b 37       	cpi	r24, 0x7B	; 123
    2eb4:	09 f4       	brne	.+2      	; 0x2eb8 <loop+0x620>
    2eb6:	78 c1       	rjmp	.+752    	; 0x31a8 <loop+0x910>
    2eb8:	8c 37       	cpi	r24, 0x7C	; 124
    2eba:	11 f0       	breq	.+4      	; 0x2ec0 <loop+0x628>
    2ebc:	0c 94 af 27 	jmp	0x4f5e	; 0x4f5e <loop+0x26c6>
					learnIrCode(MONOSTEREO_ADDRESS, &irmp_data, &irmp_monostereo);
					graPuts("Display = ?   ");
					irLearningMode = IR_LEARNING_DISPLAY;
					break;
					case IR_LEARNING_DISPLAY:
					learnIrCode(DISPLAY_ADDRESS, &irmp_data, &irmp_display);
    2ec0:	6e e4       	ldi	r22, 0x4E	; 78
    2ec2:	74 e0       	ldi	r23, 0x04	; 4
    2ec4:	80 91 06 01 	lds	r24, 0x0106	; 0x800106 <DISPLAY_ADDRESS>
    2ec8:	90 91 07 01 	lds	r25, 0x0107	; 0x800107 <DISPLAY_ADDRESS+0x1>
    2ecc:	0e 94 93 09 	call	0x1326	; 0x1326 <_ZL11learnIrCodePKvP9IRMP_DATAS2_.constprop.17>
					graPuts("Program = ?   ");
    2ed0:	86 e9       	ldi	r24, 0x96	; 150
    2ed2:	93 e0       	ldi	r25, 0x03	; 3
    2ed4:	0e 94 24 0a 	call	0x1448	; 0x1448 <_ZL7graPutsPKc>
					irLearningMode = IR_LEARNING_PROGRAM;
    2ed8:	84 e7       	ldi	r24, 0x74	; 116
    2eda:	0d c0       	rjmp	.+26     	; 0x2ef6 <loop+0x65e>
					learnIrCode(PROGRAM0_ADDRESS, &irmp_data, &irmp_program0);
					graPuts("Program 2 = ? ");
					irLearningMode = IR_LEARNING_PROGRAM1;
					break;
					case IR_LEARNING_PROGRAM1:
					learnIrCode(PROGRAM1_ADDRESS, &irmp_data, &irmp_program1);
    2edc:	6a e5       	ldi	r22, 0x5A	; 90
    2ede:	75 e0       	ldi	r23, 0x05	; 5
    2ee0:	80 91 94 01 	lds	r24, 0x0194	; 0x800194 <PROGRAM1_ADDRESS>
    2ee4:	90 91 95 01 	lds	r25, 0x0195	; 0x800195 <PROGRAM1_ADDRESS+0x1>
    2ee8:	0e 94 93 09 	call	0x1326	; 0x1326 <_ZL11learnIrCodePKvP9IRMP_DATAS2_.constprop.17>
					graPuts("Program 3 = ? ");
    2eec:	80 e0       	ldi	r24, 0x00	; 0
    2eee:	92 e0       	ldi	r25, 0x02	; 2
    2ef0:	0e 94 24 0a 	call	0x1448	; 0x1448 <_ZL7graPutsPKc>
					irLearningMode = IR_LEARNING_PROGRAM2;
    2ef4:	83 e0       	ldi	r24, 0x03	; 3
    2ef6:	80 93 79 05 	sts	0x0579, r24	; 0x800579 <_ZL14irLearningMode>
					break;
    2efa:	0c 94 af 27 	jmp	0x4f5e	; 0x4f5e <loop+0x26c6>
					case IR_LEARNING_PROGRAM2:
					learnIrCode(PROGRAM2_ADDRESS, &irmp_data, &irmp_program2);
    2efe:	60 e5       	ldi	r22, 0x50	; 80
    2f00:	75 e0       	ldi	r23, 0x05	; 5
    2f02:	80 91 8e 01 	lds	r24, 0x018E	; 0x80018e <PROGRAM2_ADDRESS>
    2f06:	90 91 8f 01 	lds	r25, 0x018F	; 0x80018f <PROGRAM2_ADDRESS+0x1>
    2f0a:	0e 94 93 09 	call	0x1326	; 0x1326 <_ZL11learnIrCodePKvP9IRMP_DATAS2_.constprop.17>
					graPuts("Program 4 = ? ");
    2f0e:	8f e0       	ldi	r24, 0x0F	; 15
    2f10:	92 e0       	ldi	r25, 0x02	; 2
    2f12:	0e 94 24 0a 	call	0x1448	; 0x1448 <_ZL7graPutsPKc>
					irLearningMode = IR_LEARNING_PROGRAM3;
    2f16:	84 e0       	ldi	r24, 0x04	; 4
    2f18:	ee cf       	rjmp	.-36     	; 0x2ef6 <loop+0x65e>
					break;
					case IR_LEARNING_PROGRAM3:
					learnIrCode(PROGRAM3_ADDRESS, &irmp_data, &irmp_program3);
    2f1a:	66 e4       	ldi	r22, 0x46	; 70
    2f1c:	75 e0       	ldi	r23, 0x05	; 5
    2f1e:	80 91 88 01 	lds	r24, 0x0188	; 0x800188 <PROGRAM3_ADDRESS>
    2f22:	90 91 89 01 	lds	r25, 0x0189	; 0x800189 <PROGRAM3_ADDRESS+0x1>
    2f26:	0e 94 93 09 	call	0x1326	; 0x1326 <_ZL11learnIrCodePKvP9IRMP_DATAS2_.constprop.17>
					graPuts("Program 5 = ? ");
    2f2a:	8e e1       	ldi	r24, 0x1E	; 30
    2f2c:	92 e0       	ldi	r25, 0x02	; 2
    2f2e:	0e 94 24 0a 	call	0x1448	; 0x1448 <_ZL7graPutsPKc>
					irLearningMode = IR_LEARNING_PROGRAM4;
    2f32:	85 e0       	ldi	r24, 0x05	; 5
    2f34:	e0 cf       	rjmp	.-64     	; 0x2ef6 <loop+0x65e>
					learnIrCode(PROGRAM4_ADDRESS, &irmp_data, &irmp_program4);
					graPuts("Program 6 = ? ");
					irLearningMode = IR_LEARNING_PROGRAM5;
					break;
					case IR_LEARNING_PROGRAM5:
					learnIrCode(PROGRAM5_ADDRESS, &irmp_data, &irmp_program5);
    2f36:	62 e3       	ldi	r22, 0x32	; 50
    2f38:	75 e0       	ldi	r23, 0x05	; 5
    2f3a:	80 91 7c 01 	lds	r24, 0x017C	; 0x80017c <PROGRAM5_ADDRESS>
    2f3e:	90 91 7d 01 	lds	r25, 0x017D	; 0x80017d <PROGRAM5_ADDRESS+0x1>
    2f42:	0e 94 93 09 	call	0x1326	; 0x1326 <_ZL11learnIrCodePKvP9IRMP_DATAS2_.constprop.17>
					graPuts("Program 7 = ? ");
    2f46:	8c e3       	ldi	r24, 0x3C	; 60
    2f48:	92 e0       	ldi	r25, 0x02	; 2
    2f4a:	0e 94 24 0a 	call	0x1448	; 0x1448 <_ZL7graPutsPKc>
					irLearningMode = IR_LEARNING_PROGRAM6;
    2f4e:	87 e0       	ldi	r24, 0x07	; 7
    2f50:	d2 cf       	rjmp	.-92     	; 0x2ef6 <loop+0x65e>
					break;
					case IR_LEARNING_PROGRAM6:
					learnIrCode(PROGRAM6_ADDRESS, &irmp_data, &irmp_program6);
    2f52:	68 e2       	ldi	r22, 0x28	; 40
    2f54:	75 e0       	ldi	r23, 0x05	; 5
    2f56:	80 91 76 01 	lds	r24, 0x0176	; 0x800176 <PROGRAM6_ADDRESS>
    2f5a:	90 91 77 01 	lds	r25, 0x0177	; 0x800177 <PROGRAM6_ADDRESS+0x1>
    2f5e:	0e 94 93 09 	call	0x1326	; 0x1326 <_ZL11learnIrCodePKvP9IRMP_DATAS2_.constprop.17>
					graPuts("Program 8 = ? ");
    2f62:	8b e4       	ldi	r24, 0x4B	; 75
    2f64:	92 e0       	ldi	r25, 0x02	; 2
    2f66:	0e 94 24 0a 	call	0x1448	; 0x1448 <_ZL7graPutsPKc>
					irLearningMode = IR_LEARNING_PROGRAM7;
    2f6a:	88 e0       	ldi	r24, 0x08	; 8
    2f6c:	c4 cf       	rjmp	.-120    	; 0x2ef6 <loop+0x65e>
					break;
					case IR_LEARNING_PROGRAM7:
					learnIrCode(PROGRAM7_ADDRESS, &irmp_data, &irmp_program7);
    2f6e:	6e e1       	ldi	r22, 0x1E	; 30
    2f70:	75 e0       	ldi	r23, 0x05	; 5
    2f72:	80 91 70 01 	lds	r24, 0x0170	; 0x800170 <PROGRAM7_ADDRESS>
    2f76:	90 91 71 01 	lds	r25, 0x0171	; 0x800171 <PROGRAM7_ADDRESS+0x1>
    2f7a:	0e 94 93 09 	call	0x1326	; 0x1326 <_ZL11learnIrCodePKvP9IRMP_DATAS2_.constprop.17>
					graPuts("Program 9 = ? ");
    2f7e:	8a e5       	ldi	r24, 0x5A	; 90
    2f80:	92 e0       	ldi	r25, 0x02	; 2
    2f82:	0e 94 24 0a 	call	0x1448	; 0x1448 <_ZL7graPutsPKc>
					irLearningMode = IR_LEARNING_PROGRAM8;
    2f86:	89 e0       	ldi	r24, 0x09	; 9
    2f88:	b6 cf       	rjmp	.-148    	; 0x2ef6 <loop+0x65e>
					learnIrCode(PROGRAM8_ADDRESS, &irmp_data, &irmp_program8);
					graPuts("Program 10 = ?");
					irLearningMode = IR_LEARNING_PROGRAM9;
					break;
					case IR_LEARNING_PROGRAM9:
					learnIrCode(PROGRAM9_ADDRESS, &irmp_data, &irmp_program9);
    2f8a:	6a e0       	ldi	r22, 0x0A	; 10
    2f8c:	75 e0       	ldi	r23, 0x05	; 5
    2f8e:	80 91 64 01 	lds	r24, 0x0164	; 0x800164 <PROGRAM9_ADDRESS>
    2f92:	90 91 65 01 	lds	r25, 0x0165	; 0x800165 <PROGRAM9_ADDRESS+0x1>
    2f96:	0e 94 93 09 	call	0x1326	; 0x1326 <_ZL11learnIrCodePKvP9IRMP_DATAS2_.constprop.17>
					graPuts("Program 11 = ? ");
    2f9a:	88 e7       	ldi	r24, 0x78	; 120
    2f9c:	92 e0       	ldi	r25, 0x02	; 2
    2f9e:	0e 94 24 0a 	call	0x1448	; 0x1448 <_ZL7graPutsPKc>
					irLearningMode = IR_LEARNING_PROGRAM10;
    2fa2:	8b e0       	ldi	r24, 0x0B	; 11
    2fa4:	a8 cf       	rjmp	.-176    	; 0x2ef6 <loop+0x65e>
					break;
					case IR_LEARNING_PROGRAM10:
					learnIrCode(PROGRAM10_ADDRESS, &irmp_data, &irmp_program10);
    2fa6:	60 e0       	ldi	r22, 0x00	; 0
    2fa8:	75 e0       	ldi	r23, 0x05	; 5
    2faa:	80 91 5e 01 	lds	r24, 0x015E	; 0x80015e <PROGRAM10_ADDRESS>
    2fae:	90 91 5f 01 	lds	r25, 0x015F	; 0x80015f <PROGRAM10_ADDRESS+0x1>
    2fb2:	0e 94 93 09 	call	0x1326	; 0x1326 <_ZL11learnIrCodePKvP9IRMP_DATAS2_.constprop.17>
					graPuts("Program 12 = ?");
    2fb6:	88 e8       	ldi	r24, 0x88	; 136
    2fb8:	92 e0       	ldi	r25, 0x02	; 2
    2fba:	0e 94 24 0a 	call	0x1448	; 0x1448 <_ZL7graPutsPKc>
					irLearningMode = IR_LEARNING_PROGRAM11;
    2fbe:	8c e0       	ldi	r24, 0x0C	; 12
    2fc0:	9a cf       	rjmp	.-204    	; 0x2ef6 <loop+0x65e>
					break;
					case IR_LEARNING_PROGRAM11:
					learnIrCode(PROGRAM11_ADDRESS, &irmp_data, &irmp_program11);
    2fc2:	66 ef       	ldi	r22, 0xF6	; 246
    2fc4:	74 e0       	ldi	r23, 0x04	; 4
    2fc6:	80 91 58 01 	lds	r24, 0x0158	; 0x800158 <PROGRAM11_ADDRESS>
    2fca:	90 91 59 01 	lds	r25, 0x0159	; 0x800159 <PROGRAM11_ADDRESS+0x1>
    2fce:	0e 94 93 09 	call	0x1326	; 0x1326 <_ZL11learnIrCodePKvP9IRMP_DATAS2_.constprop.17>
					graPuts("Program 13 = ?");
    2fd2:	87 e9       	ldi	r24, 0x97	; 151
    2fd4:	92 e0       	ldi	r25, 0x02	; 2
    2fd6:	0e 94 24 0a 	call	0x1448	; 0x1448 <_ZL7graPutsPKc>
					irLearningMode = IR_LEARNING_PROGRAM12;
    2fda:	8d e0       	ldi	r24, 0x0D	; 13
    2fdc:	8c cf       	rjmp	.-232    	; 0x2ef6 <loop+0x65e>
					break;
					case IR_LEARNING_PROGRAM12:
					learnIrCode(PROGRAM12_ADDRESS, &irmp_data, &irmp_program12);
    2fde:	6c ee       	ldi	r22, 0xEC	; 236
    2fe0:	74 e0       	ldi	r23, 0x04	; 4
    2fe2:	80 91 52 01 	lds	r24, 0x0152	; 0x800152 <PROGRAM12_ADDRESS>
    2fe6:	90 91 53 01 	lds	r25, 0x0153	; 0x800153 <PROGRAM12_ADDRESS+0x1>
    2fea:	0e 94 93 09 	call	0x1326	; 0x1326 <_ZL11learnIrCodePKvP9IRMP_DATAS2_.constprop.17>
					graPuts("Program 14 = ?");
    2fee:	86 ea       	ldi	r24, 0xA6	; 166
    2ff0:	92 e0       	ldi	r25, 0x02	; 2
    2ff2:	0e 94 24 0a 	call	0x1448	; 0x1448 <_ZL7graPutsPKc>
					irLearningMode = IR_LEARNING_PROGRAM13;
    2ff6:	8e e0       	ldi	r24, 0x0E	; 14
    2ff8:	7e cf       	rjmp	.-260    	; 0x2ef6 <loop+0x65e>
					break;
					case IR_LEARNING_PROGRAM13:
					learnIrCode(PROGRAM13_ADDRESS, &irmp_data, &irmp_program13);
    2ffa:	62 ee       	ldi	r22, 0xE2	; 226
    2ffc:	74 e0       	ldi	r23, 0x04	; 4
    2ffe:	80 91 4c 01 	lds	r24, 0x014C	; 0x80014c <PROGRAM13_ADDRESS>
    3002:	90 91 4d 01 	lds	r25, 0x014D	; 0x80014d <PROGRAM13_ADDRESS+0x1>
    3006:	0e 94 93 09 	call	0x1326	; 0x1326 <_ZL11learnIrCodePKvP9IRMP_DATAS2_.constprop.17>
					graPuts("Program 15 = ?");
    300a:	85 eb       	ldi	r24, 0xB5	; 181
    300c:	92 e0       	ldi	r25, 0x02	; 2
    300e:	0e 94 24 0a 	call	0x1448	; 0x1448 <_ZL7graPutsPKc>
					irLearningMode = IR_LEARNING_PROGRAM14;
    3012:	8f e0       	ldi	r24, 0x0F	; 15
    3014:	70 cf       	rjmp	.-288    	; 0x2ef6 <loop+0x65e>
					break;
					case IR_LEARNING_PROGRAM14:
					learnIrCode(PROGRAM14_ADDRESS, &irmp_data, &irmp_program14);
    3016:	68 ed       	ldi	r22, 0xD8	; 216
    3018:	74 e0       	ldi	r23, 0x04	; 4
    301a:	80 91 46 01 	lds	r24, 0x0146	; 0x800146 <PROGRAM14_ADDRESS>
    301e:	90 91 47 01 	lds	r25, 0x0147	; 0x800147 <PROGRAM14_ADDRESS+0x1>
    3022:	0e 94 93 09 	call	0x1326	; 0x1326 <_ZL11learnIrCodePKvP9IRMP_DATAS2_.constprop.17>
					graPuts("Program 16 = ?");
    3026:	84 ec       	ldi	r24, 0xC4	; 196
    3028:	92 e0       	ldi	r25, 0x02	; 2
    302a:	0e 94 24 0a 	call	0x1448	; 0x1448 <_ZL7graPutsPKc>
					irLearningMode = IR_LEARNING_PROGRAM15;
    302e:	80 e1       	ldi	r24, 0x10	; 16
    3030:	62 cf       	rjmp	.-316    	; 0x2ef6 <loop+0x65e>
					learnIrCode(PROGRAM15_ADDRESS, &irmp_data, &irmp_program15);
					graPuts("Program 17 = ?");
					irLearningMode = IR_LEARNING_PROGRAM16;
					break;
					case IR_LEARNING_PROGRAM16:
					learnIrCode(PROGRAM16_ADDRESS, &irmp_data, &irmp_program16);
    3032:	64 ec       	ldi	r22, 0xC4	; 196
    3034:	74 e0       	ldi	r23, 0x04	; 4
    3036:	80 91 3a 01 	lds	r24, 0x013A	; 0x80013a <PROGRAM16_ADDRESS>
    303a:	90 91 3b 01 	lds	r25, 0x013B	; 0x80013b <PROGRAM16_ADDRESS+0x1>
    303e:	0e 94 93 09 	call	0x1326	; 0x1326 <_ZL11learnIrCodePKvP9IRMP_DATAS2_.constprop.17>
					graPuts("Program 18 = ?");
    3042:	82 ee       	ldi	r24, 0xE2	; 226
    3044:	92 e0       	ldi	r25, 0x02	; 2
    3046:	0e 94 24 0a 	call	0x1448	; 0x1448 <_ZL7graPutsPKc>
					irLearningMode = IR_LEARNING_PROGRAM17;
    304a:	82 e1       	ldi	r24, 0x12	; 18
    304c:	54 cf       	rjmp	.-344    	; 0x2ef6 <loop+0x65e>
					break;
					case IR_LEARNING_PROGRAM17:
					learnIrCode(PROGRAM17_ADDRESS, &irmp_data, &irmp_program17);
    304e:	6a eb       	ldi	r22, 0xBA	; 186
    3050:	74 e0       	ldi	r23, 0x04	; 4
    3052:	80 91 34 01 	lds	r24, 0x0134	; 0x800134 <PROGRAM17_ADDRESS>
    3056:	90 91 35 01 	lds	r25, 0x0135	; 0x800135 <PROGRAM17_ADDRESS+0x1>
    305a:	0e 94 93 09 	call	0x1326	; 0x1326 <_ZL11learnIrCodePKvP9IRMP_DATAS2_.constprop.17>
					graPuts("Program 19 = ?");
    305e:	81 ef       	ldi	r24, 0xF1	; 241
    3060:	92 e0       	ldi	r25, 0x02	; 2
    3062:	0e 94 24 0a 	call	0x1448	; 0x1448 <_ZL7graPutsPKc>
					irLearningMode = IR_LEARNING_PROGRAM18;
    3066:	83 e1       	ldi	r24, 0x13	; 19
    3068:	46 cf       	rjmp	.-372    	; 0x2ef6 <loop+0x65e>
					break;
					case IR_LEARNING_PROGRAM18:
					learnIrCode(PROGRAM18_ADDRESS, &irmp_data, &irmp_program18);
    306a:	60 eb       	ldi	r22, 0xB0	; 176
    306c:	74 e0       	ldi	r23, 0x04	; 4
    306e:	80 91 2e 01 	lds	r24, 0x012E	; 0x80012e <PROGRAM18_ADDRESS>
    3072:	90 91 2f 01 	lds	r25, 0x012F	; 0x80012f <PROGRAM18_ADDRESS+0x1>
    3076:	0e 94 93 09 	call	0x1326	; 0x1326 <_ZL11learnIrCodePKvP9IRMP_DATAS2_.constprop.17>
					graPuts("Program 20 = ?");
    307a:	80 e0       	ldi	r24, 0x00	; 0
    307c:	93 e0       	ldi	r25, 0x03	; 3
    307e:	0e 94 24 0a 	call	0x1448	; 0x1448 <_ZL7graPutsPKc>
					irLearningMode = IR_LEARNING_PROGRAM19;
    3082:	84 e1       	ldi	r24, 0x14	; 20
    3084:	38 cf       	rjmp	.-400    	; 0x2ef6 <loop+0x65e>
					speOn(SPE_ARROW_DOWN);
					graPuts("Tuning = ?    ");
					irLearningMode = IR_LEARNING_R;
					break;
					case IR_LEARNING_R:
					learnIrCode(R_ADDRESS, &irmp_data, &irmp_r);
    3086:	6c e9       	ldi	r22, 0x9C	; 156
    3088:	74 e0       	ldi	r23, 0x04	; 4
    308a:	80 91 22 01 	lds	r24, 0x0122	; 0x800122 <R_ADDRESS>
    308e:	90 91 23 01 	lds	r25, 0x0123	; 0x800123 <R_ADDRESS+0x1>
    3092:	0e 94 93 09 	call	0x1326	; 0x1326 <_ZL11learnIrCodePKvP9IRMP_DATAS2_.constprop.17>
					speOff(SPE_ARROW_DOWN);
    3096:	87 e0       	ldi	r24, 0x07	; 7
    3098:	0e 94 bf 0a 	call	0x157e	; 0x157e <_ZL6speOffc>
					speOn(SPE_ARROW_UP);
    309c:	86 e0       	ldi	r24, 0x06	; 6
    309e:	0e 94 8a 0a 	call	0x1514	; 0x1514 <_ZL5speOnc>
					graPuts("Tuning = ?    ");
    30a2:	8f e0       	ldi	r24, 0x0F	; 15
    30a4:	93 e0       	ldi	r25, 0x03	; 3
    30a6:	0e 94 24 0a 	call	0x1448	; 0x1448 <_ZL7graPutsPKc>
					irLearningMode = IR_LEARNING_F;
    30aa:	80 e7       	ldi	r24, 0x70	; 112
    30ac:	24 cf       	rjmp	.-440    	; 0x2ef6 <loop+0x65e>
					break;
					case IR_LEARNING_F:
					learnIrCode(F_ADDRESS, &irmp_data, &irmp_f);
    30ae:	66 e9       	ldi	r22, 0x96	; 150
    30b0:	74 e0       	ldi	r23, 0x04	; 4
    30b2:	80 91 20 01 	lds	r24, 0x0120	; 0x800120 <F_ADDRESS>
    30b6:	90 91 21 01 	lds	r25, 0x0121	; 0x800121 <F_ADDRESS+0x1>
    30ba:	0e 94 93 09 	call	0x1326	; 0x1326 <_ZL11learnIrCodePKvP9IRMP_DATAS2_.constprop.17>
					speOff(SPE_ARROW_UP);
    30be:	86 e0       	ldi	r24, 0x06	; 6
    30c0:	0e 94 bf 0a 	call	0x157e	; 0x157e <_ZL6speOffc>
					graPuts("Mute = ?      ");
    30c4:	8e e1       	ldi	r24, 0x1E	; 30
    30c6:	93 e0       	ldi	r25, 0x03	; 3
    30c8:	0e 94 24 0a 	call	0x1448	; 0x1448 <_ZL7graPutsPKc>
					irLearningMode = IR_LEARNING_MUTE;
    30cc:	81 e7       	ldi	r24, 0x71	; 113
    30ce:	13 cf       	rjmp	.-474    	; 0x2ef6 <loop+0x65e>
					break;
					case IR_LEARNING_MUTE:
					learnIrCode(MUTE_ADDRESS, &irmp_data, &irmp_mute);
    30d0:	60 e9       	ldi	r22, 0x90	; 144
    30d2:	74 e0       	ldi	r23, 0x04	; 4
    30d4:	80 91 1e 01 	lds	r24, 0x011E	; 0x80011e <MUTE_ADDRESS>
    30d8:	90 91 1f 01 	lds	r25, 0x011F	; 0x80011f <MUTE_ADDRESS+0x1>
    30dc:	0e 94 93 09 	call	0x1326	; 0x1326 <_ZL11learnIrCodePKvP9IRMP_DATAS2_.constprop.17>
					graPuts("Standby = ?   ");
    30e0:	8d e2       	ldi	r24, 0x2D	; 45
    30e2:	93 e0       	ldi	r25, 0x03	; 3
    30e4:	0e 94 24 0a 	call	0x1448	; 0x1448 <_ZL7graPutsPKc>
					irLearningMode = IR_LEARNING_STANDBY;
    30e8:	82 e7       	ldi	r24, 0x72	; 114
    30ea:	05 cf       	rjmp	.-502    	; 0x2ef6 <loop+0x65e>
					break;
					case IR_LEARNING_STANDBY:
					learnIrCode(STANDBY_ADDRESS, &irmp_data, &irmp_standby);
    30ec:	6a e8       	ldi	r22, 0x8A	; 138
    30ee:	74 e0       	ldi	r23, 0x04	; 4
    30f0:	80 91 1c 01 	lds	r24, 0x011C	; 0x80011c <STANDBY_ADDRESS>
    30f4:	90 91 1d 01 	lds	r25, 0x011D	; 0x80011d <STANDBY_ADDRESS+0x1>
    30f8:	0e 94 93 09 	call	0x1326	; 0x1326 <_ZL11learnIrCodePKvP9IRMP_DATAS2_.constprop.17>
					graPuts("Band/input = ?");
    30fc:	8c e3       	ldi	r24, 0x3C	; 60
    30fe:	93 e0       	ldi	r25, 0x03	; 3
    3100:	0e 94 24 0a 	call	0x1448	; 0x1448 <_ZL7graPutsPKc>
					irLearningMode = IR_LEARNING_BAND;
    3104:	83 e7       	ldi	r24, 0x73	; 115
    3106:	f7 ce       	rjmp	.-530    	; 0x2ef6 <loop+0x65e>
					speOn(SPE_ARROW_DOWN);
					graPuts("Volume = ?    ");
					irLearningMode = IR_LEARNING_VOLUMEDOWN;
					break;
					case IR_LEARNING_VOLUMEDOWN:
					learnIrCode(VOLUMEDOWN_ADDRESS, &irmp_data, &irmp_volumedown);
    3108:	62 e7       	ldi	r22, 0x72	; 114
    310a:	74 e0       	ldi	r23, 0x04	; 4
    310c:	80 91 12 01 	lds	r24, 0x0112	; 0x800112 <VOLUMEDOWN_ADDRESS>
    3110:	90 91 13 01 	lds	r25, 0x0113	; 0x800113 <VOLUMEDOWN_ADDRESS+0x1>
    3114:	0e 94 93 09 	call	0x1326	; 0x1326 <_ZL11learnIrCodePKvP9IRMP_DATAS2_.constprop.17>
					speOff(SPE_ARROW_DOWN);
    3118:	87 e0       	ldi	r24, 0x07	; 7
    311a:	0e 94 bf 0a 	call	0x157e	; 0x157e <_ZL6speOffc>
					speOn(SPE_ARROW_UP);
    311e:	86 e0       	ldi	r24, 0x06	; 6
    3120:	0e 94 8a 0a 	call	0x1514	; 0x1514 <_ZL5speOnc>
					graPuts("Volume = ?    ");
    3124:	8b e4       	ldi	r24, 0x4B	; 75
    3126:	93 e0       	ldi	r25, 0x03	; 3
    3128:	0e 94 24 0a 	call	0x1448	; 0x1448 <_ZL7graPutsPKc>
					irLearningMode = IR_LEARNING_VOLUMEUP;
    312c:	87 e7       	ldi	r24, 0x77	; 119
    312e:	e3 ce       	rjmp	.-570    	; 0x2ef6 <loop+0x65e>
					speOn(SPE_ARROW_DOWN);
					graPuts("Bass = ?      ");
					irLearningMode = IR_LEARNING_BASSDOWN;
					break;
					case IR_LEARNING_BASSDOWN:
					learnIrCode(BASSDOWN_ADDRESS, &irmp_data, &irmp_bassdown);
    3130:	66 e6       	ldi	r22, 0x66	; 102
    3132:	74 e0       	ldi	r23, 0x04	; 4
    3134:	80 91 0e 01 	lds	r24, 0x010E	; 0x80010e <BASSDOWN_ADDRESS>
    3138:	90 91 0f 01 	lds	r25, 0x010F	; 0x80010f <BASSDOWN_ADDRESS+0x1>
    313c:	0e 94 93 09 	call	0x1326	; 0x1326 <_ZL11learnIrCodePKvP9IRMP_DATAS2_.constprop.17>
					speOff(SPE_ARROW_DOWN);
    3140:	87 e0       	ldi	r24, 0x07	; 7
    3142:	0e 94 bf 0a 	call	0x157e	; 0x157e <_ZL6speOffc>
					speOn(SPE_ARROW_UP);
    3146:	86 e0       	ldi	r24, 0x06	; 6
    3148:	0e 94 8a 0a 	call	0x1514	; 0x1514 <_ZL5speOnc>
					graPuts("Bass = ?      ");
    314c:	8a e5       	ldi	r24, 0x5A	; 90
    314e:	93 e0       	ldi	r25, 0x03	; 3
    3150:	0e 94 24 0a 	call	0x1448	; 0x1448 <_ZL7graPutsPKc>
					irLearningMode = IR_LEARNING_BASSUP;
    3154:	89 e7       	ldi	r24, 0x79	; 121
    3156:	cf ce       	rjmp	.-610    	; 0x2ef6 <loop+0x65e>
					break;
					case IR_LEARNING_BASSUP:
					learnIrCode(BASSUP_ADDRESS, &irmp_data, &irmp_bassup);
    3158:	60 e6       	ldi	r22, 0x60	; 96
    315a:	74 e0       	ldi	r23, 0x04	; 4
    315c:	80 91 0c 01 	lds	r24, 0x010C	; 0x80010c <BASSUP_ADDRESS>
    3160:	90 91 0d 01 	lds	r25, 0x010D	; 0x80010d <BASSUP_ADDRESS+0x1>
    3164:	0e 94 93 09 	call	0x1326	; 0x1326 <_ZL11learnIrCodePKvP9IRMP_DATAS2_.constprop.17>
					speOn(SPE_ARROW_DOWN);
    3168:	87 e0       	ldi	r24, 0x07	; 7
    316a:	0e 94 8a 0a 	call	0x1514	; 0x1514 <_ZL5speOnc>
					speOff(SPE_ARROW_UP);
    316e:	86 e0       	ldi	r24, 0x06	; 6
    3170:	0e 94 bf 0a 	call	0x157e	; 0x157e <_ZL6speOffc>
					graPuts("Treble = ?    ");
    3174:	89 e6       	ldi	r24, 0x69	; 105
    3176:	93 e0       	ldi	r25, 0x03	; 3
    3178:	0e 94 24 0a 	call	0x1448	; 0x1448 <_ZL7graPutsPKc>
					irLearningMode = IR_LEARNING_TREBLEDOWN;
    317c:	8a e7       	ldi	r24, 0x7A	; 122
    317e:	bb ce       	rjmp	.-650    	; 0x2ef6 <loop+0x65e>
					break;
					case IR_LEARNING_TREBLEDOWN:
					learnIrCode(TREBLEDOWN_ADDRESS, &irmp_data, &irmp_trebledown);
    3180:	6a e5       	ldi	r22, 0x5A	; 90
    3182:	74 e0       	ldi	r23, 0x04	; 4
    3184:	80 91 0a 01 	lds	r24, 0x010A	; 0x80010a <TREBLEDOWN_ADDRESS>
    3188:	90 91 0b 01 	lds	r25, 0x010B	; 0x80010b <TREBLEDOWN_ADDRESS+0x1>
    318c:	0e 94 93 09 	call	0x1326	; 0x1326 <_ZL11learnIrCodePKvP9IRMP_DATAS2_.constprop.17>
					speOn(SPE_ARROW_UP);
    3190:	86 e0       	ldi	r24, 0x06	; 6
    3192:	0e 94 8a 0a 	call	0x1514	; 0x1514 <_ZL5speOnc>
					speOff(SPE_ARROW_DOWN);
    3196:	87 e0       	ldi	r24, 0x07	; 7
    3198:	0e 94 bf 0a 	call	0x157e	; 0x157e <_ZL6speOffc>
					graPuts("Treble = ?    ");
    319c:	89 e6       	ldi	r24, 0x69	; 105
    319e:	93 e0       	ldi	r25, 0x03	; 3
    31a0:	0e 94 24 0a 	call	0x1448	; 0x1448 <_ZL7graPutsPKc>
					irLearningMode = IR_LEARNING_TREBLEUP;
    31a4:	8b e7       	ldi	r24, 0x7B	; 123
    31a6:	a7 ce       	rjmp	.-690    	; 0x2ef6 <loop+0x65e>
					break;
					case IR_LEARNING_TREBLEUP:
					learnIrCode(TREBLEUP_ADDRESS, &irmp_data, &irmp_trebleup);
    31a8:	64 e5       	ldi	r22, 0x54	; 84
    31aa:	74 e0       	ldi	r23, 0x04	; 4
    31ac:	80 91 08 01 	lds	r24, 0x0108	; 0x800108 <TREBLEUP_ADDRESS>
    31b0:	90 91 09 01 	lds	r25, 0x0109	; 0x800109 <TREBLEUP_ADDRESS+0x1>
    31b4:	0e 94 93 09 	call	0x1326	; 0x1326 <_ZL11learnIrCodePKvP9IRMP_DATAS2_.constprop.17>
					speOff(SPE_ARROW_UP);
    31b8:	86 e0       	ldi	r24, 0x06	; 6
    31ba:	0e 94 bf 0a 	call	0x157e	; 0x157e <_ZL6speOffc>
					graPuts("Mono/st. = ?  ");
    31be:	88 e7       	ldi	r24, 0x78	; 120
    31c0:	93 e0       	ldi	r25, 0x03	; 3
    31c2:	0e 94 24 0a 	call	0x1448	; 0x1448 <_ZL7graPutsPKc>
					irLearningMode = IR_LEARNING_MONOSTEREO;
    31c6:	85 e7       	ldi	r24, 0x75	; 117
    31c8:	96 ce       	rjmp	.-724    	; 0x2ef6 <loop+0x65e>
					break;
					case IR_LEARNING_MONOSTEREO:
					learnIrCode(MONOSTEREO_ADDRESS, &irmp_data, &irmp_monostereo);
    31ca:	68 e7       	ldi	r22, 0x78	; 120
    31cc:	74 e0       	ldi	r23, 0x04	; 4
    31ce:	80 91 16 01 	lds	r24, 0x0116	; 0x800116 <MONOSTEREO_ADDRESS>
    31d2:	90 91 17 01 	lds	r25, 0x0117	; 0x800117 <MONOSTEREO_ADDRESS+0x1>
    31d6:	0e 94 93 09 	call	0x1326	; 0x1326 <_ZL11learnIrCodePKvP9IRMP_DATAS2_.constprop.17>
					graPuts("Display = ?   ");
    31da:	87 e8       	ldi	r24, 0x87	; 135
    31dc:	93 e0       	ldi	r25, 0x03	; 3
    31de:	0e 94 24 0a 	call	0x1448	; 0x1448 <_ZL7graPutsPKc>
					irLearningMode = IR_LEARNING_DISPLAY;
    31e2:	8c e7       	ldi	r24, 0x7C	; 124
    31e4:	88 ce       	rjmp	.-752    	; 0x2ef6 <loop+0x65e>
					learnIrCode(DISPLAY_ADDRESS, &irmp_data, &irmp_display);
					graPuts("Program = ?   ");
					irLearningMode = IR_LEARNING_PROGRAM;
					break;
					case IR_LEARNING_PROGRAM:
					learnIrCode(PROGRAM_ADDRESS, &irmp_data, &irmp_program);
    31e6:	6e e7       	ldi	r22, 0x7E	; 126
    31e8:	74 e0       	ldi	r23, 0x04	; 4
    31ea:	80 91 18 01 	lds	r24, 0x0118	; 0x800118 <PROGRAM_ADDRESS>
    31ee:	90 91 19 01 	lds	r25, 0x0119	; 0x800119 <PROGRAM_ADDRESS+0x1>
    31f2:	0e 94 93 09 	call	0x1326	; 0x1326 <_ZL11learnIrCodePKvP9IRMP_DATAS2_.constprop.17>
    31f6:	be c7       	rjmp	.+3964   	; 0x4174 <loop+0x18dc>
					exitSpecialMode();
					break;
				}
			}
		}
		else if (specialMode == SPECIAL_MODE_PROGRAM)
    31f8:	82 30       	cpi	r24, 0x02	; 2
    31fa:	a9 f4       	brne	.+42     	; 0x3226 <loop+0x98e>
		{
			if (!wasRepetition && (getMode() == MODE_RADIO_FM || getMode() == MODE_RADIO_AM) && getMode() != MODE_STANDBY)
    31fc:	11 11       	cpse	r17, r1
    31fe:	0c 94 af 27 	jmp	0x4f5e	; 0x4f5e <loop+0x26c6>
    3202:	0e 94 de 08 	call	0x11bc	; 0x11bc <_ZL7getModev>
    3206:	81 11       	cpse	r24, r1
    3208:	07 c0       	rjmp	.+14     	; 0x3218 <loop+0x980>
    320a:	0e 94 de 08 	call	0x11bc	; 0x11bc <_ZL7getModev>
    320e:	83 30       	cpi	r24, 0x03	; 3
    3210:	09 f0       	breq	.+2      	; 0x3214 <loop+0x97c>
    3212:	6a c2       	rjmp	.+1236   	; 0x36e8 <loop+0xe50>
    3214:	0c 94 af 27 	jmp	0x4f5e	; 0x4f5e <loop+0x26c6>
    3218:	0e 94 de 08 	call	0x11bc	; 0x11bc <_ZL7getModev>
    321c:	81 30       	cpi	r24, 0x01	; 1
    321e:	11 f0       	breq	.+4      	; 0x3224 <loop+0x98c>
    3220:	0c 94 af 27 	jmp	0x4f5e	; 0x4f5e <loop+0x26c6>
    3224:	f2 cf       	rjmp	.-28     	; 0x320a <loop+0x972>
		}
		else
		{
			// compare trained code with received code
			// below we compare sizeof - 1 because we want to exclude 'flags' property (it indicates repetition)
			if ((((getMode() == MODE_STANDBY || getMode() == MODE_RADIO_FM) && freqProgram0fm >= MIN_FREQ_MHZ && freqProgram0fm <= MAX_FREQ_MHZ)
    3226:	0e 94 de 08 	call	0x11bc	; 0x11bc <_ZL7getModev>
					|| (getMode() == MODE_RADIO_AM && freqProgram0am >= MIN_FREQ_KHZ && freqProgram0am <= MAX_FREQ_KHZ))
				&& memcmp(&irmp_data, &irmp_program0, sizeof(irmp_data) - 1) == 0
				&& !wasRepetition
				&& specialMode == 0)
    322a:	83 30       	cpi	r24, 0x03	; 3
    322c:	51 f4       	brne	.+20     	; 0x3242 <loop+0x9aa>
		}
		else
		{
			// compare trained code with received code
			// below we compare sizeof - 1 because we want to exclude 'flags' property (it indicates repetition)
			if ((((getMode() == MODE_STANDBY || getMode() == MODE_RADIO_FM) && freqProgram0fm >= MIN_FREQ_MHZ && freqProgram0fm <= MAX_FREQ_MHZ)
    322e:	80 91 60 05 	lds	r24, 0x0560	; 0x800560 <_ZL14freqProgram0fm>
    3232:	90 91 61 05 	lds	r25, 0x0561	; 0x800561 <_ZL14freqProgram0fm+0x1>
    3236:	8e 52       	subi	r24, 0x2E	; 46
    3238:	92 42       	sbci	r25, 0x22	; 34
    323a:	83 30       	cpi	r24, 0x03	; 3
    323c:	98 40       	sbci	r25, 0x08	; 8
    323e:	a0 f0       	brcs	.+40     	; 0x3268 <loop+0x9d0>
    3240:	04 c0       	rjmp	.+8      	; 0x324a <loop+0x9b2>
    3242:	0e 94 de 08 	call	0x11bc	; 0x11bc <_ZL7getModev>
    3246:	88 23       	and	r24, r24
    3248:	91 f3       	breq	.-28     	; 0x322e <loop+0x996>
					|| (getMode() == MODE_RADIO_AM && freqProgram0am >= MIN_FREQ_KHZ && freqProgram0am <= MAX_FREQ_KHZ))
    324a:	0e 94 de 08 	call	0x11bc	; 0x11bc <_ZL7getModev>
    324e:	81 30       	cpi	r24, 0x01	; 1
    3250:	09 f0       	breq	.+2      	; 0x3254 <loop+0x9bc>
    3252:	93 c7       	rjmp	.+3878   	; 0x417a <loop+0x18e2>
    3254:	80 91 62 05 	lds	r24, 0x0562	; 0x800562 <_ZL14freqProgram0am>
    3258:	90 91 63 05 	lds	r25, 0x0563	; 0x800563 <_ZL14freqProgram0am+0x1>
    325c:	83 51       	subi	r24, 0x13	; 19
    325e:	92 40       	sbci	r25, 0x02	; 2
    3260:	83 39       	cpi	r24, 0x93	; 147
    3262:	94 40       	sbci	r25, 0x04	; 4
    3264:	08 f0       	brcs	.+2      	; 0x3268 <loop+0x9d0>
    3266:	89 c7       	rjmp	.+3858   	; 0x417a <loop+0x18e2>
				&& memcmp(&irmp_data, &irmp_program0, sizeof(irmp_data) - 1) == 0
    3268:	45 e0       	ldi	r20, 0x05	; 5
    326a:	50 e0       	ldi	r21, 0x00	; 0
    326c:	64 e6       	ldi	r22, 0x64	; 100
    326e:	75 e0       	ldi	r23, 0x05	; 5
    3270:	8b e7       	ldi	r24, 0x7B	; 123
    3272:	95 e0       	ldi	r25, 0x05	; 5
    3274:	0e 94 f6 38 	call	0x71ec	; 0x71ec <memcmp>
    3278:	89 2b       	or	r24, r25
    327a:	09 f0       	breq	.+2      	; 0x327e <loop+0x9e6>
    327c:	7e c7       	rjmp	.+3836   	; 0x417a <loop+0x18e2>
				&& !wasRepetition
    327e:	11 11       	cpse	r17, r1
    3280:	7c c7       	rjmp	.+3832   	; 0x417a <loop+0x18e2>
				&& specialMode == 0)
    3282:	80 91 7a 05 	lds	r24, 0x057A	; 0x80057a <_ZL11specialMode>
    3286:	81 11       	cpse	r24, r1
    3288:	78 c7       	rjmp	.+3824   	; 0x417a <loop+0x18e2>
			{
				switchToSavedFrequency(freqProgram0fm, freqProgram0am);
    328a:	60 91 62 05 	lds	r22, 0x0562	; 0x800562 <_ZL14freqProgram0am>
    328e:	70 91 63 05 	lds	r23, 0x0563	; 0x800563 <_ZL14freqProgram0am+0x1>
    3292:	80 91 60 05 	lds	r24, 0x0560	; 0x800560 <_ZL14freqProgram0fm>
    3296:	90 91 61 05 	lds	r25, 0x0561	; 0x800561 <_ZL14freqProgram0fm+0x1>
    329a:	0c 94 0a 25 	jmp	0x4a14	; 0x4a14 <loop+0x217c>
			numPutc(itoa(hours % 10, str, 10)[0], 2);
		}
		
		if (dayInWeek != dtDayInWeek)
		{
			dtDayInWeek = dayInWeek;
    329e:	90 93 a6 01 	sts	0x01A6, r25	; 0x8001a6 <_ZL11dtDayInWeek+0x1>
    32a2:	80 93 a5 01 	sts	0x01A5, r24	; 0x8001a5 <_ZL11dtDayInWeek>
			
			if (specialMode == 0)
    32a6:	20 91 7a 05 	lds	r18, 0x057A	; 0x80057a <_ZL11specialMode>
    32aa:	21 11       	cpse	r18, r1
    32ac:	2f cc       	rjmp	.-1954   	; 0x2b0c <loop+0x274>
			{
				graPutc(dayNames[dayInWeek - 1][0], 0);
    32ae:	88 0f       	add	r24, r24
    32b0:	99 1f       	adc	r25, r25
    32b2:	fc 01       	movw	r30, r24
    32b4:	ec 50       	subi	r30, 0x0C	; 12
    32b6:	fc 4f       	sbci	r31, 0xFC	; 252
    32b8:	e0 80       	ld	r14, Z
    32ba:	f1 80       	ldd	r15, Z+1	; 0x01
    32bc:	60 e0       	ldi	r22, 0x00	; 0
    32be:	d7 01       	movw	r26, r14
    32c0:	8c 91       	ld	r24, X
    32c2:	0e 94 c6 13 	call	0x278c	; 0x278c <_ZL7graPutcch>
				graPutc(dayNames[dayInWeek - 1][1], 1);
    32c6:	61 e0       	ldi	r22, 0x01	; 1
    32c8:	f7 01       	movw	r30, r14
    32ca:	81 81       	ldd	r24, Z+1	; 0x01
    32cc:	0e 94 c6 13 	call	0x278c	; 0x278c <_ZL7graPutcch>
				graPutc(dayNames[dayInWeek - 1][2], 2);
    32d0:	62 e0       	ldi	r22, 0x02	; 2
    32d2:	d7 01       	movw	r26, r14
    32d4:	12 96       	adiw	r26, 0x02	; 2
    32d6:	8c 91       	ld	r24, X
    32d8:	0e 94 c6 13 	call	0x278c	; 0x278c <_ZL7graPutcch>
    32dc:	17 cc       	rjmp	.-2002   	; 0x2b0c <loop+0x274>
			}
		}
		
		if (dayInMonth != dtDayInMonth)
		{
			dtDayInMonth = dayInMonth;
    32de:	90 93 a8 01 	sts	0x01A8, r25	; 0x8001a8 <_ZL12dtDayInMonth+0x1>
    32e2:	80 93 a7 01 	sts	0x01A7, r24	; 0x8001a7 <_ZL12dtDayInMonth>
			
			if (specialMode == 0)
    32e6:	80 91 7a 05 	lds	r24, 0x057A	; 0x80057a <_ZL11specialMode>
    32ea:	81 11       	cpse	r24, r1
    32ec:	19 cc       	rjmp	.-1998   	; 0x2b20 <loop+0x288>
    32ee:	8d 2d       	mov	r24, r13
    32f0:	6a e0       	ldi	r22, 0x0A	; 10
    32f2:	0e 94 77 38 	call	0x70ee	; 0x70ee <__udivmodqi4>
    32f6:	f9 2e       	mov	r15, r25
    32f8:	4a e0       	ldi	r20, 0x0A	; 10
    32fa:	be 01       	movw	r22, r28
    32fc:	61 5f       	subi	r22, 0xF1	; 241
    32fe:	7f 4f       	sbci	r23, 0xFF	; 255
    3300:	90 e0       	ldi	r25, 0x00	; 0
    3302:	0e 94 03 39 	call	0x7206	; 0x7206 <__itoa_ncheck>
			{
				graPutc(itoa(dayInMonth / 10, str, 10)[0], 4);
    3306:	64 e0       	ldi	r22, 0x04	; 4
    3308:	fc 01       	movw	r30, r24
    330a:	80 81       	ld	r24, Z
    330c:	0e 94 c6 13 	call	0x278c	; 0x278c <_ZL7graPutcch>
    3310:	4a e0       	ldi	r20, 0x0A	; 10
    3312:	be 01       	movw	r22, r28
    3314:	61 5f       	subi	r22, 0xF1	; 241
    3316:	7f 4f       	sbci	r23, 0xFF	; 255
    3318:	8f 2d       	mov	r24, r15
    331a:	90 e0       	ldi	r25, 0x00	; 0
    331c:	0e 94 03 39 	call	0x7206	; 0x7206 <__itoa_ncheck>
				graPutc(itoa(dayInMonth % 10, str, 10)[0], 5);
    3320:	65 e0       	ldi	r22, 0x05	; 5
    3322:	dc 01       	movw	r26, r24
    3324:	8c 91       	ld	r24, X
    3326:	0e 94 c6 13 	call	0x278c	; 0x278c <_ZL7graPutcch>
    332a:	fa cb       	rjmp	.-2060   	; 0x2b20 <loop+0x288>
			}
		}
		
		if (month != dtMonth)
		{
			dtMonth = month;
    332c:	90 93 a4 01 	sts	0x01A4, r25	; 0x8001a4 <_ZL7dtMonth+0x1>
    3330:	80 93 a3 01 	sts	0x01A3, r24	; 0x8001a3 <_ZL7dtMonth>
			if (specialMode == 0)
    3334:	80 91 7a 05 	lds	r24, 0x057A	; 0x80057a <_ZL11specialMode>
    3338:	81 11       	cpse	r24, r1
    333a:	fc cb       	rjmp	.-2056   	; 0x2b34 <loop+0x29c>
    333c:	81 2f       	mov	r24, r17
    333e:	6a e0       	ldi	r22, 0x0A	; 10
    3340:	0e 94 77 38 	call	0x70ee	; 0x70ee <__udivmodqi4>
    3344:	19 2f       	mov	r17, r25
    3346:	4a e0       	ldi	r20, 0x0A	; 10
    3348:	be 01       	movw	r22, r28
    334a:	61 5f       	subi	r22, 0xF1	; 241
    334c:	7f 4f       	sbci	r23, 0xFF	; 255
    334e:	90 e0       	ldi	r25, 0x00	; 0
    3350:	0e 94 03 39 	call	0x7206	; 0x7206 <__itoa_ncheck>
			{
				graPutc(itoa(month / 10, str, 10)[0], 7);
    3354:	67 e0       	ldi	r22, 0x07	; 7
    3356:	fc 01       	movw	r30, r24
    3358:	80 81       	ld	r24, Z
    335a:	0e 94 c6 13 	call	0x278c	; 0x278c <_ZL7graPutcch>
    335e:	4a e0       	ldi	r20, 0x0A	; 10
    3360:	be 01       	movw	r22, r28
    3362:	61 5f       	subi	r22, 0xF1	; 241
    3364:	7f 4f       	sbci	r23, 0xFF	; 255
    3366:	81 2f       	mov	r24, r17
    3368:	90 e0       	ldi	r25, 0x00	; 0
    336a:	0e 94 03 39 	call	0x7206	; 0x7206 <__itoa_ncheck>
				graPutc(itoa(month % 10, str, 10)[0], 8);
    336e:	68 e0       	ldi	r22, 0x08	; 8
    3370:	dc 01       	movw	r26, r24
    3372:	8c 91       	ld	r24, X
    3374:	0e 94 c6 13 	call	0x278c	; 0x278c <_ZL7graPutcch>
    3378:	dd cb       	rjmp	.-2118   	; 0x2b34 <loop+0x29c>
			}
		}
		
		if (year != dtYear)
		{
			dtYear = year;
    337a:	90 93 a2 01 	sts	0x01A2, r25	; 0x8001a2 <_ZL6dtYear+0x1>
    337e:	80 93 a1 01 	sts	0x01A1, r24	; 0x8001a1 <_ZL6dtYear>
			if (specialMode == 0)
    3382:	80 91 7a 05 	lds	r24, 0x057A	; 0x80057a <_ZL11specialMode>
    3386:	81 11       	cpse	r24, r1
    3388:	df cb       	rjmp	.-2114   	; 0x2b48 <loop+0x2b0>
    338a:	80 2f       	mov	r24, r16
    338c:	6a e0       	ldi	r22, 0x0A	; 10
    338e:	0e 94 77 38 	call	0x70ee	; 0x70ee <__udivmodqi4>
    3392:	19 2f       	mov	r17, r25
    3394:	4a e0       	ldi	r20, 0x0A	; 10
    3396:	be 01       	movw	r22, r28
    3398:	61 5f       	subi	r22, 0xF1	; 241
    339a:	7f 4f       	sbci	r23, 0xFF	; 255
    339c:	90 e0       	ldi	r25, 0x00	; 0
    339e:	0e 94 03 39 	call	0x7206	; 0x7206 <__itoa_ncheck>
			{
				graPutc(itoa(year / 10, str, 10)[0], 12);
    33a2:	6c e0       	ldi	r22, 0x0C	; 12
    33a4:	fc 01       	movw	r30, r24
    33a6:	80 81       	ld	r24, Z
    33a8:	0e 94 c6 13 	call	0x278c	; 0x278c <_ZL7graPutcch>
    33ac:	4a e0       	ldi	r20, 0x0A	; 10
    33ae:	be 01       	movw	r22, r28
    33b0:	61 5f       	subi	r22, 0xF1	; 241
    33b2:	7f 4f       	sbci	r23, 0xFF	; 255
    33b4:	81 2f       	mov	r24, r17
    33b6:	90 e0       	ldi	r25, 0x00	; 0
    33b8:	0e 94 03 39 	call	0x7206	; 0x7206 <__itoa_ncheck>
				graPutc(itoa(year % 10, str, 10)[0], 13);
    33bc:	6d e0       	ldi	r22, 0x0D	; 13
    33be:	dc 01       	movw	r26, r24
    33c0:	8c 91       	ld	r24, X
    33c2:	0e 94 c6 13 	call	0x278c	; 0x278c <_ZL7graPutcch>
    33c6:	c0 cb       	rjmp	.-2176   	; 0x2b48 <loop+0x2b0>
		}
	}
	
	if (getMode() == MODE_STANDBY && oldDisplayedSpeIndex != displayedSpeForStandbyIndex && setupFinished)
	{
		speOff(speForStandby[displayedSpeForStandbyIndex == 0 ? (sizeof(speForStandby) - 1) : (displayedSpeForStandbyIndex - 1)]);
    33c8:	85 e2       	ldi	r24, 0x25	; 37
    33ca:	90 e0       	ldi	r25, 0x00	; 0
    33cc:	d4 cb       	rjmp	.-2136   	; 0x2b76 <loop+0x2de>
	
	if (getMode() != MODE_STANDBY)
	{
		if (lastSettingsChange != 0 && (millis() - lastSettingsChange > 5000))
		{
			lastSettingsChange = 0;
    33ce:	10 92 6d 05 	sts	0x056D, r1	; 0x80056d <_ZL18lastSettingsChange>
    33d2:	10 92 6e 05 	sts	0x056E, r1	; 0x80056e <_ZL18lastSettingsChange+0x1>
    33d6:	10 92 6f 05 	sts	0x056F, r1	; 0x80056f <_ZL18lastSettingsChange+0x2>
    33da:	10 92 70 05 	sts	0x0570, r1	; 0x800570 <_ZL18lastSettingsChange+0x3>
			saveSettings();
    33de:	0e 94 f3 08 	call	0x11e6	; 0x11e6 <_ZL12saveSettingsv>
    33e2:	02 cc       	rjmp	.-2044   	; 0x2be8 <loop+0x350>
					speOn(SPE_STEREO);
					isStereoDisplayOn = true;
				}
				else
				{
					speOff(SPE_STEREO);
    33e4:	83 e1       	ldi	r24, 0x13	; 19
    33e6:	0e 94 bf 0a 	call	0x157e	; 0x157e <_ZL6speOffc>
					isStereoDisplayOn = false;
    33ea:	10 92 76 05 	sts	0x0576, r1	; 0x800576 <_ZL17isStereoDisplayOn>
				//str[0] = itoa(snr / 10, str, 10)[0];
				//str[1] = itoa(snr % 10, str, 10)[0];
				//numPutc(str[0], 4);
				//numPutc(str[1], 5);
		
				if (si4735.getCurrentSNR() > 27)
    33ee:	80 91 9c 06 	lds	r24, 0x069C	; 0x80069c <_ZL6si4735+0xb7>
    33f2:	8c 31       	cpi	r24, 0x1C	; 28
    33f4:	38 f0       	brcs	.+14     	; 0x3404 <loop+0xb6c>
				{
					speOn(SPE_TUNED);
    33f6:	84 e1       	ldi	r24, 0x14	; 20
    33f8:	0e 94 8a 0a 	call	0x1514	; 0x1514 <_ZL5speOnc>
					isTunedDisplayOn = true;
    33fc:	81 e0       	ldi	r24, 0x01	; 1
    33fe:	80 93 75 05 	sts	0x0575, r24	; 0x800575 <_ZL16isTunedDisplayOn>
    3402:	14 cc       	rjmp	.-2008   	; 0x2c2c <loop+0x394>
				}
				else
				{
					speOff(SPE_TUNED);
    3404:	84 e1       	ldi	r24, 0x14	; 20
    3406:	0e 94 bf 0a 	call	0x157e	; 0x157e <_ZL6speOffc>
					isTunedDisplayOn = false;
    340a:	10 92 75 05 	sts	0x0575, r1	; 0x800575 <_ZL16isTunedDisplayOn>
    340e:	0e cc       	rjmp	.-2020   	; 0x2c2c <loop+0x394>
				
				si4735.getCurrentReceivedSignalQuality(); // must be called before getCurrentPilot()
		
				if (!forceMono && si4735.getCurrentPilot())
				{
					speOn(SPE_STEREO);
    3410:	83 e1       	ldi	r24, 0x13	; 19
    3412:	0e 94 8a 0a 	call	0x1514	; 0x1514 <_ZL5speOnc>
					isStereoDisplayOn = true;
    3416:	81 e0       	ldi	r24, 0x01	; 1
    3418:	80 93 76 05 	sts	0x0576, r24	; 0x800576 <_ZL17isStereoDisplayOn>
    341c:	e8 cf       	rjmp	.-48     	; 0x33ee <loop+0xb56>
			}
		}
		else
		{
			// no RDS
			clearRdsInfo();
    341e:	0e 94 f4 0a 	call	0x15e8	; 0x15e8 <_ZL12clearRdsInfov>
			rdsSyncedFreshly = false;
    3422:	10 92 95 05 	sts	0x0595, r1	; 0x800595 <_ZL16rdsSyncedFreshly>
			
			if (compareGraMemory(fmString))
    3426:	85 eb       	ldi	r24, 0xB5	; 181
    3428:	91 e0       	ldi	r25, 0x01	; 1
    342a:	0e 94 a5 08 	call	0x114a	; 0x114a <_ZL16compareGraMemoryPKc>
    342e:	88 23       	and	r24, r24
    3430:	09 f4       	brne	.+2      	; 0x3434 <loop+0xb9c>
    3432:	61 cc       	rjmp	.-1854   	; 0x2cf6 <loop+0x45e>
				clearRdsInfo();
				rdsSyncedFreshly = false;
				
				if (compareGraMemory(fmString))
				{
					clearGra();
    3434:	0e 94 06 0a 	call	0x140c	; 0x140c <_ZL8clearGrav>
					showFM();
    3438:	0e 94 66 0a 	call	0x14cc	; 0x14cc <_ZL6showFMv>
    343c:	5c cc       	rjmp	.-1864   	; 0x2cf6 <loop+0x45e>
					// merge non-space characters into completeRadioText only
					// it has been initialized to all-spaces above so any new spaces will be preserved
					bool nonSpaceCharChanged = false;
					for (unsigned char i = 0; i < RADIOTEXT_CHARS; i++)
					{
						if (radioText[i] != ' ' && completeRadioText[i] != ' ' && radioText[i] != completeRadioText[i] && radioText[i] != 0)
    343e:	9c 91       	ld	r25, X
    3440:	90 32       	cpi	r25, 0x20	; 32
    3442:	09 f4       	brne	.+2      	; 0x3446 <loop+0xbae>
    3444:	41 cc       	rjmp	.-1918   	; 0x2cc8 <loop+0x430>
    3446:	89 17       	cp	r24, r25
    3448:	09 f4       	brne	.+2      	; 0x344c <loop+0xbb4>
    344a:	3e cc       	rjmp	.-1924   	; 0x2cc8 <loop+0x430>
    344c:	88 23       	and	r24, r24
    344e:	09 f4       	brne	.+2      	; 0x3452 <loop+0xbba>
    3450:	3b cc       	rjmp	.-1930   	; 0x2cc8 <loop+0x430>
						{
							nonSpaceCharChanged = true;
    3452:	81 e0       	ldi	r24, 0x01	; 1
    3454:	3e cc       	rjmp	.-1924   	; 0x2cd2 <loop+0x43a>
						}
					}
					
					if (displayRadioText)
					{
						if (nonSpaceCharChanged)
    3456:	88 23       	and	r24, r24
    3458:	21 f0       	breq	.+8      	; 0x3462 <loop+0xbca>
						{
							clearRadioText();
    345a:	0e 94 b5 08 	call	0x116a	; 0x116a <_ZL14clearRadioTextv>
							clearGra();
    345e:	0e 94 06 0a 	call	0x140c	; 0x140c <_ZL8clearGrav>
    3462:	20 91 e1 05 	lds	r18, 0x05E1	; 0x8005e1 <_ZL9radioText>
    3466:	30 91 e2 05 	lds	r19, 0x05E2	; 0x8005e2 <_ZL9radioText+0x1>
    346a:	e7 ed       	ldi	r30, 0xD7	; 215
    346c:	f5 e0       	ldi	r31, 0x05	; 5
						}
						
						for (unsigned char i = 0; i < RADIOTEXT_CHARS; i++)
						{
							if (radioText[i] > 33 && radioText[i] < 127 && radioText[i] != completeRadioText[i] && radioText[i] != 0) // do not merge nul character
    346e:	d9 01       	movw	r26, r18
    3470:	8d 91       	ld	r24, X+
    3472:	9d 01       	movw	r18, r26
    3474:	9e ed       	ldi	r25, 0xDE	; 222
    3476:	98 0f       	add	r25, r24
    3478:	9d 35       	cpi	r25, 0x5D	; 93
    347a:	20 f4       	brcc	.+8      	; 0x3484 <loop+0xbec>
    347c:	d8 01       	movw	r26, r16
    347e:	9c 91       	ld	r25, X
    3480:	89 13       	cpse	r24, r25
							{
								completeRadioText[i] = radioText[i];
    3482:	8c 93       	st	X, r24
    3484:	0f 5f       	subi	r16, 0xFF	; 255
    3486:	1f 4f       	sbci	r17, 0xFF	; 255
						{
							clearRadioText();
							clearGra();
						}
						
						for (unsigned char i = 0; i < RADIOTEXT_CHARS; i++)
    3488:	e0 17       	cp	r30, r16
    348a:	f1 07       	cpc	r31, r17
    348c:	81 f7       	brne	.-32     	; 0x346e <loop+0xbd6>
    348e:	8f e3       	ldi	r24, 0x3F	; 63
    3490:	90 e0       	ldi	r25, 0x00	; 0
						}
						
						// determine radioTextScrollingEndIndex - last non-space character
						for (int i = RADIOTEXT_CHARS - 1; i >= 0; i--)
						{
							if (completeRadioText[i] != ' ')
    3492:	22 91       	ld	r18, -Z
    3494:	20 32       	cpi	r18, 0x20	; 32
    3496:	19 f0       	breq	.+6      	; 0x349e <loop+0xc06>
							{
								radioTextScrollingEndIndex = i;
    3498:	80 93 91 05 	sts	0x0591, r24	; 0x800591 <_ZL26radioTextScrollingEndIndex>
								break;
    349c:	02 c0       	rjmp	.+4      	; 0x34a2 <loop+0xc0a>
								completeRadioText[i] = radioText[i];
							}
						}
						
						// determine radioTextScrollingEndIndex - last non-space character
						for (int i = RADIOTEXT_CHARS - 1; i >= 0; i--)
    349e:	01 97       	sbiw	r24, 0x01	; 1
    34a0:	c0 f7       	brcc	.-16     	; 0x3492 <loop+0xbfa>
								radioTextScrollingEndIndex = i;
								break;
							}
						}
					
						if (radioTextScrollingEndIndex < GRA_DISPLAY_CHARS)
    34a2:	80 91 91 05 	lds	r24, 0x0591	; 0x800591 <_ZL26radioTextScrollingEndIndex>
    34a6:	8e 30       	cpi	r24, 0x0E	; 14
    34a8:	10 f4       	brcc	.+4      	; 0x34ae <loop+0xc16>
						{
							// no scrolling, radiotext is short
							radioTextScrollingStartIndex = 0;
    34aa:	10 92 92 05 	sts	0x0592, r1	; 0x800592 <_ZL28radioTextScrollingStartIndex>
    34ae:	fe 01       	movw	r30, r28
    34b0:	31 96       	adiw	r30, 0x01	; 1
    34b2:	20 e0       	ldi	r18, 0x00	; 0
    34b4:	30 e0       	ldi	r19, 0x00	; 0
    34b6:	cf 01       	movw	r24, r30
						}
					
						char graString[GRA_DISPLAY_CHARS]; // not nul-terminated
						for (unsigned char i = 0; i < GRA_DISPLAY_CHARS; i++)
						{
							graString[i] = completeRadioText[i + radioTextScrollingStartIndex];
    34b8:	40 91 92 05 	lds	r20, 0x0592	; 0x800592 <_ZL28radioTextScrollingStartIndex>
    34bc:	d9 01       	movw	r26, r18
    34be:	a9 56       	subi	r26, 0x69	; 105
    34c0:	ba 4f       	sbci	r27, 0xFA	; 250
    34c2:	a4 0f       	add	r26, r20
    34c4:	b1 1d       	adc	r27, r1
    34c6:	4c 91       	ld	r20, X
    34c8:	41 93       	st	Z+, r20
    34ca:	2f 5f       	subi	r18, 0xFF	; 255
    34cc:	3f 4f       	sbci	r19, 0xFF	; 255
							// no scrolling, radiotext is short
							radioTextScrollingStartIndex = 0;
						}
					
						char graString[GRA_DISPLAY_CHARS]; // not nul-terminated
						for (unsigned char i = 0; i < GRA_DISPLAY_CHARS; i++)
    34ce:	2e 30       	cpi	r18, 0x0E	; 14
    34d0:	31 05       	cpc	r19, r1
    34d2:	91 f7       	brne	.-28     	; 0x34b8 <loop+0xc20>
						{
							graString[i] = completeRadioText[i + radioTextScrollingStartIndex];
						}
					
						graPuts((const char *)&graString);
    34d4:	0e 94 24 0a 	call	0x1448	; 0x1448 <_ZL7graPutsPKc>
						
						if (radioTextScrollingStartIndex > 0)
    34d8:	80 91 92 05 	lds	r24, 0x0592	; 0x800592 <_ZL28radioTextScrollingStartIndex>
    34dc:	88 23       	and	r24, r24
    34de:	21 f0       	breq	.+8      	; 0x34e8 <loop+0xc50>
						{
							speOn(SPE_ARROW_LEFT);
    34e0:	85 e0       	ldi	r24, 0x05	; 5
    34e2:	0e 94 8a 0a 	call	0x1514	; 0x1514 <_ZL5speOnc>
    34e6:	03 c0       	rjmp	.+6      	; 0x34ee <loop+0xc56>
						}
						else
						{
							speOff(SPE_ARROW_LEFT);
    34e8:	85 e0       	ldi	r24, 0x05	; 5
    34ea:	0e 94 bf 0a 	call	0x157e	; 0x157e <_ZL6speOffc>
						}
						
						delay(1);
    34ee:	61 e0       	ldi	r22, 0x01	; 1
    34f0:	70 e0       	ldi	r23, 0x00	; 0
    34f2:	80 e0       	ldi	r24, 0x00	; 0
    34f4:	90 e0       	ldi	r25, 0x00	; 0
    34f6:	0e 94 a0 28 	call	0x5140	; 0x5140 <delay>
						
						if ((radioTextScrollingStartIndex + GRA_DISPLAY_CHARS < radioTextScrollingEndIndex + 1))
    34fa:	80 91 92 05 	lds	r24, 0x0592	; 0x800592 <_ZL28radioTextScrollingStartIndex>
    34fe:	20 91 91 05 	lds	r18, 0x0591	; 0x800591 <_ZL26radioTextScrollingEndIndex>
    3502:	90 e0       	ldi	r25, 0x00	; 0
    3504:	0d 96       	adiw	r24, 0x0d	; 13
    3506:	30 e0       	ldi	r19, 0x00	; 0
    3508:	82 17       	cp	r24, r18
    350a:	93 07       	cpc	r25, r19
    350c:	24 f4       	brge	.+8      	; 0x3516 <loop+0xc7e>
						{
							speOn(SPE_ARROW_RIGHT);
    350e:	82 e2       	ldi	r24, 0x22	; 34
    3510:	0e 94 8a 0a 	call	0x1514	; 0x1514 <_ZL5speOnc>
    3514:	03 c0       	rjmp	.+6      	; 0x351c <loop+0xc84>
						}
						else
						{
							speOff(SPE_ARROW_RIGHT);
    3516:	82 e2       	ldi	r24, 0x22	; 34
    3518:	0e 94 bf 0a 	call	0x157e	; 0x157e <_ZL6speOffc>
						}
						
						delay(1);
    351c:	61 e0       	ldi	r22, 0x01	; 1
    351e:	70 e0       	ldi	r23, 0x00	; 0
    3520:	80 e0       	ldi	r24, 0x00	; 0
    3522:	90 e0       	ldi	r25, 0x00	; 0
    3524:	0e 94 a0 28 	call	0x5140	; 0x5140 <delay>
    3528:	d8 cb       	rjmp	.-2128   	; 0x2cda <loop+0x442>
					}
				}
				else
				{
					// radioText is not transmitted anymore, but station name may still be, let it display station name
					if (radioTextLostCounter <= 8)
    352a:	80 91 94 05 	lds	r24, 0x0594	; 0x800594 <_ZL20radioTextLostCounter>
    352e:	89 30       	cpi	r24, 0x09	; 9
    3530:	08 f0       	brcs	.+2      	; 0x3534 <loop+0xc9c>
    3532:	d3 cb       	rjmp	.-2138   	; 0x2cda <loop+0x442>
					{
						radioTextLostCounter++;
    3534:	8f 5f       	subi	r24, 0xFF	; 255
    3536:	80 93 94 05 	sts	0x0594, r24	; 0x800594 <_ZL20radioTextLostCounter>
    353a:	cf cb       	rjmp	.-2146   	; 0x2cda <loop+0x442>
						clearRdsInfo();
						clearGra();
					}
				}

				if (stationName != NULL && si4735.getRdsNewBlockA())
    353c:	80 91 b1 06 	lds	r24, 0x06B1	; 0x8006b1 <_ZL6si4735+0xcc>
    3540:	84 ff       	sbrs	r24, 4
    3542:	d2 cb       	rjmp	.-2140   	; 0x2ce8 <loop+0x450>
    3544:	07 ed       	ldi	r16, 0xD7	; 215
    3546:	15 e0       	ldi	r17, 0x05	; 5
    3548:	9f 01       	movw	r18, r30
    354a:	28 5f       	subi	r18, 0xF8	; 248
    354c:	3f 4f       	sbci	r19, 0xFF	; 255
    354e:	d8 01       	movw	r26, r16
					
					// stationName is terminated with nul character, leave it out
					// oldStationName is not terminated
					for (unsigned char i = 0; i < STATION_NAME_CHARS; i++)
					{
						if (stationName[i] != ' ')
    3550:	81 91       	ld	r24, Z+
    3552:	80 32       	cpi	r24, 0x20	; 32
    3554:	09 f0       	breq	.+2      	; 0x3558 <loop+0xcc0>
						{
							completeStationName[i] = stationName[i];
    3556:	8c 93       	st	X, r24
    3558:	11 96       	adiw	r26, 0x01	; 1
					// merge non-space characters into completeStationName only
					// it has been initialized to all-spaces above so any new spaces will be preserved
					
					// stationName is terminated with nul character, leave it out
					// oldStationName is not terminated
					for (unsigned char i = 0; i < STATION_NAME_CHARS; i++)
    355a:	2e 17       	cp	r18, r30
    355c:	3f 07       	cpc	r19, r31
    355e:	c1 f7       	brne	.-16     	; 0x3550 <loop+0xcb8>
						{
							completeStationName[i] = stationName[i];
						}
					}
					
					if (!displayRadioText)
    3560:	80 91 93 05 	lds	r24, 0x0593	; 0x800593 <_ZL16displayRadioText>
    3564:	81 11       	cpse	r24, r1
    3566:	c0 cb       	rjmp	.-2176   	; 0x2ce8 <loop+0x450>
    3568:	27 e0       	ldi	r18, 0x07	; 7
					{
						// find real length of station name - it may be padded with spaces and we want to center it
						char stationNameMaxIndex = 0;
						for (unsigned char i = STATION_NAME_CHARS - 1; i >= 0; i--)
						{
							if (completeStationName[i] != ' ')
    356a:	82 2f       	mov	r24, r18
    356c:	90 e0       	ldi	r25, 0x00	; 0
    356e:	fc 01       	movw	r30, r24
    3570:	e9 52       	subi	r30, 0x29	; 41
    3572:	fa 4f       	sbci	r31, 0xFA	; 250
    3574:	30 81       	ld	r19, Z
    3576:	30 32       	cpi	r19, 0x20	; 32
    3578:	59 f0       	breq	.+22     	; 0x3590 <loop+0xcf8>
								stationNameMaxIndex = i;
								break;
							}
						}
					
						char halfStationNameLength = (stationNameMaxIndex + 1) / 2;
    357a:	01 96       	adiw	r24, 0x01	; 1
    357c:	95 95       	asr	r25
    357e:	87 95       	ror	r24
    3580:	20 95       	com	r18
    3582:	21 70       	andi	r18, 0x01	; 1
						char oddPlacement = stationNameMaxIndex % 2 == 0 ? 1 : 0; // 5-character station name has max index = 4, align it one position left, it looks better
					
						for (unsigned char i = 0; i < STATION_NAME_CHARS; i++)
    3584:	f1 2c       	mov	r15, r1
						{
							graPutc(completeStationName[i], 7 - halfStationNameLength - oddPlacement + i); // center
    3586:	82 0f       	add	r24, r18
    3588:	97 e0       	ldi	r25, 0x07	; 7
    358a:	e9 2e       	mov	r14, r25
    358c:	e8 1a       	sub	r14, r24
    358e:	02 c0       	rjmp	.+4      	; 0x3594 <loop+0xcfc>
					
					if (!displayRadioText)
					{
						// find real length of station name - it may be padded with spaces and we want to center it
						char stationNameMaxIndex = 0;
						for (unsigned char i = STATION_NAME_CHARS - 1; i >= 0; i--)
    3590:	21 50       	subi	r18, 0x01	; 1
    3592:	eb cf       	rjmp	.-42     	; 0x356a <loop+0xcd2>
						char halfStationNameLength = (stationNameMaxIndex + 1) / 2;
						char oddPlacement = stationNameMaxIndex % 2 == 0 ? 1 : 0; // 5-character station name has max index = 4, align it one position left, it looks better
					
						for (unsigned char i = 0; i < STATION_NAME_CHARS; i++)
						{
							graPutc(completeStationName[i], 7 - halfStationNameLength - oddPlacement + i); // center
    3594:	6e 2d       	mov	r22, r14
    3596:	6f 0d       	add	r22, r15
    3598:	f8 01       	movw	r30, r16
    359a:	81 91       	ld	r24, Z+
    359c:	8f 01       	movw	r16, r30
    359e:	0e 94 c6 13 	call	0x278c	; 0x278c <_ZL7graPutcch>
						}
					
						char halfStationNameLength = (stationNameMaxIndex + 1) / 2;
						char oddPlacement = stationNameMaxIndex % 2 == 0 ? 1 : 0; // 5-character station name has max index = 4, align it one position left, it looks better
					
						for (unsigned char i = 0; i < STATION_NAME_CHARS; i++)
    35a2:	f3 94       	inc	r15
    35a4:	f8 e0       	ldi	r31, 0x08	; 8
    35a6:	ff 12       	cpse	r15, r31
    35a8:	f5 cf       	rjmp	.-22     	; 0x3594 <loop+0xcfc>
    35aa:	9e cb       	rjmp	.-2244   	; 0x2ce8 <loop+0x450>
						}
					}
				}

				// set time from RDS if it has not been set yet
				if (dtYear == 0 && si4735.getRdsDateTime(&dtYear, &dtMonth, &dtDayInMonth, &dtHours, &dtMinutes))
    35ac:	6b ea       	ldi	r22, 0xAB	; 171
    35ae:	e6 2e       	mov	r14, r22
    35b0:	61 e0       	ldi	r22, 0x01	; 1
    35b2:	f6 2e       	mov	r15, r22
    35b4:	09 ea       	ldi	r16, 0xA9	; 169
    35b6:	11 e0       	ldi	r17, 0x01	; 1
    35b8:	27 ea       	ldi	r18, 0xA7	; 167
    35ba:	31 e0       	ldi	r19, 0x01	; 1
    35bc:	43 ea       	ldi	r20, 0xA3	; 163
    35be:	51 e0       	ldi	r21, 0x01	; 1
    35c0:	61 ea       	ldi	r22, 0xA1	; 161
    35c2:	71 e0       	ldi	r23, 0x01	; 1
    35c4:	85 ee       	ldi	r24, 0xE5	; 229
    35c6:	95 e0       	ldi	r25, 0x05	; 5
    35c8:	0e 94 d6 2c 	call	0x59ac	; 0x59ac <_ZN6SI473514getRdsDateTimeEPjS0_S0_S0_S0_>
    35cc:	88 23       	and	r24, r24
    35ce:	09 f4       	brne	.+2      	; 0x35d2 <loop+0xd3a>
    35d0:	92 cb       	rjmp	.-2268   	; 0x2cf6 <loop+0x45e>
				{					
					dtDayInWeek = weekday(dtYear, dtMonth, dtDayInMonth);
    35d2:	e0 90 a7 01 	lds	r14, 0x01A7	; 0x8001a7 <_ZL12dtDayInMonth>
    35d6:	f0 90 a8 01 	lds	r15, 0x01A8	; 0x8001a8 <_ZL12dtDayInMonth+0x1>
    35da:	00 91 a3 01 	lds	r16, 0x01A3	; 0x8001a3 <_ZL7dtMonth>
    35de:	10 91 a4 01 	lds	r17, 0x01A4	; 0x8001a4 <_ZL7dtMonth+0x1>
    35e2:	20 91 a1 01 	lds	r18, 0x01A1	; 0x8001a1 <_ZL6dtYear>
    35e6:	30 91 a2 01 	lds	r19, 0x01A2	; 0x8001a2 <_ZL6dtYear+0x1>
	SPE_SBR
}; 

static unsigned int weekday(unsigned int y, unsigned int m, unsigned int d) {
	// function must return one-based day index (1 = Monday, 7 = Sunday), but by default 0 = Sunday
	unsigned int result = (d += m < 3 ? y-- : y - 2 , 23 * m / 9 + d + 4 + y / 4 - y / 100 + y / 400) % 7;
    35ea:	03 30       	cpi	r16, 0x03	; 3
    35ec:	11 05       	cpc	r17, r1
    35ee:	30 f4       	brcc	.+12     	; 0x35fc <loop+0xd64>
    35f0:	69 01       	movw	r12, r18
    35f2:	81 e0       	ldi	r24, 0x01	; 1
    35f4:	c8 1a       	sub	r12, r24
    35f6:	d1 08       	sbc	r13, r1
    35f8:	59 01       	movw	r10, r18
    35fa:	05 c0       	rjmp	.+10     	; 0x3606 <loop+0xd6e>
    35fc:	59 01       	movw	r10, r18
    35fe:	92 e0       	ldi	r25, 0x02	; 2
    3600:	a9 1a       	sub	r10, r25
    3602:	b1 08       	sbc	r11, r1
    3604:	69 01       	movw	r12, r18
    3606:	47 e1       	ldi	r20, 0x17	; 23
    3608:	40 9f       	mul	r20, r16
    360a:	c0 01       	movw	r24, r0
    360c:	41 9f       	mul	r20, r17
    360e:	90 0d       	add	r25, r0
    3610:	11 24       	eor	r1, r1
    3612:	69 e0       	ldi	r22, 0x09	; 9
    3614:	70 e0       	ldi	r23, 0x00	; 0
    3616:	0e 94 83 38 	call	0x7106	; 0x7106 <__udivmodhi4>
    361a:	c7 01       	movw	r24, r14
    361c:	04 96       	adiw	r24, 0x04	; 4
    361e:	68 0f       	add	r22, r24
    3620:	79 1f       	adc	r23, r25
    3622:	a6 0e       	add	r10, r22
    3624:	b7 1e       	adc	r11, r23
    3626:	f6 01       	movw	r30, r12
    3628:	f6 95       	lsr	r31
    362a:	e7 95       	ror	r30
    362c:	f6 95       	lsr	r31
    362e:	e7 95       	ror	r30
    3630:	ae 0e       	add	r10, r30
    3632:	bf 1e       	adc	r11, r31
    3634:	c6 01       	movw	r24, r12
    3636:	60 e9       	ldi	r22, 0x90	; 144
    3638:	71 e0       	ldi	r23, 0x01	; 1
    363a:	0e 94 83 38 	call	0x7106	; 0x7106 <__udivmodhi4>
    363e:	f5 01       	movw	r30, r10
    3640:	e6 0f       	add	r30, r22
    3642:	f7 1f       	adc	r31, r23
    3644:	c6 01       	movw	r24, r12
    3646:	64 e6       	ldi	r22, 0x64	; 100
    3648:	70 e0       	ldi	r23, 0x00	; 0
    364a:	0e 94 83 38 	call	0x7106	; 0x7106 <__udivmodhi4>
    364e:	cf 01       	movw	r24, r30
    3650:	86 1b       	sub	r24, r22
    3652:	97 0b       	sbc	r25, r23
    3654:	67 e0       	ldi	r22, 0x07	; 7
    3656:	70 e0       	ldi	r23, 0x00	; 0
    3658:	0e 94 83 38 	call	0x7106	; 0x7106 <__udivmodhi4>
    365c:	ac 01       	movw	r20, r24
	
	if (result == 0)
    365e:	89 2b       	or	r24, r25
    3660:	11 f4       	brne	.+4      	; 0x3666 <loop+0xdce>
	{
		result = 7;
    3662:	47 e0       	ldi	r20, 0x07	; 7
    3664:	50 e0       	ldi	r21, 0x00	; 0
				}

				// set time from RDS if it has not been set yet
				if (dtYear == 0 && si4735.getRdsDateTime(&dtYear, &dtMonth, &dtDayInMonth, &dtHours, &dtMinutes))
				{					
					dtDayInWeek = weekday(dtYear, dtMonth, dtDayInMonth);
    3666:	50 93 a6 01 	sts	0x01A6, r21	; 0x8001a6 <_ZL11dtDayInWeek+0x1>
    366a:	40 93 a5 01 	sts	0x01A5, r20	; 0x8001a5 <_ZL11dtDayInWeek>
					dtYear = dtYear - 2000; // store only two-place year, even if the variable is uint16
    366e:	20 5d       	subi	r18, 0xD0	; 208
    3670:	37 40       	sbci	r19, 0x07	; 7
    3672:	30 93 a2 01 	sts	0x01A2, r19	; 0x8001a2 <_ZL6dtYear+0x1>
    3676:	20 93 a1 01 	sts	0x01A1, r18	; 0x8001a1 <_ZL6dtYear>
					
					// cannot use array initializer, it throws a warning about narrowing conversion
					unsigned char bytes[7];
					bytes[0] = 0b00000000; // seconds
    367a:	19 82       	std	Y+1, r1	; 0x01
					bytes[1] = (dtMinutes % 10) | ((dtMinutes / 10) << 4);
    367c:	80 91 ab 01 	lds	r24, 0x01AB	; 0x8001ab <_ZL9dtMinutes>
    3680:	90 91 ac 01 	lds	r25, 0x01AC	; 0x8001ac <_ZL9dtMinutes+0x1>
    3684:	ea e0       	ldi	r30, 0x0A	; 10
    3686:	f0 e0       	ldi	r31, 0x00	; 0
    3688:	bf 01       	movw	r22, r30
    368a:	0e 94 83 38 	call	0x7106	; 0x7106 <__udivmodhi4>
    368e:	62 95       	swap	r22
    3690:	60 7f       	andi	r22, 0xF0	; 240
    3692:	86 2b       	or	r24, r22
    3694:	8a 83       	std	Y+2, r24	; 0x02
					bytes[2] = (dtHours % 10) | ((dtHours / 10) << 4);
    3696:	80 91 a9 01 	lds	r24, 0x01A9	; 0x8001a9 <_ZL7dtHours>
    369a:	90 91 aa 01 	lds	r25, 0x01AA	; 0x8001aa <_ZL7dtHours+0x1>
    369e:	bf 01       	movw	r22, r30
    36a0:	0e 94 83 38 	call	0x7106	; 0x7106 <__udivmodhi4>
    36a4:	62 95       	swap	r22
    36a6:	60 7f       	andi	r22, 0xF0	; 240
    36a8:	86 2b       	or	r24, r22
    36aa:	8b 83       	std	Y+3, r24	; 0x03
					bytes[3] = dtDayInWeek;
    36ac:	4c 83       	std	Y+4, r20	; 0x04
					bytes[4] = (dtDayInMonth % 10) | ((dtDayInMonth / 10) << 4);
    36ae:	c7 01       	movw	r24, r14
    36b0:	bf 01       	movw	r22, r30
    36b2:	0e 94 83 38 	call	0x7106	; 0x7106 <__udivmodhi4>
    36b6:	62 95       	swap	r22
    36b8:	60 7f       	andi	r22, 0xF0	; 240
    36ba:	86 2b       	or	r24, r22
    36bc:	8d 83       	std	Y+5, r24	; 0x05
					bytes[5] = (dtMonth % 10) | ((dtMonth / 10) << 4);
    36be:	c8 01       	movw	r24, r16
    36c0:	bf 01       	movw	r22, r30
    36c2:	0e 94 83 38 	call	0x7106	; 0x7106 <__udivmodhi4>
    36c6:	62 95       	swap	r22
    36c8:	60 7f       	andi	r22, 0xF0	; 240
    36ca:	86 2b       	or	r24, r22
    36cc:	8e 83       	std	Y+6, r24	; 0x06
					bytes[6] = (dtYear % 10) | ((dtYear / 10) << 4);
    36ce:	c9 01       	movw	r24, r18
    36d0:	bf 01       	movw	r22, r30
    36d2:	0e 94 83 38 	call	0x7106	; 0x7106 <__udivmodhi4>
    36d6:	62 95       	swap	r22
    36d8:	60 7f       	andi	r22, 0xF0	; 240
    36da:	86 2b       	or	r24, r22
    36dc:	8f 83       	std	Y+7, r24	; 0x07
	
					setRTCValues(bytes);
    36de:	ce 01       	movw	r24, r28
    36e0:	01 96       	adiw	r24, 0x01	; 1
    36e2:	0e 94 0b 0f 	call	0x1e16	; 0x1e16 <_ZL12setRTCValuesPh>
    36e6:	07 cb       	rjmp	.-2546   	; 0x2cf6 <loop+0x45e>
			if (!wasRepetition && (getMode() == MODE_RADIO_FM || getMode() == MODE_RADIO_AM) && getMode() != MODE_STANDBY)
			{
				bool wasRecognized = false;
					
				// user pressed button to save a program into, let's check if it is valid Program button, or the Program button was pressed again to cancel
				if (memcmp(&irmp_data, &irmp_program0, sizeof(irmp_data) - 1) == 0)
    36e8:	45 e0       	ldi	r20, 0x05	; 5
    36ea:	50 e0       	ldi	r21, 0x00	; 0
    36ec:	64 e6       	ldi	r22, 0x64	; 100
    36ee:	75 e0       	ldi	r23, 0x05	; 5
    36f0:	8b e7       	ldi	r24, 0x7B	; 123
    36f2:	95 e0       	ldi	r25, 0x05	; 5
    36f4:	0e 94 f6 38 	call	0x71ec	; 0x71ec <memcmp>
    36f8:	89 2b       	or	r24, r25
    36fa:	c9 f5       	brne	.+114    	; 0x376e <loop+0xed6>
				{
					if (getMode() == MODE_RADIO_FM)
    36fc:	0e 94 de 08 	call	0x11bc	; 0x11bc <_ZL7getModev>
    3700:	81 11       	cpse	r24, r1
    3702:	18 c0       	rjmp	.+48     	; 0x3734 <loop+0xe9c>
    3704:	00 91 82 06 	lds	r16, 0x0682	; 0x800682 <_ZL6si4735+0x9d>
    3708:	10 91 83 06 	lds	r17, 0x0683	; 0x800683 <_ZL6si4735+0x9e>
					{
						unsigned int freq = si4735.getCurrentFrequency();
						eeprom_update_byte((unsigned char*)PROGRAM0_FM_FREQ_ADDRESS, freq & 0xFF);
    370c:	60 2f       	mov	r22, r16
    370e:	80 91 96 01 	lds	r24, 0x0196	; 0x800196 <PROGRAM0_FM_FREQ_ADDRESS>
    3712:	90 91 97 01 	lds	r25, 0x0197	; 0x800197 <PROGRAM0_FM_FREQ_ADDRESS+0x1>
    3716:	0e 94 d9 3b 	call	0x77b2	; 0x77b2 <eeprom_update_byte>
						eeprom_update_byte((unsigned char*)PROGRAM0_FM_FREQ_ADDRESS + 1, freq >> 8);
    371a:	80 91 96 01 	lds	r24, 0x0196	; 0x800196 <PROGRAM0_FM_FREQ_ADDRESS>
    371e:	90 91 97 01 	lds	r25, 0x0197	; 0x800197 <PROGRAM0_FM_FREQ_ADDRESS+0x1>
    3722:	61 2f       	mov	r22, r17
    3724:	01 96       	adiw	r24, 0x01	; 1
    3726:	0e 94 d9 3b 	call	0x77b2	; 0x77b2 <eeprom_update_byte>
						freqProgram0fm = freq;
    372a:	00 93 60 05 	sts	0x0560, r16	; 0x800560 <_ZL14freqProgram0fm>
    372e:	10 93 61 05 	sts	0x0561, r17	; 0x800561 <_ZL14freqProgram0fm+0x1>
    3732:	20 c5       	rjmp	.+2624   	; 0x4174 <loop+0x18dc>
					}
					else if (getMode() == MODE_RADIO_AM)
    3734:	0e 94 de 08 	call	0x11bc	; 0x11bc <_ZL7getModev>
    3738:	81 30       	cpi	r24, 0x01	; 1
    373a:	09 f0       	breq	.+2      	; 0x373e <loop+0xea6>
    373c:	1b c5       	rjmp	.+2614   	; 0x4174 <loop+0x18dc>
    373e:	00 91 82 06 	lds	r16, 0x0682	; 0x800682 <_ZL6si4735+0x9d>
    3742:	10 91 83 06 	lds	r17, 0x0683	; 0x800683 <_ZL6si4735+0x9e>
					{
						unsigned int freq = si4735.getCurrentFrequency();
						eeprom_update_byte((unsigned char*)PROGRAM0_AM_FREQ_ADDRESS, freq & 0xFF);
    3746:	60 2f       	mov	r22, r16
    3748:	80 91 98 01 	lds	r24, 0x0198	; 0x800198 <PROGRAM0_AM_FREQ_ADDRESS>
    374c:	90 91 99 01 	lds	r25, 0x0199	; 0x800199 <PROGRAM0_AM_FREQ_ADDRESS+0x1>
    3750:	0e 94 d9 3b 	call	0x77b2	; 0x77b2 <eeprom_update_byte>
						eeprom_update_byte((unsigned char*)PROGRAM0_AM_FREQ_ADDRESS + 1, freq >> 8);
    3754:	80 91 98 01 	lds	r24, 0x0198	; 0x800198 <PROGRAM0_AM_FREQ_ADDRESS>
    3758:	90 91 99 01 	lds	r25, 0x0199	; 0x800199 <PROGRAM0_AM_FREQ_ADDRESS+0x1>
    375c:	61 2f       	mov	r22, r17
    375e:	01 96       	adiw	r24, 0x01	; 1
    3760:	0e 94 d9 3b 	call	0x77b2	; 0x77b2 <eeprom_update_byte>
						freqProgram0am = freq;
    3764:	00 93 62 05 	sts	0x0562, r16	; 0x800562 <_ZL14freqProgram0am>
    3768:	10 93 63 05 	sts	0x0563, r17	; 0x800563 <_ZL14freqProgram0am+0x1>
    376c:	03 c5       	rjmp	.+2566   	; 0x4174 <loop+0x18dc>
					}
						
					wasRecognized = true;
				}
				else if (memcmp(&irmp_data, &irmp_program1, sizeof(irmp_data) - 1) == 0)
    376e:	45 e0       	ldi	r20, 0x05	; 5
    3770:	50 e0       	ldi	r21, 0x00	; 0
    3772:	6a e5       	ldi	r22, 0x5A	; 90
    3774:	75 e0       	ldi	r23, 0x05	; 5
    3776:	8b e7       	ldi	r24, 0x7B	; 123
    3778:	95 e0       	ldi	r25, 0x05	; 5
    377a:	0e 94 f6 38 	call	0x71ec	; 0x71ec <memcmp>
    377e:	89 2b       	or	r24, r25
    3780:	c9 f5       	brne	.+114    	; 0x37f4 <loop+0xf5c>
				{
					if (getMode() == MODE_RADIO_FM)
    3782:	0e 94 de 08 	call	0x11bc	; 0x11bc <_ZL7getModev>
    3786:	81 11       	cpse	r24, r1
    3788:	18 c0       	rjmp	.+48     	; 0x37ba <loop+0xf22>
    378a:	00 91 82 06 	lds	r16, 0x0682	; 0x800682 <_ZL6si4735+0x9d>
    378e:	10 91 83 06 	lds	r17, 0x0683	; 0x800683 <_ZL6si4735+0x9e>
					{
						unsigned int freq = si4735.getCurrentFrequency();
						eeprom_update_byte((unsigned char*)PROGRAM1_FM_FREQ_ADDRESS, freq & 0xFF);
    3792:	60 2f       	mov	r22, r16
    3794:	80 91 90 01 	lds	r24, 0x0190	; 0x800190 <PROGRAM1_FM_FREQ_ADDRESS>
    3798:	90 91 91 01 	lds	r25, 0x0191	; 0x800191 <PROGRAM1_FM_FREQ_ADDRESS+0x1>
    379c:	0e 94 d9 3b 	call	0x77b2	; 0x77b2 <eeprom_update_byte>
						eeprom_update_byte((unsigned char*)PROGRAM1_FM_FREQ_ADDRESS + 1, freq >> 8);
    37a0:	80 91 90 01 	lds	r24, 0x0190	; 0x800190 <PROGRAM1_FM_FREQ_ADDRESS>
    37a4:	90 91 91 01 	lds	r25, 0x0191	; 0x800191 <PROGRAM1_FM_FREQ_ADDRESS+0x1>
    37a8:	61 2f       	mov	r22, r17
    37aa:	01 96       	adiw	r24, 0x01	; 1
    37ac:	0e 94 d9 3b 	call	0x77b2	; 0x77b2 <eeprom_update_byte>
						freqProgram1fm = freq;
    37b0:	00 93 56 05 	sts	0x0556, r16	; 0x800556 <_ZL14freqProgram1fm>
    37b4:	10 93 57 05 	sts	0x0557, r17	; 0x800557 <_ZL14freqProgram1fm+0x1>
    37b8:	dd c4       	rjmp	.+2490   	; 0x4174 <loop+0x18dc>
					}
					else if (getMode() == MODE_RADIO_AM)
    37ba:	0e 94 de 08 	call	0x11bc	; 0x11bc <_ZL7getModev>
    37be:	81 30       	cpi	r24, 0x01	; 1
    37c0:	09 f0       	breq	.+2      	; 0x37c4 <loop+0xf2c>
    37c2:	d8 c4       	rjmp	.+2480   	; 0x4174 <loop+0x18dc>
    37c4:	00 91 82 06 	lds	r16, 0x0682	; 0x800682 <_ZL6si4735+0x9d>
    37c8:	10 91 83 06 	lds	r17, 0x0683	; 0x800683 <_ZL6si4735+0x9e>
					{
						unsigned int freq = si4735.getCurrentFrequency();
						eeprom_update_byte((unsigned char*)PROGRAM1_AM_FREQ_ADDRESS, freq & 0xFF);
    37cc:	60 2f       	mov	r22, r16
    37ce:	80 91 92 01 	lds	r24, 0x0192	; 0x800192 <PROGRAM1_AM_FREQ_ADDRESS>
    37d2:	90 91 93 01 	lds	r25, 0x0193	; 0x800193 <PROGRAM1_AM_FREQ_ADDRESS+0x1>
    37d6:	0e 94 d9 3b 	call	0x77b2	; 0x77b2 <eeprom_update_byte>
						eeprom_update_byte((unsigned char*)PROGRAM1_AM_FREQ_ADDRESS + 1, freq >> 8);
    37da:	80 91 92 01 	lds	r24, 0x0192	; 0x800192 <PROGRAM1_AM_FREQ_ADDRESS>
    37de:	90 91 93 01 	lds	r25, 0x0193	; 0x800193 <PROGRAM1_AM_FREQ_ADDRESS+0x1>
    37e2:	61 2f       	mov	r22, r17
    37e4:	01 96       	adiw	r24, 0x01	; 1
    37e6:	0e 94 d9 3b 	call	0x77b2	; 0x77b2 <eeprom_update_byte>
						freqProgram1am = freq;
    37ea:	00 93 58 05 	sts	0x0558, r16	; 0x800558 <_ZL14freqProgram1am>
    37ee:	10 93 59 05 	sts	0x0559, r17	; 0x800559 <_ZL14freqProgram1am+0x1>
    37f2:	c0 c4       	rjmp	.+2432   	; 0x4174 <loop+0x18dc>
					}
						
					wasRecognized = true;
				}
				else if (memcmp(&irmp_data, &irmp_program2, sizeof(irmp_data) - 1) == 0)
    37f4:	45 e0       	ldi	r20, 0x05	; 5
    37f6:	50 e0       	ldi	r21, 0x00	; 0
    37f8:	60 e5       	ldi	r22, 0x50	; 80
    37fa:	75 e0       	ldi	r23, 0x05	; 5
    37fc:	8b e7       	ldi	r24, 0x7B	; 123
    37fe:	95 e0       	ldi	r25, 0x05	; 5
    3800:	0e 94 f6 38 	call	0x71ec	; 0x71ec <memcmp>
    3804:	89 2b       	or	r24, r25
    3806:	c9 f5       	brne	.+114    	; 0x387a <loop+0xfe2>
				{
					if (getMode() == MODE_RADIO_FM)
    3808:	0e 94 de 08 	call	0x11bc	; 0x11bc <_ZL7getModev>
    380c:	81 11       	cpse	r24, r1
    380e:	18 c0       	rjmp	.+48     	; 0x3840 <loop+0xfa8>
    3810:	00 91 82 06 	lds	r16, 0x0682	; 0x800682 <_ZL6si4735+0x9d>
    3814:	10 91 83 06 	lds	r17, 0x0683	; 0x800683 <_ZL6si4735+0x9e>
					{
						unsigned int freq = si4735.getCurrentFrequency();
						eeprom_update_byte((unsigned char*)PROGRAM2_FM_FREQ_ADDRESS, freq & 0xFF);
    3818:	60 2f       	mov	r22, r16
    381a:	80 91 8a 01 	lds	r24, 0x018A	; 0x80018a <PROGRAM2_FM_FREQ_ADDRESS>
    381e:	90 91 8b 01 	lds	r25, 0x018B	; 0x80018b <PROGRAM2_FM_FREQ_ADDRESS+0x1>
    3822:	0e 94 d9 3b 	call	0x77b2	; 0x77b2 <eeprom_update_byte>
						eeprom_update_byte((unsigned char*)PROGRAM2_FM_FREQ_ADDRESS + 1, freq >> 8);
    3826:	80 91 8a 01 	lds	r24, 0x018A	; 0x80018a <PROGRAM2_FM_FREQ_ADDRESS>
    382a:	90 91 8b 01 	lds	r25, 0x018B	; 0x80018b <PROGRAM2_FM_FREQ_ADDRESS+0x1>
    382e:	61 2f       	mov	r22, r17
    3830:	01 96       	adiw	r24, 0x01	; 1
    3832:	0e 94 d9 3b 	call	0x77b2	; 0x77b2 <eeprom_update_byte>
						freqProgram2fm = freq;
    3836:	00 93 4c 05 	sts	0x054C, r16	; 0x80054c <_ZL14freqProgram2fm>
    383a:	10 93 4d 05 	sts	0x054D, r17	; 0x80054d <_ZL14freqProgram2fm+0x1>
    383e:	9a c4       	rjmp	.+2356   	; 0x4174 <loop+0x18dc>
					}
					else if (getMode() == MODE_RADIO_AM)
    3840:	0e 94 de 08 	call	0x11bc	; 0x11bc <_ZL7getModev>
    3844:	81 30       	cpi	r24, 0x01	; 1
    3846:	09 f0       	breq	.+2      	; 0x384a <loop+0xfb2>
    3848:	95 c4       	rjmp	.+2346   	; 0x4174 <loop+0x18dc>
    384a:	00 91 82 06 	lds	r16, 0x0682	; 0x800682 <_ZL6si4735+0x9d>
    384e:	10 91 83 06 	lds	r17, 0x0683	; 0x800683 <_ZL6si4735+0x9e>
					{
						unsigned int freq = si4735.getCurrentFrequency();
						eeprom_update_byte((unsigned char*)PROGRAM2_AM_FREQ_ADDRESS, freq & 0xFF);
    3852:	60 2f       	mov	r22, r16
    3854:	80 91 8c 01 	lds	r24, 0x018C	; 0x80018c <PROGRAM2_AM_FREQ_ADDRESS>
    3858:	90 91 8d 01 	lds	r25, 0x018D	; 0x80018d <PROGRAM2_AM_FREQ_ADDRESS+0x1>
    385c:	0e 94 d9 3b 	call	0x77b2	; 0x77b2 <eeprom_update_byte>
						eeprom_update_byte((unsigned char*)PROGRAM2_AM_FREQ_ADDRESS + 1, freq >> 8);
    3860:	80 91 8c 01 	lds	r24, 0x018C	; 0x80018c <PROGRAM2_AM_FREQ_ADDRESS>
    3864:	90 91 8d 01 	lds	r25, 0x018D	; 0x80018d <PROGRAM2_AM_FREQ_ADDRESS+0x1>
    3868:	61 2f       	mov	r22, r17
    386a:	01 96       	adiw	r24, 0x01	; 1
    386c:	0e 94 d9 3b 	call	0x77b2	; 0x77b2 <eeprom_update_byte>
						freqProgram2am = freq;
    3870:	00 93 4e 05 	sts	0x054E, r16	; 0x80054e <_ZL14freqProgram2am>
    3874:	10 93 4f 05 	sts	0x054F, r17	; 0x80054f <_ZL14freqProgram2am+0x1>
    3878:	7d c4       	rjmp	.+2298   	; 0x4174 <loop+0x18dc>
					}
						
					wasRecognized = true;
				}
				else if (memcmp(&irmp_data, &irmp_program3, sizeof(irmp_data) - 1) == 0)
    387a:	45 e0       	ldi	r20, 0x05	; 5
    387c:	50 e0       	ldi	r21, 0x00	; 0
    387e:	66 e4       	ldi	r22, 0x46	; 70
    3880:	75 e0       	ldi	r23, 0x05	; 5
    3882:	8b e7       	ldi	r24, 0x7B	; 123
    3884:	95 e0       	ldi	r25, 0x05	; 5
    3886:	0e 94 f6 38 	call	0x71ec	; 0x71ec <memcmp>
    388a:	89 2b       	or	r24, r25
    388c:	c9 f5       	brne	.+114    	; 0x3900 <loop+0x1068>
				{
					if (getMode() == MODE_RADIO_FM)
    388e:	0e 94 de 08 	call	0x11bc	; 0x11bc <_ZL7getModev>
    3892:	81 11       	cpse	r24, r1
    3894:	18 c0       	rjmp	.+48     	; 0x38c6 <loop+0x102e>
    3896:	00 91 82 06 	lds	r16, 0x0682	; 0x800682 <_ZL6si4735+0x9d>
    389a:	10 91 83 06 	lds	r17, 0x0683	; 0x800683 <_ZL6si4735+0x9e>
					{
						unsigned int freq = si4735.getCurrentFrequency();
						eeprom_update_byte((unsigned char*)PROGRAM3_FM_FREQ_ADDRESS, freq & 0xFF);
    389e:	60 2f       	mov	r22, r16
    38a0:	80 91 84 01 	lds	r24, 0x0184	; 0x800184 <PROGRAM3_FM_FREQ_ADDRESS>
    38a4:	90 91 85 01 	lds	r25, 0x0185	; 0x800185 <PROGRAM3_FM_FREQ_ADDRESS+0x1>
    38a8:	0e 94 d9 3b 	call	0x77b2	; 0x77b2 <eeprom_update_byte>
						eeprom_update_byte((unsigned char*)PROGRAM3_FM_FREQ_ADDRESS + 1, freq >> 8);
    38ac:	80 91 84 01 	lds	r24, 0x0184	; 0x800184 <PROGRAM3_FM_FREQ_ADDRESS>
    38b0:	90 91 85 01 	lds	r25, 0x0185	; 0x800185 <PROGRAM3_FM_FREQ_ADDRESS+0x1>
    38b4:	61 2f       	mov	r22, r17
    38b6:	01 96       	adiw	r24, 0x01	; 1
    38b8:	0e 94 d9 3b 	call	0x77b2	; 0x77b2 <eeprom_update_byte>
						freqProgram3fm = freq;
    38bc:	00 93 42 05 	sts	0x0542, r16	; 0x800542 <_ZL14freqProgram3fm>
    38c0:	10 93 43 05 	sts	0x0543, r17	; 0x800543 <_ZL14freqProgram3fm+0x1>
    38c4:	57 c4       	rjmp	.+2222   	; 0x4174 <loop+0x18dc>
					}
					else if (getMode() == MODE_RADIO_AM)
    38c6:	0e 94 de 08 	call	0x11bc	; 0x11bc <_ZL7getModev>
    38ca:	81 30       	cpi	r24, 0x01	; 1
    38cc:	09 f0       	breq	.+2      	; 0x38d0 <loop+0x1038>
    38ce:	52 c4       	rjmp	.+2212   	; 0x4174 <loop+0x18dc>
    38d0:	00 91 82 06 	lds	r16, 0x0682	; 0x800682 <_ZL6si4735+0x9d>
    38d4:	10 91 83 06 	lds	r17, 0x0683	; 0x800683 <_ZL6si4735+0x9e>
					{
						unsigned int freq = si4735.getCurrentFrequency();
						eeprom_update_byte((unsigned char*)PROGRAM3_AM_FREQ_ADDRESS, freq & 0xFF);
    38d8:	60 2f       	mov	r22, r16
    38da:	80 91 86 01 	lds	r24, 0x0186	; 0x800186 <PROGRAM3_AM_FREQ_ADDRESS>
    38de:	90 91 87 01 	lds	r25, 0x0187	; 0x800187 <PROGRAM3_AM_FREQ_ADDRESS+0x1>
    38e2:	0e 94 d9 3b 	call	0x77b2	; 0x77b2 <eeprom_update_byte>
						eeprom_update_byte((unsigned char*)PROGRAM3_AM_FREQ_ADDRESS + 1, freq >> 8);
    38e6:	80 91 86 01 	lds	r24, 0x0186	; 0x800186 <PROGRAM3_AM_FREQ_ADDRESS>
    38ea:	90 91 87 01 	lds	r25, 0x0187	; 0x800187 <PROGRAM3_AM_FREQ_ADDRESS+0x1>
    38ee:	61 2f       	mov	r22, r17
    38f0:	01 96       	adiw	r24, 0x01	; 1
    38f2:	0e 94 d9 3b 	call	0x77b2	; 0x77b2 <eeprom_update_byte>
						freqProgram3am = freq;
    38f6:	00 93 44 05 	sts	0x0544, r16	; 0x800544 <_ZL14freqProgram3am>
    38fa:	10 93 45 05 	sts	0x0545, r17	; 0x800545 <_ZL14freqProgram3am+0x1>
    38fe:	3a c4       	rjmp	.+2164   	; 0x4174 <loop+0x18dc>
					}
						
					wasRecognized = true;
				}
				else if (memcmp(&irmp_data, &irmp_program4, sizeof(irmp_data) - 1) == 0)
    3900:	45 e0       	ldi	r20, 0x05	; 5
    3902:	50 e0       	ldi	r21, 0x00	; 0
    3904:	6c e3       	ldi	r22, 0x3C	; 60
    3906:	75 e0       	ldi	r23, 0x05	; 5
    3908:	8b e7       	ldi	r24, 0x7B	; 123
    390a:	95 e0       	ldi	r25, 0x05	; 5
    390c:	0e 94 f6 38 	call	0x71ec	; 0x71ec <memcmp>
    3910:	89 2b       	or	r24, r25
    3912:	c9 f5       	brne	.+114    	; 0x3986 <loop+0x10ee>
				{
					if (getMode() == MODE_RADIO_FM)
    3914:	0e 94 de 08 	call	0x11bc	; 0x11bc <_ZL7getModev>
    3918:	81 11       	cpse	r24, r1
    391a:	18 c0       	rjmp	.+48     	; 0x394c <loop+0x10b4>
    391c:	00 91 82 06 	lds	r16, 0x0682	; 0x800682 <_ZL6si4735+0x9d>
    3920:	10 91 83 06 	lds	r17, 0x0683	; 0x800683 <_ZL6si4735+0x9e>
					{
						unsigned int freq = si4735.getCurrentFrequency();
						eeprom_update_byte((unsigned char*)PROGRAM4_FM_FREQ_ADDRESS, freq & 0xFF);
    3924:	60 2f       	mov	r22, r16
    3926:	80 91 7e 01 	lds	r24, 0x017E	; 0x80017e <PROGRAM4_FM_FREQ_ADDRESS>
    392a:	90 91 7f 01 	lds	r25, 0x017F	; 0x80017f <PROGRAM4_FM_FREQ_ADDRESS+0x1>
    392e:	0e 94 d9 3b 	call	0x77b2	; 0x77b2 <eeprom_update_byte>
						eeprom_update_byte((unsigned char*)PROGRAM4_FM_FREQ_ADDRESS + 1, freq >> 8);
    3932:	80 91 7e 01 	lds	r24, 0x017E	; 0x80017e <PROGRAM4_FM_FREQ_ADDRESS>
    3936:	90 91 7f 01 	lds	r25, 0x017F	; 0x80017f <PROGRAM4_FM_FREQ_ADDRESS+0x1>
    393a:	61 2f       	mov	r22, r17
    393c:	01 96       	adiw	r24, 0x01	; 1
    393e:	0e 94 d9 3b 	call	0x77b2	; 0x77b2 <eeprom_update_byte>
						freqProgram4fm = freq;
    3942:	00 93 38 05 	sts	0x0538, r16	; 0x800538 <_ZL14freqProgram4fm>
    3946:	10 93 39 05 	sts	0x0539, r17	; 0x800539 <_ZL14freqProgram4fm+0x1>
    394a:	14 c4       	rjmp	.+2088   	; 0x4174 <loop+0x18dc>
					}
					else if (getMode() == MODE_RADIO_AM)
    394c:	0e 94 de 08 	call	0x11bc	; 0x11bc <_ZL7getModev>
    3950:	81 30       	cpi	r24, 0x01	; 1
    3952:	09 f0       	breq	.+2      	; 0x3956 <loop+0x10be>
    3954:	0f c4       	rjmp	.+2078   	; 0x4174 <loop+0x18dc>
    3956:	00 91 82 06 	lds	r16, 0x0682	; 0x800682 <_ZL6si4735+0x9d>
    395a:	10 91 83 06 	lds	r17, 0x0683	; 0x800683 <_ZL6si4735+0x9e>
					{
						unsigned int freq = si4735.getCurrentFrequency();
						eeprom_update_byte((unsigned char*)PROGRAM4_AM_FREQ_ADDRESS, freq & 0xFF);
    395e:	60 2f       	mov	r22, r16
    3960:	80 91 80 01 	lds	r24, 0x0180	; 0x800180 <PROGRAM4_AM_FREQ_ADDRESS>
    3964:	90 91 81 01 	lds	r25, 0x0181	; 0x800181 <PROGRAM4_AM_FREQ_ADDRESS+0x1>
    3968:	0e 94 d9 3b 	call	0x77b2	; 0x77b2 <eeprom_update_byte>
						eeprom_update_byte((unsigned char*)PROGRAM4_AM_FREQ_ADDRESS + 1, freq >> 8);
    396c:	80 91 80 01 	lds	r24, 0x0180	; 0x800180 <PROGRAM4_AM_FREQ_ADDRESS>
    3970:	90 91 81 01 	lds	r25, 0x0181	; 0x800181 <PROGRAM4_AM_FREQ_ADDRESS+0x1>
    3974:	61 2f       	mov	r22, r17
    3976:	01 96       	adiw	r24, 0x01	; 1
    3978:	0e 94 d9 3b 	call	0x77b2	; 0x77b2 <eeprom_update_byte>
						freqProgram4am = freq;
    397c:	00 93 3a 05 	sts	0x053A, r16	; 0x80053a <_ZL14freqProgram4am>
    3980:	10 93 3b 05 	sts	0x053B, r17	; 0x80053b <_ZL14freqProgram4am+0x1>
    3984:	f7 c3       	rjmp	.+2030   	; 0x4174 <loop+0x18dc>
					}
						
					wasRecognized = true;
				}
				else if (memcmp(&irmp_data, &irmp_program5, sizeof(irmp_data) - 1) == 0)
    3986:	45 e0       	ldi	r20, 0x05	; 5
    3988:	50 e0       	ldi	r21, 0x00	; 0
    398a:	62 e3       	ldi	r22, 0x32	; 50
    398c:	75 e0       	ldi	r23, 0x05	; 5
    398e:	8b e7       	ldi	r24, 0x7B	; 123
    3990:	95 e0       	ldi	r25, 0x05	; 5
    3992:	0e 94 f6 38 	call	0x71ec	; 0x71ec <memcmp>
    3996:	89 2b       	or	r24, r25
    3998:	c9 f5       	brne	.+114    	; 0x3a0c <loop+0x1174>
				{
					if (getMode() == MODE_RADIO_FM)
    399a:	0e 94 de 08 	call	0x11bc	; 0x11bc <_ZL7getModev>
    399e:	81 11       	cpse	r24, r1
    39a0:	18 c0       	rjmp	.+48     	; 0x39d2 <loop+0x113a>
    39a2:	00 91 82 06 	lds	r16, 0x0682	; 0x800682 <_ZL6si4735+0x9d>
    39a6:	10 91 83 06 	lds	r17, 0x0683	; 0x800683 <_ZL6si4735+0x9e>
					{
						unsigned int freq = si4735.getCurrentFrequency();
						eeprom_update_byte((unsigned char*)PROGRAM5_FM_FREQ_ADDRESS, freq & 0xFF);
    39aa:	60 2f       	mov	r22, r16
    39ac:	80 91 78 01 	lds	r24, 0x0178	; 0x800178 <PROGRAM5_FM_FREQ_ADDRESS>
    39b0:	90 91 79 01 	lds	r25, 0x0179	; 0x800179 <PROGRAM5_FM_FREQ_ADDRESS+0x1>
    39b4:	0e 94 d9 3b 	call	0x77b2	; 0x77b2 <eeprom_update_byte>
						eeprom_update_byte((unsigned char*)PROGRAM5_FM_FREQ_ADDRESS + 1, freq >> 8);
    39b8:	80 91 78 01 	lds	r24, 0x0178	; 0x800178 <PROGRAM5_FM_FREQ_ADDRESS>
    39bc:	90 91 79 01 	lds	r25, 0x0179	; 0x800179 <PROGRAM5_FM_FREQ_ADDRESS+0x1>
    39c0:	61 2f       	mov	r22, r17
    39c2:	01 96       	adiw	r24, 0x01	; 1
    39c4:	0e 94 d9 3b 	call	0x77b2	; 0x77b2 <eeprom_update_byte>
						freqProgram5fm = freq;
    39c8:	00 93 2e 05 	sts	0x052E, r16	; 0x80052e <_ZL14freqProgram5fm>
    39cc:	10 93 2f 05 	sts	0x052F, r17	; 0x80052f <_ZL14freqProgram5fm+0x1>
    39d0:	d1 c3       	rjmp	.+1954   	; 0x4174 <loop+0x18dc>
					}
					else if (getMode() == MODE_RADIO_AM)
    39d2:	0e 94 de 08 	call	0x11bc	; 0x11bc <_ZL7getModev>
    39d6:	81 30       	cpi	r24, 0x01	; 1
    39d8:	09 f0       	breq	.+2      	; 0x39dc <loop+0x1144>
    39da:	cc c3       	rjmp	.+1944   	; 0x4174 <loop+0x18dc>
    39dc:	00 91 82 06 	lds	r16, 0x0682	; 0x800682 <_ZL6si4735+0x9d>
    39e0:	10 91 83 06 	lds	r17, 0x0683	; 0x800683 <_ZL6si4735+0x9e>
					{
						unsigned int freq = si4735.getCurrentFrequency();
						eeprom_update_byte((unsigned char*)PROGRAM5_AM_FREQ_ADDRESS, freq & 0xFF);
    39e4:	60 2f       	mov	r22, r16
    39e6:	80 91 7a 01 	lds	r24, 0x017A	; 0x80017a <PROGRAM5_AM_FREQ_ADDRESS>
    39ea:	90 91 7b 01 	lds	r25, 0x017B	; 0x80017b <PROGRAM5_AM_FREQ_ADDRESS+0x1>
    39ee:	0e 94 d9 3b 	call	0x77b2	; 0x77b2 <eeprom_update_byte>
						eeprom_update_byte((unsigned char*)PROGRAM5_AM_FREQ_ADDRESS + 1, freq >> 8);
    39f2:	80 91 7a 01 	lds	r24, 0x017A	; 0x80017a <PROGRAM5_AM_FREQ_ADDRESS>
    39f6:	90 91 7b 01 	lds	r25, 0x017B	; 0x80017b <PROGRAM5_AM_FREQ_ADDRESS+0x1>
    39fa:	61 2f       	mov	r22, r17
    39fc:	01 96       	adiw	r24, 0x01	; 1
    39fe:	0e 94 d9 3b 	call	0x77b2	; 0x77b2 <eeprom_update_byte>
						freqProgram5am = freq;
    3a02:	00 93 30 05 	sts	0x0530, r16	; 0x800530 <_ZL14freqProgram5am>
    3a06:	10 93 31 05 	sts	0x0531, r17	; 0x800531 <_ZL14freqProgram5am+0x1>
    3a0a:	b4 c3       	rjmp	.+1896   	; 0x4174 <loop+0x18dc>
					}
						
					wasRecognized = true;
				}
				else if (memcmp(&irmp_data, &irmp_program6, sizeof(irmp_data) - 1) == 0)
    3a0c:	45 e0       	ldi	r20, 0x05	; 5
    3a0e:	50 e0       	ldi	r21, 0x00	; 0
    3a10:	68 e2       	ldi	r22, 0x28	; 40
    3a12:	75 e0       	ldi	r23, 0x05	; 5
    3a14:	8b e7       	ldi	r24, 0x7B	; 123
    3a16:	95 e0       	ldi	r25, 0x05	; 5
    3a18:	0e 94 f6 38 	call	0x71ec	; 0x71ec <memcmp>
    3a1c:	89 2b       	or	r24, r25
    3a1e:	c9 f5       	brne	.+114    	; 0x3a92 <loop+0x11fa>
				{
					if (getMode() == MODE_RADIO_FM)
    3a20:	0e 94 de 08 	call	0x11bc	; 0x11bc <_ZL7getModev>
    3a24:	81 11       	cpse	r24, r1
    3a26:	18 c0       	rjmp	.+48     	; 0x3a58 <loop+0x11c0>
    3a28:	00 91 82 06 	lds	r16, 0x0682	; 0x800682 <_ZL6si4735+0x9d>
    3a2c:	10 91 83 06 	lds	r17, 0x0683	; 0x800683 <_ZL6si4735+0x9e>
					{
						unsigned int freq = si4735.getCurrentFrequency();
						eeprom_update_byte((unsigned char*)PROGRAM6_FM_FREQ_ADDRESS, freq & 0xFF);
    3a30:	60 2f       	mov	r22, r16
    3a32:	80 91 72 01 	lds	r24, 0x0172	; 0x800172 <PROGRAM6_FM_FREQ_ADDRESS>
    3a36:	90 91 73 01 	lds	r25, 0x0173	; 0x800173 <PROGRAM6_FM_FREQ_ADDRESS+0x1>
    3a3a:	0e 94 d9 3b 	call	0x77b2	; 0x77b2 <eeprom_update_byte>
						eeprom_update_byte((unsigned char*)PROGRAM6_FM_FREQ_ADDRESS + 1, freq >> 8);
    3a3e:	80 91 72 01 	lds	r24, 0x0172	; 0x800172 <PROGRAM6_FM_FREQ_ADDRESS>
    3a42:	90 91 73 01 	lds	r25, 0x0173	; 0x800173 <PROGRAM6_FM_FREQ_ADDRESS+0x1>
    3a46:	61 2f       	mov	r22, r17
    3a48:	01 96       	adiw	r24, 0x01	; 1
    3a4a:	0e 94 d9 3b 	call	0x77b2	; 0x77b2 <eeprom_update_byte>
						freqProgram6fm = freq;
    3a4e:	00 93 24 05 	sts	0x0524, r16	; 0x800524 <_ZL14freqProgram6fm>
    3a52:	10 93 25 05 	sts	0x0525, r17	; 0x800525 <_ZL14freqProgram6fm+0x1>
    3a56:	8e c3       	rjmp	.+1820   	; 0x4174 <loop+0x18dc>
					}
					else if (getMode() == MODE_RADIO_AM)
    3a58:	0e 94 de 08 	call	0x11bc	; 0x11bc <_ZL7getModev>
    3a5c:	81 30       	cpi	r24, 0x01	; 1
    3a5e:	09 f0       	breq	.+2      	; 0x3a62 <loop+0x11ca>
    3a60:	89 c3       	rjmp	.+1810   	; 0x4174 <loop+0x18dc>
    3a62:	00 91 82 06 	lds	r16, 0x0682	; 0x800682 <_ZL6si4735+0x9d>
    3a66:	10 91 83 06 	lds	r17, 0x0683	; 0x800683 <_ZL6si4735+0x9e>
					{
						unsigned int freq = si4735.getCurrentFrequency();
						eeprom_update_byte((unsigned char*)PROGRAM6_AM_FREQ_ADDRESS, freq & 0xFF);
    3a6a:	60 2f       	mov	r22, r16
    3a6c:	80 91 74 01 	lds	r24, 0x0174	; 0x800174 <PROGRAM6_AM_FREQ_ADDRESS>
    3a70:	90 91 75 01 	lds	r25, 0x0175	; 0x800175 <PROGRAM6_AM_FREQ_ADDRESS+0x1>
    3a74:	0e 94 d9 3b 	call	0x77b2	; 0x77b2 <eeprom_update_byte>
						eeprom_update_byte((unsigned char*)PROGRAM6_AM_FREQ_ADDRESS + 1, freq >> 8);
    3a78:	80 91 74 01 	lds	r24, 0x0174	; 0x800174 <PROGRAM6_AM_FREQ_ADDRESS>
    3a7c:	90 91 75 01 	lds	r25, 0x0175	; 0x800175 <PROGRAM6_AM_FREQ_ADDRESS+0x1>
    3a80:	61 2f       	mov	r22, r17
    3a82:	01 96       	adiw	r24, 0x01	; 1
    3a84:	0e 94 d9 3b 	call	0x77b2	; 0x77b2 <eeprom_update_byte>
						freqProgram6am = freq;
    3a88:	00 93 26 05 	sts	0x0526, r16	; 0x800526 <_ZL14freqProgram6am>
    3a8c:	10 93 27 05 	sts	0x0527, r17	; 0x800527 <_ZL14freqProgram6am+0x1>
    3a90:	71 c3       	rjmp	.+1762   	; 0x4174 <loop+0x18dc>
					}
						
					wasRecognized = true;
				}
				else if (memcmp(&irmp_data, &irmp_program7, sizeof(irmp_data) - 1) == 0)
    3a92:	45 e0       	ldi	r20, 0x05	; 5
    3a94:	50 e0       	ldi	r21, 0x00	; 0
    3a96:	6e e1       	ldi	r22, 0x1E	; 30
    3a98:	75 e0       	ldi	r23, 0x05	; 5
    3a9a:	8b e7       	ldi	r24, 0x7B	; 123
    3a9c:	95 e0       	ldi	r25, 0x05	; 5
    3a9e:	0e 94 f6 38 	call	0x71ec	; 0x71ec <memcmp>
    3aa2:	89 2b       	or	r24, r25
    3aa4:	c9 f5       	brne	.+114    	; 0x3b18 <loop+0x1280>
				{
					if (getMode() == MODE_RADIO_FM)
    3aa6:	0e 94 de 08 	call	0x11bc	; 0x11bc <_ZL7getModev>
    3aaa:	81 11       	cpse	r24, r1
    3aac:	18 c0       	rjmp	.+48     	; 0x3ade <loop+0x1246>
    3aae:	00 91 82 06 	lds	r16, 0x0682	; 0x800682 <_ZL6si4735+0x9d>
    3ab2:	10 91 83 06 	lds	r17, 0x0683	; 0x800683 <_ZL6si4735+0x9e>
					{
						unsigned int freq = si4735.getCurrentFrequency();
						eeprom_update_byte((unsigned char*)PROGRAM7_FM_FREQ_ADDRESS, freq & 0xFF);
    3ab6:	60 2f       	mov	r22, r16
    3ab8:	80 91 6c 01 	lds	r24, 0x016C	; 0x80016c <PROGRAM7_FM_FREQ_ADDRESS>
    3abc:	90 91 6d 01 	lds	r25, 0x016D	; 0x80016d <PROGRAM7_FM_FREQ_ADDRESS+0x1>
    3ac0:	0e 94 d9 3b 	call	0x77b2	; 0x77b2 <eeprom_update_byte>
						eeprom_update_byte((unsigned char*)PROGRAM7_FM_FREQ_ADDRESS + 1, freq >> 8);
    3ac4:	80 91 6c 01 	lds	r24, 0x016C	; 0x80016c <PROGRAM7_FM_FREQ_ADDRESS>
    3ac8:	90 91 6d 01 	lds	r25, 0x016D	; 0x80016d <PROGRAM7_FM_FREQ_ADDRESS+0x1>
    3acc:	61 2f       	mov	r22, r17
    3ace:	01 96       	adiw	r24, 0x01	; 1
    3ad0:	0e 94 d9 3b 	call	0x77b2	; 0x77b2 <eeprom_update_byte>
						freqProgram7fm = freq;
    3ad4:	00 93 1a 05 	sts	0x051A, r16	; 0x80051a <_ZL14freqProgram7fm>
    3ad8:	10 93 1b 05 	sts	0x051B, r17	; 0x80051b <_ZL14freqProgram7fm+0x1>
    3adc:	4b c3       	rjmp	.+1686   	; 0x4174 <loop+0x18dc>
					}
					else if (getMode() == MODE_RADIO_AM)
    3ade:	0e 94 de 08 	call	0x11bc	; 0x11bc <_ZL7getModev>
    3ae2:	81 30       	cpi	r24, 0x01	; 1
    3ae4:	09 f0       	breq	.+2      	; 0x3ae8 <loop+0x1250>
    3ae6:	46 c3       	rjmp	.+1676   	; 0x4174 <loop+0x18dc>
    3ae8:	00 91 82 06 	lds	r16, 0x0682	; 0x800682 <_ZL6si4735+0x9d>
    3aec:	10 91 83 06 	lds	r17, 0x0683	; 0x800683 <_ZL6si4735+0x9e>
					{
						unsigned int freq = si4735.getCurrentFrequency();
						eeprom_update_byte((unsigned char*)PROGRAM7_AM_FREQ_ADDRESS, freq & 0xFF);
    3af0:	60 2f       	mov	r22, r16
    3af2:	80 91 6e 01 	lds	r24, 0x016E	; 0x80016e <PROGRAM7_AM_FREQ_ADDRESS>
    3af6:	90 91 6f 01 	lds	r25, 0x016F	; 0x80016f <PROGRAM7_AM_FREQ_ADDRESS+0x1>
    3afa:	0e 94 d9 3b 	call	0x77b2	; 0x77b2 <eeprom_update_byte>
						eeprom_update_byte((unsigned char*)PROGRAM7_AM_FREQ_ADDRESS + 1, freq >> 8);
    3afe:	80 91 6e 01 	lds	r24, 0x016E	; 0x80016e <PROGRAM7_AM_FREQ_ADDRESS>
    3b02:	90 91 6f 01 	lds	r25, 0x016F	; 0x80016f <PROGRAM7_AM_FREQ_ADDRESS+0x1>
    3b06:	61 2f       	mov	r22, r17
    3b08:	01 96       	adiw	r24, 0x01	; 1
    3b0a:	0e 94 d9 3b 	call	0x77b2	; 0x77b2 <eeprom_update_byte>
						freqProgram7am = freq;
    3b0e:	00 93 1c 05 	sts	0x051C, r16	; 0x80051c <_ZL14freqProgram7am>
    3b12:	10 93 1d 05 	sts	0x051D, r17	; 0x80051d <_ZL14freqProgram7am+0x1>
    3b16:	2e c3       	rjmp	.+1628   	; 0x4174 <loop+0x18dc>
					}
						
					wasRecognized = true;
				}
				else if (memcmp(&irmp_data, &irmp_program8, sizeof(irmp_data) - 1) == 0)
    3b18:	45 e0       	ldi	r20, 0x05	; 5
    3b1a:	50 e0       	ldi	r21, 0x00	; 0
    3b1c:	64 e1       	ldi	r22, 0x14	; 20
    3b1e:	75 e0       	ldi	r23, 0x05	; 5
    3b20:	8b e7       	ldi	r24, 0x7B	; 123
    3b22:	95 e0       	ldi	r25, 0x05	; 5
    3b24:	0e 94 f6 38 	call	0x71ec	; 0x71ec <memcmp>
    3b28:	89 2b       	or	r24, r25
    3b2a:	c9 f5       	brne	.+114    	; 0x3b9e <loop+0x1306>
				{
					if (getMode() == MODE_RADIO_FM)
    3b2c:	0e 94 de 08 	call	0x11bc	; 0x11bc <_ZL7getModev>
    3b30:	81 11       	cpse	r24, r1
    3b32:	18 c0       	rjmp	.+48     	; 0x3b64 <loop+0x12cc>
    3b34:	00 91 82 06 	lds	r16, 0x0682	; 0x800682 <_ZL6si4735+0x9d>
    3b38:	10 91 83 06 	lds	r17, 0x0683	; 0x800683 <_ZL6si4735+0x9e>
					{
						unsigned int freq = si4735.getCurrentFrequency();
						eeprom_update_byte((unsigned char*)PROGRAM8_FM_FREQ_ADDRESS, freq & 0xFF);
    3b3c:	60 2f       	mov	r22, r16
    3b3e:	80 91 66 01 	lds	r24, 0x0166	; 0x800166 <PROGRAM8_FM_FREQ_ADDRESS>
    3b42:	90 91 67 01 	lds	r25, 0x0167	; 0x800167 <PROGRAM8_FM_FREQ_ADDRESS+0x1>
    3b46:	0e 94 d9 3b 	call	0x77b2	; 0x77b2 <eeprom_update_byte>
						eeprom_update_byte((unsigned char*)PROGRAM8_FM_FREQ_ADDRESS + 1, freq >> 8);
    3b4a:	80 91 66 01 	lds	r24, 0x0166	; 0x800166 <PROGRAM8_FM_FREQ_ADDRESS>
    3b4e:	90 91 67 01 	lds	r25, 0x0167	; 0x800167 <PROGRAM8_FM_FREQ_ADDRESS+0x1>
    3b52:	61 2f       	mov	r22, r17
    3b54:	01 96       	adiw	r24, 0x01	; 1
    3b56:	0e 94 d9 3b 	call	0x77b2	; 0x77b2 <eeprom_update_byte>
						freqProgram8fm = freq;
    3b5a:	00 93 10 05 	sts	0x0510, r16	; 0x800510 <_ZL14freqProgram8fm>
    3b5e:	10 93 11 05 	sts	0x0511, r17	; 0x800511 <_ZL14freqProgram8fm+0x1>
    3b62:	08 c3       	rjmp	.+1552   	; 0x4174 <loop+0x18dc>
					}
					else if (getMode() == MODE_RADIO_AM)
    3b64:	0e 94 de 08 	call	0x11bc	; 0x11bc <_ZL7getModev>
    3b68:	81 30       	cpi	r24, 0x01	; 1
    3b6a:	09 f0       	breq	.+2      	; 0x3b6e <loop+0x12d6>
    3b6c:	03 c3       	rjmp	.+1542   	; 0x4174 <loop+0x18dc>
    3b6e:	00 91 82 06 	lds	r16, 0x0682	; 0x800682 <_ZL6si4735+0x9d>
    3b72:	10 91 83 06 	lds	r17, 0x0683	; 0x800683 <_ZL6si4735+0x9e>
					{
						unsigned int freq = si4735.getCurrentFrequency();
						eeprom_update_byte((unsigned char*)PROGRAM8_AM_FREQ_ADDRESS, freq & 0xFF);
    3b76:	60 2f       	mov	r22, r16
    3b78:	80 91 68 01 	lds	r24, 0x0168	; 0x800168 <PROGRAM8_AM_FREQ_ADDRESS>
    3b7c:	90 91 69 01 	lds	r25, 0x0169	; 0x800169 <PROGRAM8_AM_FREQ_ADDRESS+0x1>
    3b80:	0e 94 d9 3b 	call	0x77b2	; 0x77b2 <eeprom_update_byte>
						eeprom_update_byte((unsigned char*)PROGRAM8_AM_FREQ_ADDRESS + 1, freq >> 8);
    3b84:	80 91 68 01 	lds	r24, 0x0168	; 0x800168 <PROGRAM8_AM_FREQ_ADDRESS>
    3b88:	90 91 69 01 	lds	r25, 0x0169	; 0x800169 <PROGRAM8_AM_FREQ_ADDRESS+0x1>
    3b8c:	61 2f       	mov	r22, r17
    3b8e:	01 96       	adiw	r24, 0x01	; 1
    3b90:	0e 94 d9 3b 	call	0x77b2	; 0x77b2 <eeprom_update_byte>
						freqProgram8am = freq;
    3b94:	00 93 12 05 	sts	0x0512, r16	; 0x800512 <_ZL14freqProgram8am>
    3b98:	10 93 13 05 	sts	0x0513, r17	; 0x800513 <_ZL14freqProgram8am+0x1>
    3b9c:	eb c2       	rjmp	.+1494   	; 0x4174 <loop+0x18dc>
					}
						
					wasRecognized = true;
				}
				else if (memcmp(&irmp_data, &irmp_program9, sizeof(irmp_data) - 1) == 0)
    3b9e:	45 e0       	ldi	r20, 0x05	; 5
    3ba0:	50 e0       	ldi	r21, 0x00	; 0
    3ba2:	6a e0       	ldi	r22, 0x0A	; 10
    3ba4:	75 e0       	ldi	r23, 0x05	; 5
    3ba6:	8b e7       	ldi	r24, 0x7B	; 123
    3ba8:	95 e0       	ldi	r25, 0x05	; 5
    3baa:	0e 94 f6 38 	call	0x71ec	; 0x71ec <memcmp>
    3bae:	89 2b       	or	r24, r25
    3bb0:	c9 f5       	brne	.+114    	; 0x3c24 <loop+0x138c>
				{
					if (getMode() == MODE_RADIO_FM)
    3bb2:	0e 94 de 08 	call	0x11bc	; 0x11bc <_ZL7getModev>
    3bb6:	81 11       	cpse	r24, r1
    3bb8:	18 c0       	rjmp	.+48     	; 0x3bea <loop+0x1352>
    3bba:	00 91 82 06 	lds	r16, 0x0682	; 0x800682 <_ZL6si4735+0x9d>
    3bbe:	10 91 83 06 	lds	r17, 0x0683	; 0x800683 <_ZL6si4735+0x9e>
					{
						unsigned int freq = si4735.getCurrentFrequency();
						eeprom_update_byte((unsigned char*)PROGRAM9_FM_FREQ_ADDRESS, freq & 0xFF);
    3bc2:	60 2f       	mov	r22, r16
    3bc4:	80 91 60 01 	lds	r24, 0x0160	; 0x800160 <PROGRAM9_FM_FREQ_ADDRESS>
    3bc8:	90 91 61 01 	lds	r25, 0x0161	; 0x800161 <PROGRAM9_FM_FREQ_ADDRESS+0x1>
    3bcc:	0e 94 d9 3b 	call	0x77b2	; 0x77b2 <eeprom_update_byte>
						eeprom_update_byte((unsigned char*)PROGRAM9_FM_FREQ_ADDRESS + 1, freq >> 8);
    3bd0:	80 91 60 01 	lds	r24, 0x0160	; 0x800160 <PROGRAM9_FM_FREQ_ADDRESS>
    3bd4:	90 91 61 01 	lds	r25, 0x0161	; 0x800161 <PROGRAM9_FM_FREQ_ADDRESS+0x1>
    3bd8:	61 2f       	mov	r22, r17
    3bda:	01 96       	adiw	r24, 0x01	; 1
    3bdc:	0e 94 d9 3b 	call	0x77b2	; 0x77b2 <eeprom_update_byte>
						freqProgram9fm = freq;
    3be0:	00 93 06 05 	sts	0x0506, r16	; 0x800506 <_ZL14freqProgram9fm>
    3be4:	10 93 07 05 	sts	0x0507, r17	; 0x800507 <_ZL14freqProgram9fm+0x1>
    3be8:	c5 c2       	rjmp	.+1418   	; 0x4174 <loop+0x18dc>
					}
					else if (getMode() == MODE_RADIO_AM)
    3bea:	0e 94 de 08 	call	0x11bc	; 0x11bc <_ZL7getModev>
    3bee:	81 30       	cpi	r24, 0x01	; 1
    3bf0:	09 f0       	breq	.+2      	; 0x3bf4 <loop+0x135c>
    3bf2:	c0 c2       	rjmp	.+1408   	; 0x4174 <loop+0x18dc>
    3bf4:	00 91 82 06 	lds	r16, 0x0682	; 0x800682 <_ZL6si4735+0x9d>
    3bf8:	10 91 83 06 	lds	r17, 0x0683	; 0x800683 <_ZL6si4735+0x9e>
					{
						unsigned int freq = si4735.getCurrentFrequency();
						eeprom_update_byte((unsigned char*)PROGRAM9_AM_FREQ_ADDRESS, freq & 0xFF);
    3bfc:	60 2f       	mov	r22, r16
    3bfe:	80 91 62 01 	lds	r24, 0x0162	; 0x800162 <PROGRAM9_AM_FREQ_ADDRESS>
    3c02:	90 91 63 01 	lds	r25, 0x0163	; 0x800163 <PROGRAM9_AM_FREQ_ADDRESS+0x1>
    3c06:	0e 94 d9 3b 	call	0x77b2	; 0x77b2 <eeprom_update_byte>
						eeprom_update_byte((unsigned char*)PROGRAM9_AM_FREQ_ADDRESS + 1, freq >> 8);
    3c0a:	80 91 62 01 	lds	r24, 0x0162	; 0x800162 <PROGRAM9_AM_FREQ_ADDRESS>
    3c0e:	90 91 63 01 	lds	r25, 0x0163	; 0x800163 <PROGRAM9_AM_FREQ_ADDRESS+0x1>
    3c12:	61 2f       	mov	r22, r17
    3c14:	01 96       	adiw	r24, 0x01	; 1
    3c16:	0e 94 d9 3b 	call	0x77b2	; 0x77b2 <eeprom_update_byte>
						freqProgram9am = freq;
    3c1a:	00 93 08 05 	sts	0x0508, r16	; 0x800508 <_ZL14freqProgram9am>
    3c1e:	10 93 09 05 	sts	0x0509, r17	; 0x800509 <_ZL14freqProgram9am+0x1>
    3c22:	a8 c2       	rjmp	.+1360   	; 0x4174 <loop+0x18dc>
					}
						
					wasRecognized = true;
				}
				else if (memcmp(&irmp_data, &irmp_program10, sizeof(irmp_data) - 1) == 0)
    3c24:	45 e0       	ldi	r20, 0x05	; 5
    3c26:	50 e0       	ldi	r21, 0x00	; 0
    3c28:	60 e0       	ldi	r22, 0x00	; 0
    3c2a:	75 e0       	ldi	r23, 0x05	; 5
    3c2c:	8b e7       	ldi	r24, 0x7B	; 123
    3c2e:	95 e0       	ldi	r25, 0x05	; 5
    3c30:	0e 94 f6 38 	call	0x71ec	; 0x71ec <memcmp>
    3c34:	89 2b       	or	r24, r25
    3c36:	c9 f5       	brne	.+114    	; 0x3caa <loop+0x1412>
				{
					if (getMode() == MODE_RADIO_FM)
    3c38:	0e 94 de 08 	call	0x11bc	; 0x11bc <_ZL7getModev>
    3c3c:	81 11       	cpse	r24, r1
    3c3e:	18 c0       	rjmp	.+48     	; 0x3c70 <loop+0x13d8>
    3c40:	00 91 82 06 	lds	r16, 0x0682	; 0x800682 <_ZL6si4735+0x9d>
    3c44:	10 91 83 06 	lds	r17, 0x0683	; 0x800683 <_ZL6si4735+0x9e>
					{
						unsigned int freq = si4735.getCurrentFrequency();
						eeprom_update_byte((unsigned char*)PROGRAM10_FM_FREQ_ADDRESS, freq & 0xFF);
    3c48:	60 2f       	mov	r22, r16
    3c4a:	80 91 5a 01 	lds	r24, 0x015A	; 0x80015a <PROGRAM10_FM_FREQ_ADDRESS>
    3c4e:	90 91 5b 01 	lds	r25, 0x015B	; 0x80015b <PROGRAM10_FM_FREQ_ADDRESS+0x1>
    3c52:	0e 94 d9 3b 	call	0x77b2	; 0x77b2 <eeprom_update_byte>
						eeprom_update_byte((unsigned char*)PROGRAM10_FM_FREQ_ADDRESS + 1, freq >> 8);
    3c56:	80 91 5a 01 	lds	r24, 0x015A	; 0x80015a <PROGRAM10_FM_FREQ_ADDRESS>
    3c5a:	90 91 5b 01 	lds	r25, 0x015B	; 0x80015b <PROGRAM10_FM_FREQ_ADDRESS+0x1>
    3c5e:	61 2f       	mov	r22, r17
    3c60:	01 96       	adiw	r24, 0x01	; 1
    3c62:	0e 94 d9 3b 	call	0x77b2	; 0x77b2 <eeprom_update_byte>
						freqProgram10fm = freq;
    3c66:	00 93 fc 04 	sts	0x04FC, r16	; 0x8004fc <_ZL15freqProgram10fm>
    3c6a:	10 93 fd 04 	sts	0x04FD, r17	; 0x8004fd <_ZL15freqProgram10fm+0x1>
    3c6e:	82 c2       	rjmp	.+1284   	; 0x4174 <loop+0x18dc>
					}
					else if (getMode() == MODE_RADIO_AM)
    3c70:	0e 94 de 08 	call	0x11bc	; 0x11bc <_ZL7getModev>
    3c74:	81 30       	cpi	r24, 0x01	; 1
    3c76:	09 f0       	breq	.+2      	; 0x3c7a <loop+0x13e2>
    3c78:	7d c2       	rjmp	.+1274   	; 0x4174 <loop+0x18dc>
    3c7a:	00 91 82 06 	lds	r16, 0x0682	; 0x800682 <_ZL6si4735+0x9d>
    3c7e:	10 91 83 06 	lds	r17, 0x0683	; 0x800683 <_ZL6si4735+0x9e>
					{
						unsigned int freq = si4735.getCurrentFrequency();
						eeprom_update_byte((unsigned char*)PROGRAM10_AM_FREQ_ADDRESS, freq & 0xFF);
    3c82:	60 2f       	mov	r22, r16
    3c84:	80 91 5c 01 	lds	r24, 0x015C	; 0x80015c <PROGRAM10_AM_FREQ_ADDRESS>
    3c88:	90 91 5d 01 	lds	r25, 0x015D	; 0x80015d <PROGRAM10_AM_FREQ_ADDRESS+0x1>
    3c8c:	0e 94 d9 3b 	call	0x77b2	; 0x77b2 <eeprom_update_byte>
						eeprom_update_byte((unsigned char*)PROGRAM10_AM_FREQ_ADDRESS + 1, freq >> 8);
    3c90:	80 91 5c 01 	lds	r24, 0x015C	; 0x80015c <PROGRAM10_AM_FREQ_ADDRESS>
    3c94:	90 91 5d 01 	lds	r25, 0x015D	; 0x80015d <PROGRAM10_AM_FREQ_ADDRESS+0x1>
    3c98:	61 2f       	mov	r22, r17
    3c9a:	01 96       	adiw	r24, 0x01	; 1
    3c9c:	0e 94 d9 3b 	call	0x77b2	; 0x77b2 <eeprom_update_byte>
						freqProgram10am = freq;
    3ca0:	00 93 fe 04 	sts	0x04FE, r16	; 0x8004fe <_ZL15freqProgram10am>
    3ca4:	10 93 ff 04 	sts	0x04FF, r17	; 0x8004ff <_ZL15freqProgram10am+0x1>
    3ca8:	65 c2       	rjmp	.+1226   	; 0x4174 <loop+0x18dc>
					}
				
					wasRecognized = true;
				}
				else if (memcmp(&irmp_data, &irmp_program11, sizeof(irmp_data) - 1) == 0)
    3caa:	45 e0       	ldi	r20, 0x05	; 5
    3cac:	50 e0       	ldi	r21, 0x00	; 0
    3cae:	66 ef       	ldi	r22, 0xF6	; 246
    3cb0:	74 e0       	ldi	r23, 0x04	; 4
    3cb2:	8b e7       	ldi	r24, 0x7B	; 123
    3cb4:	95 e0       	ldi	r25, 0x05	; 5
    3cb6:	0e 94 f6 38 	call	0x71ec	; 0x71ec <memcmp>
    3cba:	89 2b       	or	r24, r25
    3cbc:	c9 f5       	brne	.+114    	; 0x3d30 <loop+0x1498>
				{
					if (getMode() == MODE_RADIO_FM)
    3cbe:	0e 94 de 08 	call	0x11bc	; 0x11bc <_ZL7getModev>
    3cc2:	81 11       	cpse	r24, r1
    3cc4:	18 c0       	rjmp	.+48     	; 0x3cf6 <loop+0x145e>
    3cc6:	00 91 82 06 	lds	r16, 0x0682	; 0x800682 <_ZL6si4735+0x9d>
    3cca:	10 91 83 06 	lds	r17, 0x0683	; 0x800683 <_ZL6si4735+0x9e>
					{
						unsigned int freq = si4735.getCurrentFrequency();
						eeprom_update_byte((unsigned char*)PROGRAM11_FM_FREQ_ADDRESS, freq & 0xFF);
    3cce:	60 2f       	mov	r22, r16
    3cd0:	80 91 54 01 	lds	r24, 0x0154	; 0x800154 <PROGRAM11_FM_FREQ_ADDRESS>
    3cd4:	90 91 55 01 	lds	r25, 0x0155	; 0x800155 <PROGRAM11_FM_FREQ_ADDRESS+0x1>
    3cd8:	0e 94 d9 3b 	call	0x77b2	; 0x77b2 <eeprom_update_byte>
						eeprom_update_byte((unsigned char*)PROGRAM11_FM_FREQ_ADDRESS + 1, freq >> 8);
    3cdc:	80 91 54 01 	lds	r24, 0x0154	; 0x800154 <PROGRAM11_FM_FREQ_ADDRESS>
    3ce0:	90 91 55 01 	lds	r25, 0x0155	; 0x800155 <PROGRAM11_FM_FREQ_ADDRESS+0x1>
    3ce4:	61 2f       	mov	r22, r17
    3ce6:	01 96       	adiw	r24, 0x01	; 1
    3ce8:	0e 94 d9 3b 	call	0x77b2	; 0x77b2 <eeprom_update_byte>
						freqProgram11fm = freq;
    3cec:	00 93 f2 04 	sts	0x04F2, r16	; 0x8004f2 <_ZL15freqProgram11fm>
    3cf0:	10 93 f3 04 	sts	0x04F3, r17	; 0x8004f3 <_ZL15freqProgram11fm+0x1>
    3cf4:	3f c2       	rjmp	.+1150   	; 0x4174 <loop+0x18dc>
					}
					else if (getMode() == MODE_RADIO_AM)
    3cf6:	0e 94 de 08 	call	0x11bc	; 0x11bc <_ZL7getModev>
    3cfa:	81 30       	cpi	r24, 0x01	; 1
    3cfc:	09 f0       	breq	.+2      	; 0x3d00 <loop+0x1468>
    3cfe:	3a c2       	rjmp	.+1140   	; 0x4174 <loop+0x18dc>
    3d00:	00 91 82 06 	lds	r16, 0x0682	; 0x800682 <_ZL6si4735+0x9d>
    3d04:	10 91 83 06 	lds	r17, 0x0683	; 0x800683 <_ZL6si4735+0x9e>
					{
						unsigned int freq = si4735.getCurrentFrequency();
						eeprom_update_byte((unsigned char*)PROGRAM11_AM_FREQ_ADDRESS, freq & 0xFF);
    3d08:	60 2f       	mov	r22, r16
    3d0a:	80 91 56 01 	lds	r24, 0x0156	; 0x800156 <PROGRAM11_AM_FREQ_ADDRESS>
    3d0e:	90 91 57 01 	lds	r25, 0x0157	; 0x800157 <PROGRAM11_AM_FREQ_ADDRESS+0x1>
    3d12:	0e 94 d9 3b 	call	0x77b2	; 0x77b2 <eeprom_update_byte>
						eeprom_update_byte((unsigned char*)PROGRAM11_AM_FREQ_ADDRESS + 1, freq >> 8);
    3d16:	80 91 56 01 	lds	r24, 0x0156	; 0x800156 <PROGRAM11_AM_FREQ_ADDRESS>
    3d1a:	90 91 57 01 	lds	r25, 0x0157	; 0x800157 <PROGRAM11_AM_FREQ_ADDRESS+0x1>
    3d1e:	61 2f       	mov	r22, r17
    3d20:	01 96       	adiw	r24, 0x01	; 1
    3d22:	0e 94 d9 3b 	call	0x77b2	; 0x77b2 <eeprom_update_byte>
						freqProgram11am = freq;
    3d26:	00 93 f4 04 	sts	0x04F4, r16	; 0x8004f4 <_ZL15freqProgram11am>
    3d2a:	10 93 f5 04 	sts	0x04F5, r17	; 0x8004f5 <_ZL15freqProgram11am+0x1>
    3d2e:	22 c2       	rjmp	.+1092   	; 0x4174 <loop+0x18dc>
					}
				
					wasRecognized = true;
				}
				else if (memcmp(&irmp_data, &irmp_program12, sizeof(irmp_data) - 1) == 0)
    3d30:	45 e0       	ldi	r20, 0x05	; 5
    3d32:	50 e0       	ldi	r21, 0x00	; 0
    3d34:	6c ee       	ldi	r22, 0xEC	; 236
    3d36:	74 e0       	ldi	r23, 0x04	; 4
    3d38:	8b e7       	ldi	r24, 0x7B	; 123
    3d3a:	95 e0       	ldi	r25, 0x05	; 5
    3d3c:	0e 94 f6 38 	call	0x71ec	; 0x71ec <memcmp>
    3d40:	89 2b       	or	r24, r25
    3d42:	c9 f5       	brne	.+114    	; 0x3db6 <loop+0x151e>
				{
					if (getMode() == MODE_RADIO_FM)
    3d44:	0e 94 de 08 	call	0x11bc	; 0x11bc <_ZL7getModev>
    3d48:	81 11       	cpse	r24, r1
    3d4a:	18 c0       	rjmp	.+48     	; 0x3d7c <loop+0x14e4>
    3d4c:	00 91 82 06 	lds	r16, 0x0682	; 0x800682 <_ZL6si4735+0x9d>
    3d50:	10 91 83 06 	lds	r17, 0x0683	; 0x800683 <_ZL6si4735+0x9e>
					{
						unsigned int freq = si4735.getCurrentFrequency();
						eeprom_update_byte((unsigned char*)PROGRAM12_FM_FREQ_ADDRESS, freq & 0xFF);
    3d54:	60 2f       	mov	r22, r16
    3d56:	80 91 4e 01 	lds	r24, 0x014E	; 0x80014e <PROGRAM12_FM_FREQ_ADDRESS>
    3d5a:	90 91 4f 01 	lds	r25, 0x014F	; 0x80014f <PROGRAM12_FM_FREQ_ADDRESS+0x1>
    3d5e:	0e 94 d9 3b 	call	0x77b2	; 0x77b2 <eeprom_update_byte>
						eeprom_update_byte((unsigned char*)PROGRAM12_FM_FREQ_ADDRESS + 1, freq >> 8);
    3d62:	80 91 4e 01 	lds	r24, 0x014E	; 0x80014e <PROGRAM12_FM_FREQ_ADDRESS>
    3d66:	90 91 4f 01 	lds	r25, 0x014F	; 0x80014f <PROGRAM12_FM_FREQ_ADDRESS+0x1>
    3d6a:	61 2f       	mov	r22, r17
    3d6c:	01 96       	adiw	r24, 0x01	; 1
    3d6e:	0e 94 d9 3b 	call	0x77b2	; 0x77b2 <eeprom_update_byte>
						freqProgram12fm = freq;
    3d72:	00 93 e8 04 	sts	0x04E8, r16	; 0x8004e8 <_ZL15freqProgram12fm>
    3d76:	10 93 e9 04 	sts	0x04E9, r17	; 0x8004e9 <_ZL15freqProgram12fm+0x1>
    3d7a:	fc c1       	rjmp	.+1016   	; 0x4174 <loop+0x18dc>
					}
					else if (getMode() == MODE_RADIO_AM)
    3d7c:	0e 94 de 08 	call	0x11bc	; 0x11bc <_ZL7getModev>
    3d80:	81 30       	cpi	r24, 0x01	; 1
    3d82:	09 f0       	breq	.+2      	; 0x3d86 <loop+0x14ee>
    3d84:	f7 c1       	rjmp	.+1006   	; 0x4174 <loop+0x18dc>
    3d86:	00 91 82 06 	lds	r16, 0x0682	; 0x800682 <_ZL6si4735+0x9d>
    3d8a:	10 91 83 06 	lds	r17, 0x0683	; 0x800683 <_ZL6si4735+0x9e>
					{
						unsigned int freq = si4735.getCurrentFrequency();
						eeprom_update_byte((unsigned char*)PROGRAM12_AM_FREQ_ADDRESS, freq & 0xFF);
    3d8e:	60 2f       	mov	r22, r16
    3d90:	80 91 50 01 	lds	r24, 0x0150	; 0x800150 <PROGRAM12_AM_FREQ_ADDRESS>
    3d94:	90 91 51 01 	lds	r25, 0x0151	; 0x800151 <PROGRAM12_AM_FREQ_ADDRESS+0x1>
    3d98:	0e 94 d9 3b 	call	0x77b2	; 0x77b2 <eeprom_update_byte>
						eeprom_update_byte((unsigned char*)PROGRAM12_AM_FREQ_ADDRESS + 1, freq >> 8);
    3d9c:	80 91 50 01 	lds	r24, 0x0150	; 0x800150 <PROGRAM12_AM_FREQ_ADDRESS>
    3da0:	90 91 51 01 	lds	r25, 0x0151	; 0x800151 <PROGRAM12_AM_FREQ_ADDRESS+0x1>
    3da4:	61 2f       	mov	r22, r17
    3da6:	01 96       	adiw	r24, 0x01	; 1
    3da8:	0e 94 d9 3b 	call	0x77b2	; 0x77b2 <eeprom_update_byte>
						freqProgram12am = freq;
    3dac:	00 93 ea 04 	sts	0x04EA, r16	; 0x8004ea <_ZL15freqProgram12am>
    3db0:	10 93 eb 04 	sts	0x04EB, r17	; 0x8004eb <_ZL15freqProgram12am+0x1>
    3db4:	df c1       	rjmp	.+958    	; 0x4174 <loop+0x18dc>
					}
				
					wasRecognized = true;
				}
				else if (memcmp(&irmp_data, &irmp_program13, sizeof(irmp_data) - 1) == 0)
    3db6:	45 e0       	ldi	r20, 0x05	; 5
    3db8:	50 e0       	ldi	r21, 0x00	; 0
    3dba:	62 ee       	ldi	r22, 0xE2	; 226
    3dbc:	74 e0       	ldi	r23, 0x04	; 4
    3dbe:	8b e7       	ldi	r24, 0x7B	; 123
    3dc0:	95 e0       	ldi	r25, 0x05	; 5
    3dc2:	0e 94 f6 38 	call	0x71ec	; 0x71ec <memcmp>
    3dc6:	89 2b       	or	r24, r25
    3dc8:	c9 f5       	brne	.+114    	; 0x3e3c <loop+0x15a4>
				{
					if (getMode() == MODE_RADIO_FM)
    3dca:	0e 94 de 08 	call	0x11bc	; 0x11bc <_ZL7getModev>
    3dce:	81 11       	cpse	r24, r1
    3dd0:	18 c0       	rjmp	.+48     	; 0x3e02 <loop+0x156a>
    3dd2:	00 91 82 06 	lds	r16, 0x0682	; 0x800682 <_ZL6si4735+0x9d>
    3dd6:	10 91 83 06 	lds	r17, 0x0683	; 0x800683 <_ZL6si4735+0x9e>
					{
						unsigned int freq = si4735.getCurrentFrequency();
						eeprom_update_byte((unsigned char*)PROGRAM13_FM_FREQ_ADDRESS, freq & 0xFF);
    3dda:	60 2f       	mov	r22, r16
    3ddc:	80 91 48 01 	lds	r24, 0x0148	; 0x800148 <PROGRAM13_FM_FREQ_ADDRESS>
    3de0:	90 91 49 01 	lds	r25, 0x0149	; 0x800149 <PROGRAM13_FM_FREQ_ADDRESS+0x1>
    3de4:	0e 94 d9 3b 	call	0x77b2	; 0x77b2 <eeprom_update_byte>
						eeprom_update_byte((unsigned char*)PROGRAM13_FM_FREQ_ADDRESS + 1, freq >> 8);
    3de8:	80 91 48 01 	lds	r24, 0x0148	; 0x800148 <PROGRAM13_FM_FREQ_ADDRESS>
    3dec:	90 91 49 01 	lds	r25, 0x0149	; 0x800149 <PROGRAM13_FM_FREQ_ADDRESS+0x1>
    3df0:	61 2f       	mov	r22, r17
    3df2:	01 96       	adiw	r24, 0x01	; 1
    3df4:	0e 94 d9 3b 	call	0x77b2	; 0x77b2 <eeprom_update_byte>
						freqProgram13fm = freq;
    3df8:	00 93 de 04 	sts	0x04DE, r16	; 0x8004de <_ZL15freqProgram13fm>
    3dfc:	10 93 df 04 	sts	0x04DF, r17	; 0x8004df <_ZL15freqProgram13fm+0x1>
    3e00:	b9 c1       	rjmp	.+882    	; 0x4174 <loop+0x18dc>
					}
					else if (getMode() == MODE_RADIO_AM)
    3e02:	0e 94 de 08 	call	0x11bc	; 0x11bc <_ZL7getModev>
    3e06:	81 30       	cpi	r24, 0x01	; 1
    3e08:	09 f0       	breq	.+2      	; 0x3e0c <loop+0x1574>
    3e0a:	b4 c1       	rjmp	.+872    	; 0x4174 <loop+0x18dc>
    3e0c:	00 91 82 06 	lds	r16, 0x0682	; 0x800682 <_ZL6si4735+0x9d>
    3e10:	10 91 83 06 	lds	r17, 0x0683	; 0x800683 <_ZL6si4735+0x9e>
					{
						unsigned int freq = si4735.getCurrentFrequency();
						eeprom_update_byte((unsigned char*)PROGRAM13_AM_FREQ_ADDRESS, freq & 0xFF);
    3e14:	60 2f       	mov	r22, r16
    3e16:	80 91 4a 01 	lds	r24, 0x014A	; 0x80014a <PROGRAM13_AM_FREQ_ADDRESS>
    3e1a:	90 91 4b 01 	lds	r25, 0x014B	; 0x80014b <PROGRAM13_AM_FREQ_ADDRESS+0x1>
    3e1e:	0e 94 d9 3b 	call	0x77b2	; 0x77b2 <eeprom_update_byte>
						eeprom_update_byte((unsigned char*)PROGRAM13_AM_FREQ_ADDRESS + 1, freq >> 8);
    3e22:	80 91 4a 01 	lds	r24, 0x014A	; 0x80014a <PROGRAM13_AM_FREQ_ADDRESS>
    3e26:	90 91 4b 01 	lds	r25, 0x014B	; 0x80014b <PROGRAM13_AM_FREQ_ADDRESS+0x1>
    3e2a:	61 2f       	mov	r22, r17
    3e2c:	01 96       	adiw	r24, 0x01	; 1
    3e2e:	0e 94 d9 3b 	call	0x77b2	; 0x77b2 <eeprom_update_byte>
						freqProgram13am = freq;
    3e32:	00 93 e0 04 	sts	0x04E0, r16	; 0x8004e0 <_ZL15freqProgram13am>
    3e36:	10 93 e1 04 	sts	0x04E1, r17	; 0x8004e1 <_ZL15freqProgram13am+0x1>
    3e3a:	9c c1       	rjmp	.+824    	; 0x4174 <loop+0x18dc>
					}
				
					wasRecognized = true;
				}
				else if (memcmp(&irmp_data, &irmp_program14, sizeof(irmp_data) - 1) == 0)
    3e3c:	45 e0       	ldi	r20, 0x05	; 5
    3e3e:	50 e0       	ldi	r21, 0x00	; 0
    3e40:	68 ed       	ldi	r22, 0xD8	; 216
    3e42:	74 e0       	ldi	r23, 0x04	; 4
    3e44:	8b e7       	ldi	r24, 0x7B	; 123
    3e46:	95 e0       	ldi	r25, 0x05	; 5
    3e48:	0e 94 f6 38 	call	0x71ec	; 0x71ec <memcmp>
    3e4c:	89 2b       	or	r24, r25
    3e4e:	c9 f5       	brne	.+114    	; 0x3ec2 <loop+0x162a>
				{
					if (getMode() == MODE_RADIO_FM)
    3e50:	0e 94 de 08 	call	0x11bc	; 0x11bc <_ZL7getModev>
    3e54:	81 11       	cpse	r24, r1
    3e56:	18 c0       	rjmp	.+48     	; 0x3e88 <loop+0x15f0>
    3e58:	00 91 82 06 	lds	r16, 0x0682	; 0x800682 <_ZL6si4735+0x9d>
    3e5c:	10 91 83 06 	lds	r17, 0x0683	; 0x800683 <_ZL6si4735+0x9e>
					{
						unsigned int freq = si4735.getCurrentFrequency();
						eeprom_update_byte((unsigned char*)PROGRAM14_FM_FREQ_ADDRESS, freq & 0xFF);
    3e60:	60 2f       	mov	r22, r16
    3e62:	80 91 42 01 	lds	r24, 0x0142	; 0x800142 <PROGRAM14_FM_FREQ_ADDRESS>
    3e66:	90 91 43 01 	lds	r25, 0x0143	; 0x800143 <PROGRAM14_FM_FREQ_ADDRESS+0x1>
    3e6a:	0e 94 d9 3b 	call	0x77b2	; 0x77b2 <eeprom_update_byte>
						eeprom_update_byte((unsigned char*)PROGRAM14_FM_FREQ_ADDRESS + 1, freq >> 8);
    3e6e:	80 91 42 01 	lds	r24, 0x0142	; 0x800142 <PROGRAM14_FM_FREQ_ADDRESS>
    3e72:	90 91 43 01 	lds	r25, 0x0143	; 0x800143 <PROGRAM14_FM_FREQ_ADDRESS+0x1>
    3e76:	61 2f       	mov	r22, r17
    3e78:	01 96       	adiw	r24, 0x01	; 1
    3e7a:	0e 94 d9 3b 	call	0x77b2	; 0x77b2 <eeprom_update_byte>
						freqProgram14fm = freq;
    3e7e:	00 93 d4 04 	sts	0x04D4, r16	; 0x8004d4 <_ZL15freqProgram14fm>
    3e82:	10 93 d5 04 	sts	0x04D5, r17	; 0x8004d5 <_ZL15freqProgram14fm+0x1>
    3e86:	76 c1       	rjmp	.+748    	; 0x4174 <loop+0x18dc>
					}
					else if (getMode() == MODE_RADIO_AM)
    3e88:	0e 94 de 08 	call	0x11bc	; 0x11bc <_ZL7getModev>
    3e8c:	81 30       	cpi	r24, 0x01	; 1
    3e8e:	09 f0       	breq	.+2      	; 0x3e92 <loop+0x15fa>
    3e90:	71 c1       	rjmp	.+738    	; 0x4174 <loop+0x18dc>
    3e92:	00 91 82 06 	lds	r16, 0x0682	; 0x800682 <_ZL6si4735+0x9d>
    3e96:	10 91 83 06 	lds	r17, 0x0683	; 0x800683 <_ZL6si4735+0x9e>
					{
						unsigned int freq = si4735.getCurrentFrequency();
						eeprom_update_byte((unsigned char*)PROGRAM14_AM_FREQ_ADDRESS, freq & 0xFF);
    3e9a:	60 2f       	mov	r22, r16
    3e9c:	80 91 44 01 	lds	r24, 0x0144	; 0x800144 <PROGRAM14_AM_FREQ_ADDRESS>
    3ea0:	90 91 45 01 	lds	r25, 0x0145	; 0x800145 <PROGRAM14_AM_FREQ_ADDRESS+0x1>
    3ea4:	0e 94 d9 3b 	call	0x77b2	; 0x77b2 <eeprom_update_byte>
						eeprom_update_byte((unsigned char*)PROGRAM14_AM_FREQ_ADDRESS + 1, freq >> 8);
    3ea8:	80 91 44 01 	lds	r24, 0x0144	; 0x800144 <PROGRAM14_AM_FREQ_ADDRESS>
    3eac:	90 91 45 01 	lds	r25, 0x0145	; 0x800145 <PROGRAM14_AM_FREQ_ADDRESS+0x1>
    3eb0:	61 2f       	mov	r22, r17
    3eb2:	01 96       	adiw	r24, 0x01	; 1
    3eb4:	0e 94 d9 3b 	call	0x77b2	; 0x77b2 <eeprom_update_byte>
						freqProgram14am = freq;
    3eb8:	00 93 d6 04 	sts	0x04D6, r16	; 0x8004d6 <_ZL15freqProgram14am>
    3ebc:	10 93 d7 04 	sts	0x04D7, r17	; 0x8004d7 <_ZL15freqProgram14am+0x1>
    3ec0:	59 c1       	rjmp	.+690    	; 0x4174 <loop+0x18dc>
					}
				
					wasRecognized = true;
				}
				else if (memcmp(&irmp_data, &irmp_program15, sizeof(irmp_data) - 1) == 0)
    3ec2:	45 e0       	ldi	r20, 0x05	; 5
    3ec4:	50 e0       	ldi	r21, 0x00	; 0
    3ec6:	6e ec       	ldi	r22, 0xCE	; 206
    3ec8:	74 e0       	ldi	r23, 0x04	; 4
    3eca:	8b e7       	ldi	r24, 0x7B	; 123
    3ecc:	95 e0       	ldi	r25, 0x05	; 5
    3ece:	0e 94 f6 38 	call	0x71ec	; 0x71ec <memcmp>
    3ed2:	89 2b       	or	r24, r25
    3ed4:	c9 f5       	brne	.+114    	; 0x3f48 <loop+0x16b0>
				{
					if (getMode() == MODE_RADIO_FM)
    3ed6:	0e 94 de 08 	call	0x11bc	; 0x11bc <_ZL7getModev>
    3eda:	81 11       	cpse	r24, r1
    3edc:	18 c0       	rjmp	.+48     	; 0x3f0e <loop+0x1676>
    3ede:	00 91 82 06 	lds	r16, 0x0682	; 0x800682 <_ZL6si4735+0x9d>
    3ee2:	10 91 83 06 	lds	r17, 0x0683	; 0x800683 <_ZL6si4735+0x9e>
					{
						unsigned int freq = si4735.getCurrentFrequency();
						eeprom_update_byte((unsigned char*)PROGRAM15_FM_FREQ_ADDRESS, freq & 0xFF);
    3ee6:	60 2f       	mov	r22, r16
    3ee8:	80 91 3c 01 	lds	r24, 0x013C	; 0x80013c <PROGRAM15_FM_FREQ_ADDRESS>
    3eec:	90 91 3d 01 	lds	r25, 0x013D	; 0x80013d <PROGRAM15_FM_FREQ_ADDRESS+0x1>
    3ef0:	0e 94 d9 3b 	call	0x77b2	; 0x77b2 <eeprom_update_byte>
						eeprom_update_byte((unsigned char*)PROGRAM15_FM_FREQ_ADDRESS + 1, freq >> 8);
    3ef4:	80 91 3c 01 	lds	r24, 0x013C	; 0x80013c <PROGRAM15_FM_FREQ_ADDRESS>
    3ef8:	90 91 3d 01 	lds	r25, 0x013D	; 0x80013d <PROGRAM15_FM_FREQ_ADDRESS+0x1>
    3efc:	61 2f       	mov	r22, r17
    3efe:	01 96       	adiw	r24, 0x01	; 1
    3f00:	0e 94 d9 3b 	call	0x77b2	; 0x77b2 <eeprom_update_byte>
						freqProgram15fm = freq;
    3f04:	00 93 ca 04 	sts	0x04CA, r16	; 0x8004ca <_ZL15freqProgram15fm>
    3f08:	10 93 cb 04 	sts	0x04CB, r17	; 0x8004cb <_ZL15freqProgram15fm+0x1>
    3f0c:	33 c1       	rjmp	.+614    	; 0x4174 <loop+0x18dc>
					}
					else if (getMode() == MODE_RADIO_AM)
    3f0e:	0e 94 de 08 	call	0x11bc	; 0x11bc <_ZL7getModev>
    3f12:	81 30       	cpi	r24, 0x01	; 1
    3f14:	09 f0       	breq	.+2      	; 0x3f18 <loop+0x1680>
    3f16:	2e c1       	rjmp	.+604    	; 0x4174 <loop+0x18dc>
    3f18:	00 91 82 06 	lds	r16, 0x0682	; 0x800682 <_ZL6si4735+0x9d>
    3f1c:	10 91 83 06 	lds	r17, 0x0683	; 0x800683 <_ZL6si4735+0x9e>
					{
						unsigned int freq = si4735.getCurrentFrequency();
						eeprom_update_byte((unsigned char*)PROGRAM15_AM_FREQ_ADDRESS, freq & 0xFF);
    3f20:	60 2f       	mov	r22, r16
    3f22:	80 91 3e 01 	lds	r24, 0x013E	; 0x80013e <PROGRAM15_AM_FREQ_ADDRESS>
    3f26:	90 91 3f 01 	lds	r25, 0x013F	; 0x80013f <PROGRAM15_AM_FREQ_ADDRESS+0x1>
    3f2a:	0e 94 d9 3b 	call	0x77b2	; 0x77b2 <eeprom_update_byte>
						eeprom_update_byte((unsigned char*)PROGRAM15_AM_FREQ_ADDRESS + 1, freq >> 8);
    3f2e:	80 91 3e 01 	lds	r24, 0x013E	; 0x80013e <PROGRAM15_AM_FREQ_ADDRESS>
    3f32:	90 91 3f 01 	lds	r25, 0x013F	; 0x80013f <PROGRAM15_AM_FREQ_ADDRESS+0x1>
    3f36:	61 2f       	mov	r22, r17
    3f38:	01 96       	adiw	r24, 0x01	; 1
    3f3a:	0e 94 d9 3b 	call	0x77b2	; 0x77b2 <eeprom_update_byte>
						freqProgram15am = freq;
    3f3e:	00 93 cc 04 	sts	0x04CC, r16	; 0x8004cc <_ZL15freqProgram15am>
    3f42:	10 93 cd 04 	sts	0x04CD, r17	; 0x8004cd <_ZL15freqProgram15am+0x1>
    3f46:	16 c1       	rjmp	.+556    	; 0x4174 <loop+0x18dc>
					}
				
					wasRecognized = true;
				}
				else if (memcmp(&irmp_data, &irmp_program16, sizeof(irmp_data) - 1) == 0)
    3f48:	45 e0       	ldi	r20, 0x05	; 5
    3f4a:	50 e0       	ldi	r21, 0x00	; 0
    3f4c:	64 ec       	ldi	r22, 0xC4	; 196
    3f4e:	74 e0       	ldi	r23, 0x04	; 4
    3f50:	8b e7       	ldi	r24, 0x7B	; 123
    3f52:	95 e0       	ldi	r25, 0x05	; 5
    3f54:	0e 94 f6 38 	call	0x71ec	; 0x71ec <memcmp>
    3f58:	89 2b       	or	r24, r25
    3f5a:	c9 f5       	brne	.+114    	; 0x3fce <loop+0x1736>
				{
					if (getMode() == MODE_RADIO_FM)
    3f5c:	0e 94 de 08 	call	0x11bc	; 0x11bc <_ZL7getModev>
    3f60:	81 11       	cpse	r24, r1
    3f62:	18 c0       	rjmp	.+48     	; 0x3f94 <loop+0x16fc>
    3f64:	00 91 82 06 	lds	r16, 0x0682	; 0x800682 <_ZL6si4735+0x9d>
    3f68:	10 91 83 06 	lds	r17, 0x0683	; 0x800683 <_ZL6si4735+0x9e>
					{
						unsigned int freq = si4735.getCurrentFrequency();
						eeprom_update_byte((unsigned char*)PROGRAM16_FM_FREQ_ADDRESS, freq & 0xFF);
    3f6c:	60 2f       	mov	r22, r16
    3f6e:	80 91 36 01 	lds	r24, 0x0136	; 0x800136 <PROGRAM16_FM_FREQ_ADDRESS>
    3f72:	90 91 37 01 	lds	r25, 0x0137	; 0x800137 <PROGRAM16_FM_FREQ_ADDRESS+0x1>
    3f76:	0e 94 d9 3b 	call	0x77b2	; 0x77b2 <eeprom_update_byte>
						eeprom_update_byte((unsigned char*)PROGRAM16_FM_FREQ_ADDRESS + 1, freq >> 8);
    3f7a:	80 91 36 01 	lds	r24, 0x0136	; 0x800136 <PROGRAM16_FM_FREQ_ADDRESS>
    3f7e:	90 91 37 01 	lds	r25, 0x0137	; 0x800137 <PROGRAM16_FM_FREQ_ADDRESS+0x1>
    3f82:	61 2f       	mov	r22, r17
    3f84:	01 96       	adiw	r24, 0x01	; 1
    3f86:	0e 94 d9 3b 	call	0x77b2	; 0x77b2 <eeprom_update_byte>
						freqProgram16fm = freq;
    3f8a:	00 93 c0 04 	sts	0x04C0, r16	; 0x8004c0 <_ZL15freqProgram16fm>
    3f8e:	10 93 c1 04 	sts	0x04C1, r17	; 0x8004c1 <_ZL15freqProgram16fm+0x1>
    3f92:	f0 c0       	rjmp	.+480    	; 0x4174 <loop+0x18dc>
					}
					else if (getMode() == MODE_RADIO_AM)
    3f94:	0e 94 de 08 	call	0x11bc	; 0x11bc <_ZL7getModev>
    3f98:	81 30       	cpi	r24, 0x01	; 1
    3f9a:	09 f0       	breq	.+2      	; 0x3f9e <loop+0x1706>
    3f9c:	eb c0       	rjmp	.+470    	; 0x4174 <loop+0x18dc>
    3f9e:	00 91 82 06 	lds	r16, 0x0682	; 0x800682 <_ZL6si4735+0x9d>
    3fa2:	10 91 83 06 	lds	r17, 0x0683	; 0x800683 <_ZL6si4735+0x9e>
					{
						unsigned int freq = si4735.getCurrentFrequency();
						eeprom_update_byte((unsigned char*)PROGRAM16_AM_FREQ_ADDRESS, freq & 0xFF);
    3fa6:	60 2f       	mov	r22, r16
    3fa8:	80 91 38 01 	lds	r24, 0x0138	; 0x800138 <PROGRAM16_AM_FREQ_ADDRESS>
    3fac:	90 91 39 01 	lds	r25, 0x0139	; 0x800139 <PROGRAM16_AM_FREQ_ADDRESS+0x1>
    3fb0:	0e 94 d9 3b 	call	0x77b2	; 0x77b2 <eeprom_update_byte>
						eeprom_update_byte((unsigned char*)PROGRAM16_AM_FREQ_ADDRESS + 1, freq >> 8);
    3fb4:	80 91 38 01 	lds	r24, 0x0138	; 0x800138 <PROGRAM16_AM_FREQ_ADDRESS>
    3fb8:	90 91 39 01 	lds	r25, 0x0139	; 0x800139 <PROGRAM16_AM_FREQ_ADDRESS+0x1>
    3fbc:	61 2f       	mov	r22, r17
    3fbe:	01 96       	adiw	r24, 0x01	; 1
    3fc0:	0e 94 d9 3b 	call	0x77b2	; 0x77b2 <eeprom_update_byte>
						freqProgram16am = freq;
    3fc4:	00 93 c2 04 	sts	0x04C2, r16	; 0x8004c2 <_ZL15freqProgram16am>
    3fc8:	10 93 c3 04 	sts	0x04C3, r17	; 0x8004c3 <_ZL15freqProgram16am+0x1>
    3fcc:	d3 c0       	rjmp	.+422    	; 0x4174 <loop+0x18dc>
					}
				
					wasRecognized = true;
				}
				else if (memcmp(&irmp_data, &irmp_program17, sizeof(irmp_data) - 1) == 0)
    3fce:	45 e0       	ldi	r20, 0x05	; 5
    3fd0:	50 e0       	ldi	r21, 0x00	; 0
    3fd2:	6a eb       	ldi	r22, 0xBA	; 186
    3fd4:	74 e0       	ldi	r23, 0x04	; 4
    3fd6:	8b e7       	ldi	r24, 0x7B	; 123
    3fd8:	95 e0       	ldi	r25, 0x05	; 5
    3fda:	0e 94 f6 38 	call	0x71ec	; 0x71ec <memcmp>
    3fde:	89 2b       	or	r24, r25
    3fe0:	c9 f5       	brne	.+114    	; 0x4054 <loop+0x17bc>
				{
					if (getMode() == MODE_RADIO_FM)
    3fe2:	0e 94 de 08 	call	0x11bc	; 0x11bc <_ZL7getModev>
    3fe6:	81 11       	cpse	r24, r1
    3fe8:	18 c0       	rjmp	.+48     	; 0x401a <loop+0x1782>
    3fea:	00 91 82 06 	lds	r16, 0x0682	; 0x800682 <_ZL6si4735+0x9d>
    3fee:	10 91 83 06 	lds	r17, 0x0683	; 0x800683 <_ZL6si4735+0x9e>
					{
						unsigned int freq = si4735.getCurrentFrequency();
						eeprom_update_byte((unsigned char*)PROGRAM17_FM_FREQ_ADDRESS, freq & 0xFF);
    3ff2:	60 2f       	mov	r22, r16
    3ff4:	80 91 30 01 	lds	r24, 0x0130	; 0x800130 <PROGRAM17_FM_FREQ_ADDRESS>
    3ff8:	90 91 31 01 	lds	r25, 0x0131	; 0x800131 <PROGRAM17_FM_FREQ_ADDRESS+0x1>
    3ffc:	0e 94 d9 3b 	call	0x77b2	; 0x77b2 <eeprom_update_byte>
						eeprom_update_byte((unsigned char*)PROGRAM17_FM_FREQ_ADDRESS + 1, freq >> 8);
    4000:	80 91 30 01 	lds	r24, 0x0130	; 0x800130 <PROGRAM17_FM_FREQ_ADDRESS>
    4004:	90 91 31 01 	lds	r25, 0x0131	; 0x800131 <PROGRAM17_FM_FREQ_ADDRESS+0x1>
    4008:	61 2f       	mov	r22, r17
    400a:	01 96       	adiw	r24, 0x01	; 1
    400c:	0e 94 d9 3b 	call	0x77b2	; 0x77b2 <eeprom_update_byte>
						freqProgram17fm = freq;
    4010:	00 93 b6 04 	sts	0x04B6, r16	; 0x8004b6 <_ZL15freqProgram17fm>
    4014:	10 93 b7 04 	sts	0x04B7, r17	; 0x8004b7 <_ZL15freqProgram17fm+0x1>
    4018:	ad c0       	rjmp	.+346    	; 0x4174 <loop+0x18dc>
					}
					else if (getMode() == MODE_RADIO_AM)
    401a:	0e 94 de 08 	call	0x11bc	; 0x11bc <_ZL7getModev>
    401e:	81 30       	cpi	r24, 0x01	; 1
    4020:	09 f0       	breq	.+2      	; 0x4024 <loop+0x178c>
    4022:	a8 c0       	rjmp	.+336    	; 0x4174 <loop+0x18dc>
    4024:	00 91 82 06 	lds	r16, 0x0682	; 0x800682 <_ZL6si4735+0x9d>
    4028:	10 91 83 06 	lds	r17, 0x0683	; 0x800683 <_ZL6si4735+0x9e>
					{
						unsigned int freq = si4735.getCurrentFrequency();
						eeprom_update_byte((unsigned char*)PROGRAM17_AM_FREQ_ADDRESS, freq & 0xFF);
    402c:	60 2f       	mov	r22, r16
    402e:	80 91 32 01 	lds	r24, 0x0132	; 0x800132 <PROGRAM17_AM_FREQ_ADDRESS>
    4032:	90 91 33 01 	lds	r25, 0x0133	; 0x800133 <PROGRAM17_AM_FREQ_ADDRESS+0x1>
    4036:	0e 94 d9 3b 	call	0x77b2	; 0x77b2 <eeprom_update_byte>
						eeprom_update_byte((unsigned char*)PROGRAM17_AM_FREQ_ADDRESS + 1, freq >> 8);
    403a:	80 91 32 01 	lds	r24, 0x0132	; 0x800132 <PROGRAM17_AM_FREQ_ADDRESS>
    403e:	90 91 33 01 	lds	r25, 0x0133	; 0x800133 <PROGRAM17_AM_FREQ_ADDRESS+0x1>
    4042:	61 2f       	mov	r22, r17
    4044:	01 96       	adiw	r24, 0x01	; 1
    4046:	0e 94 d9 3b 	call	0x77b2	; 0x77b2 <eeprom_update_byte>
						freqProgram17am = freq;
    404a:	00 93 b8 04 	sts	0x04B8, r16	; 0x8004b8 <_ZL15freqProgram17am>
    404e:	10 93 b9 04 	sts	0x04B9, r17	; 0x8004b9 <_ZL15freqProgram17am+0x1>
    4052:	90 c0       	rjmp	.+288    	; 0x4174 <loop+0x18dc>
					}
				
					wasRecognized = true;
				}
				else if (memcmp(&irmp_data, &irmp_program18, sizeof(irmp_data) - 1) == 0)
    4054:	45 e0       	ldi	r20, 0x05	; 5
    4056:	50 e0       	ldi	r21, 0x00	; 0
    4058:	60 eb       	ldi	r22, 0xB0	; 176
    405a:	74 e0       	ldi	r23, 0x04	; 4
    405c:	8b e7       	ldi	r24, 0x7B	; 123
    405e:	95 e0       	ldi	r25, 0x05	; 5
    4060:	0e 94 f6 38 	call	0x71ec	; 0x71ec <memcmp>
    4064:	89 2b       	or	r24, r25
    4066:	c9 f5       	brne	.+114    	; 0x40da <loop+0x1842>
				{
					if (getMode() == MODE_RADIO_FM)
    4068:	0e 94 de 08 	call	0x11bc	; 0x11bc <_ZL7getModev>
    406c:	81 11       	cpse	r24, r1
    406e:	18 c0       	rjmp	.+48     	; 0x40a0 <loop+0x1808>
    4070:	00 91 82 06 	lds	r16, 0x0682	; 0x800682 <_ZL6si4735+0x9d>
    4074:	10 91 83 06 	lds	r17, 0x0683	; 0x800683 <_ZL6si4735+0x9e>
					{
						unsigned int freq = si4735.getCurrentFrequency();
						eeprom_update_byte((unsigned char*)PROGRAM18_FM_FREQ_ADDRESS, freq & 0xFF);
    4078:	60 2f       	mov	r22, r16
    407a:	80 91 2a 01 	lds	r24, 0x012A	; 0x80012a <PROGRAM18_FM_FREQ_ADDRESS>
    407e:	90 91 2b 01 	lds	r25, 0x012B	; 0x80012b <PROGRAM18_FM_FREQ_ADDRESS+0x1>
    4082:	0e 94 d9 3b 	call	0x77b2	; 0x77b2 <eeprom_update_byte>
						eeprom_update_byte((unsigned char*)PROGRAM18_FM_FREQ_ADDRESS + 1, freq >> 8);
    4086:	80 91 2a 01 	lds	r24, 0x012A	; 0x80012a <PROGRAM18_FM_FREQ_ADDRESS>
    408a:	90 91 2b 01 	lds	r25, 0x012B	; 0x80012b <PROGRAM18_FM_FREQ_ADDRESS+0x1>
    408e:	61 2f       	mov	r22, r17
    4090:	01 96       	adiw	r24, 0x01	; 1
    4092:	0e 94 d9 3b 	call	0x77b2	; 0x77b2 <eeprom_update_byte>
						freqProgram18fm = freq;
    4096:	00 93 ac 04 	sts	0x04AC, r16	; 0x8004ac <_ZL15freqProgram18fm>
    409a:	10 93 ad 04 	sts	0x04AD, r17	; 0x8004ad <_ZL15freqProgram18fm+0x1>
    409e:	6a c0       	rjmp	.+212    	; 0x4174 <loop+0x18dc>
					}
					else if (getMode() == MODE_RADIO_AM)
    40a0:	0e 94 de 08 	call	0x11bc	; 0x11bc <_ZL7getModev>
    40a4:	81 30       	cpi	r24, 0x01	; 1
    40a6:	09 f0       	breq	.+2      	; 0x40aa <loop+0x1812>
    40a8:	65 c0       	rjmp	.+202    	; 0x4174 <loop+0x18dc>
    40aa:	00 91 82 06 	lds	r16, 0x0682	; 0x800682 <_ZL6si4735+0x9d>
    40ae:	10 91 83 06 	lds	r17, 0x0683	; 0x800683 <_ZL6si4735+0x9e>
					{
						unsigned int freq = si4735.getCurrentFrequency();
						eeprom_update_byte((unsigned char*)PROGRAM18_AM_FREQ_ADDRESS, freq & 0xFF);
    40b2:	60 2f       	mov	r22, r16
    40b4:	80 91 2c 01 	lds	r24, 0x012C	; 0x80012c <PROGRAM18_AM_FREQ_ADDRESS>
    40b8:	90 91 2d 01 	lds	r25, 0x012D	; 0x80012d <PROGRAM18_AM_FREQ_ADDRESS+0x1>
    40bc:	0e 94 d9 3b 	call	0x77b2	; 0x77b2 <eeprom_update_byte>
						eeprom_update_byte((unsigned char*)PROGRAM18_AM_FREQ_ADDRESS + 1, freq >> 8);
    40c0:	80 91 2c 01 	lds	r24, 0x012C	; 0x80012c <PROGRAM18_AM_FREQ_ADDRESS>
    40c4:	90 91 2d 01 	lds	r25, 0x012D	; 0x80012d <PROGRAM18_AM_FREQ_ADDRESS+0x1>
    40c8:	61 2f       	mov	r22, r17
    40ca:	01 96       	adiw	r24, 0x01	; 1
    40cc:	0e 94 d9 3b 	call	0x77b2	; 0x77b2 <eeprom_update_byte>
						freqProgram18am = freq;
    40d0:	00 93 ae 04 	sts	0x04AE, r16	; 0x8004ae <_ZL15freqProgram18am>
    40d4:	10 93 af 04 	sts	0x04AF, r17	; 0x8004af <_ZL15freqProgram18am+0x1>
    40d8:	4d c0       	rjmp	.+154    	; 0x4174 <loop+0x18dc>
					}
				
					wasRecognized = true;
				}
				else if (memcmp(&irmp_data, &irmp_program19, sizeof(irmp_data) - 1) == 0)
    40da:	45 e0       	ldi	r20, 0x05	; 5
    40dc:	50 e0       	ldi	r21, 0x00	; 0
    40de:	66 ea       	ldi	r22, 0xA6	; 166
    40e0:	74 e0       	ldi	r23, 0x04	; 4
    40e2:	8b e7       	ldi	r24, 0x7B	; 123
    40e4:	95 e0       	ldi	r25, 0x05	; 5
    40e6:	0e 94 f6 38 	call	0x71ec	; 0x71ec <memcmp>
    40ea:	89 2b       	or	r24, r25
    40ec:	c1 f5       	brne	.+112    	; 0x415e <loop+0x18c6>
				{
					if (getMode() == MODE_RADIO_FM)
    40ee:	0e 94 de 08 	call	0x11bc	; 0x11bc <_ZL7getModev>
    40f2:	81 11       	cpse	r24, r1
    40f4:	18 c0       	rjmp	.+48     	; 0x4126 <loop+0x188e>
    40f6:	00 91 82 06 	lds	r16, 0x0682	; 0x800682 <_ZL6si4735+0x9d>
    40fa:	10 91 83 06 	lds	r17, 0x0683	; 0x800683 <_ZL6si4735+0x9e>
					{
						unsigned int freq = si4735.getCurrentFrequency();
						eeprom_update_byte((unsigned char*)PROGRAM19_FM_FREQ_ADDRESS, freq & 0xFF);
    40fe:	60 2f       	mov	r22, r16
    4100:	80 91 24 01 	lds	r24, 0x0124	; 0x800124 <PROGRAM19_FM_FREQ_ADDRESS>
    4104:	90 91 25 01 	lds	r25, 0x0125	; 0x800125 <PROGRAM19_FM_FREQ_ADDRESS+0x1>
    4108:	0e 94 d9 3b 	call	0x77b2	; 0x77b2 <eeprom_update_byte>
						eeprom_update_byte((unsigned char*)PROGRAM19_FM_FREQ_ADDRESS + 1, freq >> 8);
    410c:	80 91 24 01 	lds	r24, 0x0124	; 0x800124 <PROGRAM19_FM_FREQ_ADDRESS>
    4110:	90 91 25 01 	lds	r25, 0x0125	; 0x800125 <PROGRAM19_FM_FREQ_ADDRESS+0x1>
    4114:	61 2f       	mov	r22, r17
    4116:	01 96       	adiw	r24, 0x01	; 1
    4118:	0e 94 d9 3b 	call	0x77b2	; 0x77b2 <eeprom_update_byte>
						freqProgram19fm = freq;
    411c:	00 93 a2 04 	sts	0x04A2, r16	; 0x8004a2 <_ZL15freqProgram19fm>
    4120:	10 93 a3 04 	sts	0x04A3, r17	; 0x8004a3 <_ZL15freqProgram19fm+0x1>
    4124:	27 c0       	rjmp	.+78     	; 0x4174 <loop+0x18dc>
					}
					else if (getMode() == MODE_RADIO_AM)
    4126:	0e 94 de 08 	call	0x11bc	; 0x11bc <_ZL7getModev>
    412a:	81 30       	cpi	r24, 0x01	; 1
    412c:	19 f5       	brne	.+70     	; 0x4174 <loop+0x18dc>
    412e:	00 91 82 06 	lds	r16, 0x0682	; 0x800682 <_ZL6si4735+0x9d>
    4132:	10 91 83 06 	lds	r17, 0x0683	; 0x800683 <_ZL6si4735+0x9e>
					{
						unsigned int freq = si4735.getCurrentFrequency();
						eeprom_update_byte((unsigned char*)PROGRAM19_AM_FREQ_ADDRESS, freq & 0xFF);
    4136:	60 2f       	mov	r22, r16
    4138:	80 91 26 01 	lds	r24, 0x0126	; 0x800126 <PROGRAM19_AM_FREQ_ADDRESS>
    413c:	90 91 27 01 	lds	r25, 0x0127	; 0x800127 <PROGRAM19_AM_FREQ_ADDRESS+0x1>
    4140:	0e 94 d9 3b 	call	0x77b2	; 0x77b2 <eeprom_update_byte>
						eeprom_update_byte((unsigned char*)PROGRAM19_AM_FREQ_ADDRESS + 1, freq >> 8);
    4144:	80 91 26 01 	lds	r24, 0x0126	; 0x800126 <PROGRAM19_AM_FREQ_ADDRESS>
    4148:	90 91 27 01 	lds	r25, 0x0127	; 0x800127 <PROGRAM19_AM_FREQ_ADDRESS+0x1>
    414c:	61 2f       	mov	r22, r17
    414e:	01 96       	adiw	r24, 0x01	; 1
    4150:	0e 94 d9 3b 	call	0x77b2	; 0x77b2 <eeprom_update_byte>
						freqProgram19am = freq;
    4154:	00 93 a4 04 	sts	0x04A4, r16	; 0x8004a4 <_ZL15freqProgram19am>
    4158:	10 93 a5 04 	sts	0x04A5, r17	; 0x8004a5 <_ZL15freqProgram19am+0x1>
    415c:	0b c0       	rjmp	.+22     	; 0x4174 <loop+0x18dc>
					}
				
					wasRecognized = true;
				}
				else if (memcmp(&irmp_data, &irmp_program, sizeof(irmp_data) - 1) == 0)
    415e:	45 e0       	ldi	r20, 0x05	; 5
    4160:	50 e0       	ldi	r21, 0x00	; 0
    4162:	6e e7       	ldi	r22, 0x7E	; 126
    4164:	74 e0       	ldi	r23, 0x04	; 4
    4166:	8b e7       	ldi	r24, 0x7B	; 123
    4168:	95 e0       	ldi	r25, 0x05	; 5
    416a:	0e 94 f6 38 	call	0x71ec	; 0x71ec <memcmp>
    416e:	89 2b       	or	r24, r25
    4170:	09 f0       	breq	.+2      	; 0x4174 <loop+0x18dc>
    4172:	f5 c6       	rjmp	.+3562   	; 0x4f5e <loop+0x26c6>
					wasRecognized = true;
				}
				
				if (wasRecognized == 1)
				{
					exitSpecialMode();
    4174:	0e 94 2c 14 	call	0x2858	; 0x2858 <_ZL15exitSpecialModev>
    4178:	f2 c6       	rjmp	.+3556   	; 0x4f5e <loop+0x26c6>
				&& !wasRepetition
				&& specialMode == 0)
			{
				switchToSavedFrequency(freqProgram0fm, freqProgram0am);
			}
			else if ((((getMode() == MODE_STANDBY || getMode() == MODE_RADIO_FM) && freqProgram1fm >= MIN_FREQ_MHZ && freqProgram1fm <= MAX_FREQ_MHZ)
    417a:	0e 94 de 08 	call	0x11bc	; 0x11bc <_ZL7getModev>
					|| (getMode() == MODE_RADIO_AM && freqProgram1am >= MIN_FREQ_KHZ && freqProgram1am <= MAX_FREQ_KHZ))
				&& memcmp(&irmp_data, &irmp_program1, sizeof(irmp_data) - 1) == 0
				&& !wasRepetition
				&& specialMode == 0)
    417e:	83 30       	cpi	r24, 0x03	; 3
    4180:	49 f0       	breq	.+18     	; 0x4194 <loop+0x18fc>
				&& !wasRepetition
				&& specialMode == 0)
			{
				switchToSavedFrequency(freqProgram0fm, freqProgram0am);
			}
			else if ((((getMode() == MODE_STANDBY || getMode() == MODE_RADIO_FM) && freqProgram1fm >= MIN_FREQ_MHZ && freqProgram1fm <= MAX_FREQ_MHZ)
    4182:	0e 94 de 08 	call	0x11bc	; 0x11bc <_ZL7getModev>
    4186:	88 23       	and	r24, r24
    4188:	29 f0       	breq	.+10     	; 0x4194 <loop+0x18fc>
					|| (getMode() == MODE_RADIO_AM && freqProgram1am >= MIN_FREQ_KHZ && freqProgram1am <= MAX_FREQ_KHZ))
    418a:	0e 94 de 08 	call	0x11bc	; 0x11bc <_ZL7getModev>
    418e:	81 30       	cpi	r24, 0x01	; 1
    4190:	71 f5       	brne	.+92     	; 0x41ee <loop+0x1956>
    4192:	14 c0       	rjmp	.+40     	; 0x41bc <loop+0x1924>
				&& !wasRepetition
				&& specialMode == 0)
			{
				switchToSavedFrequency(freqProgram0fm, freqProgram0am);
			}
			else if ((((getMode() == MODE_STANDBY || getMode() == MODE_RADIO_FM) && freqProgram1fm >= MIN_FREQ_MHZ && freqProgram1fm <= MAX_FREQ_MHZ)
    4194:	80 91 56 05 	lds	r24, 0x0556	; 0x800556 <_ZL14freqProgram1fm>
    4198:	90 91 57 05 	lds	r25, 0x0557	; 0x800557 <_ZL14freqProgram1fm+0x1>
    419c:	8e 52       	subi	r24, 0x2E	; 46
    419e:	92 42       	sbci	r25, 0x22	; 34
    41a0:	83 30       	cpi	r24, 0x03	; 3
    41a2:	98 40       	sbci	r25, 0x08	; 8
    41a4:	90 f7       	brcc	.-28     	; 0x418a <loop+0x18f2>
					|| (getMode() == MODE_RADIO_AM && freqProgram1am >= MIN_FREQ_KHZ && freqProgram1am <= MAX_FREQ_KHZ))
				&& memcmp(&irmp_data, &irmp_program1, sizeof(irmp_data) - 1) == 0
    41a6:	45 e0       	ldi	r20, 0x05	; 5
    41a8:	50 e0       	ldi	r21, 0x00	; 0
    41aa:	6a e5       	ldi	r22, 0x5A	; 90
    41ac:	75 e0       	ldi	r23, 0x05	; 5
    41ae:	8b e7       	ldi	r24, 0x7B	; 123
    41b0:	95 e0       	ldi	r25, 0x05	; 5
    41b2:	0e 94 f6 38 	call	0x71ec	; 0x71ec <memcmp>
    41b6:	89 2b       	or	r24, r25
    41b8:	59 f0       	breq	.+22     	; 0x41d0 <loop+0x1938>
    41ba:	19 c0       	rjmp	.+50     	; 0x41ee <loop+0x1956>
				&& specialMode == 0)
			{
				switchToSavedFrequency(freqProgram0fm, freqProgram0am);
			}
			else if ((((getMode() == MODE_STANDBY || getMode() == MODE_RADIO_FM) && freqProgram1fm >= MIN_FREQ_MHZ && freqProgram1fm <= MAX_FREQ_MHZ)
					|| (getMode() == MODE_RADIO_AM && freqProgram1am >= MIN_FREQ_KHZ && freqProgram1am <= MAX_FREQ_KHZ))
    41bc:	80 91 58 05 	lds	r24, 0x0558	; 0x800558 <_ZL14freqProgram1am>
    41c0:	90 91 59 05 	lds	r25, 0x0559	; 0x800559 <_ZL14freqProgram1am+0x1>
    41c4:	83 51       	subi	r24, 0x13	; 19
    41c6:	92 40       	sbci	r25, 0x02	; 2
    41c8:	83 39       	cpi	r24, 0x93	; 147
    41ca:	94 40       	sbci	r25, 0x04	; 4
    41cc:	60 f3       	brcs	.-40     	; 0x41a6 <loop+0x190e>
    41ce:	0f c0       	rjmp	.+30     	; 0x41ee <loop+0x1956>
				&& memcmp(&irmp_data, &irmp_program1, sizeof(irmp_data) - 1) == 0
				&& !wasRepetition
    41d0:	11 11       	cpse	r17, r1
    41d2:	0d c0       	rjmp	.+26     	; 0x41ee <loop+0x1956>
				&& specialMode == 0)
    41d4:	80 91 7a 05 	lds	r24, 0x057A	; 0x80057a <_ZL11specialMode>
    41d8:	81 11       	cpse	r24, r1
    41da:	09 c0       	rjmp	.+18     	; 0x41ee <loop+0x1956>
			{
				switchToSavedFrequency(freqProgram1fm, freqProgram1am);
    41dc:	60 91 58 05 	lds	r22, 0x0558	; 0x800558 <_ZL14freqProgram1am>
    41e0:	70 91 59 05 	lds	r23, 0x0559	; 0x800559 <_ZL14freqProgram1am+0x1>
    41e4:	80 91 56 05 	lds	r24, 0x0556	; 0x800556 <_ZL14freqProgram1fm>
    41e8:	90 91 57 05 	lds	r25, 0x0557	; 0x800557 <_ZL14freqProgram1fm+0x1>
    41ec:	13 c4       	rjmp	.+2086   	; 0x4a14 <loop+0x217c>
			}
			else if ((((getMode() == MODE_STANDBY || getMode() == MODE_RADIO_FM) && freqProgram2fm >= MIN_FREQ_MHZ && freqProgram2fm <= MAX_FREQ_MHZ)
    41ee:	0e 94 de 08 	call	0x11bc	; 0x11bc <_ZL7getModev>
					|| (getMode() == MODE_RADIO_AM && freqProgram2am >= MIN_FREQ_KHZ && freqProgram2am <= MAX_FREQ_KHZ))
				&& memcmp(&irmp_data, &irmp_program2, sizeof(irmp_data) - 1) == 0
				&& !wasRepetition
				&& specialMode == 0)
    41f2:	83 30       	cpi	r24, 0x03	; 3
    41f4:	49 f0       	breq	.+18     	; 0x4208 <loop+0x1970>
				&& !wasRepetition
				&& specialMode == 0)
			{
				switchToSavedFrequency(freqProgram1fm, freqProgram1am);
			}
			else if ((((getMode() == MODE_STANDBY || getMode() == MODE_RADIO_FM) && freqProgram2fm >= MIN_FREQ_MHZ && freqProgram2fm <= MAX_FREQ_MHZ)
    41f6:	0e 94 de 08 	call	0x11bc	; 0x11bc <_ZL7getModev>
    41fa:	88 23       	and	r24, r24
    41fc:	29 f0       	breq	.+10     	; 0x4208 <loop+0x1970>
					|| (getMode() == MODE_RADIO_AM && freqProgram2am >= MIN_FREQ_KHZ && freqProgram2am <= MAX_FREQ_KHZ))
    41fe:	0e 94 de 08 	call	0x11bc	; 0x11bc <_ZL7getModev>
    4202:	81 30       	cpi	r24, 0x01	; 1
    4204:	71 f5       	brne	.+92     	; 0x4262 <loop+0x19ca>
    4206:	14 c0       	rjmp	.+40     	; 0x4230 <loop+0x1998>
				&& !wasRepetition
				&& specialMode == 0)
			{
				switchToSavedFrequency(freqProgram1fm, freqProgram1am);
			}
			else if ((((getMode() == MODE_STANDBY || getMode() == MODE_RADIO_FM) && freqProgram2fm >= MIN_FREQ_MHZ && freqProgram2fm <= MAX_FREQ_MHZ)
    4208:	80 91 4c 05 	lds	r24, 0x054C	; 0x80054c <_ZL14freqProgram2fm>
    420c:	90 91 4d 05 	lds	r25, 0x054D	; 0x80054d <_ZL14freqProgram2fm+0x1>
    4210:	8e 52       	subi	r24, 0x2E	; 46
    4212:	92 42       	sbci	r25, 0x22	; 34
    4214:	83 30       	cpi	r24, 0x03	; 3
    4216:	98 40       	sbci	r25, 0x08	; 8
    4218:	90 f7       	brcc	.-28     	; 0x41fe <loop+0x1966>
					|| (getMode() == MODE_RADIO_AM && freqProgram2am >= MIN_FREQ_KHZ && freqProgram2am <= MAX_FREQ_KHZ))
				&& memcmp(&irmp_data, &irmp_program2, sizeof(irmp_data) - 1) == 0
    421a:	45 e0       	ldi	r20, 0x05	; 5
    421c:	50 e0       	ldi	r21, 0x00	; 0
    421e:	60 e5       	ldi	r22, 0x50	; 80
    4220:	75 e0       	ldi	r23, 0x05	; 5
    4222:	8b e7       	ldi	r24, 0x7B	; 123
    4224:	95 e0       	ldi	r25, 0x05	; 5
    4226:	0e 94 f6 38 	call	0x71ec	; 0x71ec <memcmp>
    422a:	89 2b       	or	r24, r25
    422c:	59 f0       	breq	.+22     	; 0x4244 <loop+0x19ac>
    422e:	19 c0       	rjmp	.+50     	; 0x4262 <loop+0x19ca>
				&& specialMode == 0)
			{
				switchToSavedFrequency(freqProgram1fm, freqProgram1am);
			}
			else if ((((getMode() == MODE_STANDBY || getMode() == MODE_RADIO_FM) && freqProgram2fm >= MIN_FREQ_MHZ && freqProgram2fm <= MAX_FREQ_MHZ)
					|| (getMode() == MODE_RADIO_AM && freqProgram2am >= MIN_FREQ_KHZ && freqProgram2am <= MAX_FREQ_KHZ))
    4230:	80 91 4e 05 	lds	r24, 0x054E	; 0x80054e <_ZL14freqProgram2am>
    4234:	90 91 4f 05 	lds	r25, 0x054F	; 0x80054f <_ZL14freqProgram2am+0x1>
    4238:	83 51       	subi	r24, 0x13	; 19
    423a:	92 40       	sbci	r25, 0x02	; 2
    423c:	83 39       	cpi	r24, 0x93	; 147
    423e:	94 40       	sbci	r25, 0x04	; 4
    4240:	60 f3       	brcs	.-40     	; 0x421a <loop+0x1982>
    4242:	0f c0       	rjmp	.+30     	; 0x4262 <loop+0x19ca>
				&& memcmp(&irmp_data, &irmp_program2, sizeof(irmp_data) - 1) == 0
				&& !wasRepetition
    4244:	11 11       	cpse	r17, r1
    4246:	0d c0       	rjmp	.+26     	; 0x4262 <loop+0x19ca>
				&& specialMode == 0)
    4248:	80 91 7a 05 	lds	r24, 0x057A	; 0x80057a <_ZL11specialMode>
    424c:	81 11       	cpse	r24, r1
    424e:	09 c0       	rjmp	.+18     	; 0x4262 <loop+0x19ca>
			{
				switchToSavedFrequency(freqProgram2fm, freqProgram2am);
    4250:	60 91 4e 05 	lds	r22, 0x054E	; 0x80054e <_ZL14freqProgram2am>
    4254:	70 91 4f 05 	lds	r23, 0x054F	; 0x80054f <_ZL14freqProgram2am+0x1>
    4258:	80 91 4c 05 	lds	r24, 0x054C	; 0x80054c <_ZL14freqProgram2fm>
    425c:	90 91 4d 05 	lds	r25, 0x054D	; 0x80054d <_ZL14freqProgram2fm+0x1>
    4260:	d9 c3       	rjmp	.+1970   	; 0x4a14 <loop+0x217c>
			}
			else if ((((getMode() == MODE_STANDBY || getMode() == MODE_RADIO_FM) && freqProgram3fm >= MIN_FREQ_MHZ && freqProgram3fm <= MAX_FREQ_MHZ)
    4262:	0e 94 de 08 	call	0x11bc	; 0x11bc <_ZL7getModev>
					|| (getMode() == MODE_RADIO_AM && freqProgram3am >= MIN_FREQ_KHZ && freqProgram3am <= MAX_FREQ_KHZ))
				&& memcmp(&irmp_data, &irmp_program3, sizeof(irmp_data) - 1) == 0
				&& !wasRepetition
				&& specialMode == 0)
    4266:	83 30       	cpi	r24, 0x03	; 3
    4268:	49 f0       	breq	.+18     	; 0x427c <loop+0x19e4>
				&& !wasRepetition
				&& specialMode == 0)
			{
				switchToSavedFrequency(freqProgram2fm, freqProgram2am);
			}
			else if ((((getMode() == MODE_STANDBY || getMode() == MODE_RADIO_FM) && freqProgram3fm >= MIN_FREQ_MHZ && freqProgram3fm <= MAX_FREQ_MHZ)
    426a:	0e 94 de 08 	call	0x11bc	; 0x11bc <_ZL7getModev>
    426e:	88 23       	and	r24, r24
    4270:	29 f0       	breq	.+10     	; 0x427c <loop+0x19e4>
					|| (getMode() == MODE_RADIO_AM && freqProgram3am >= MIN_FREQ_KHZ && freqProgram3am <= MAX_FREQ_KHZ))
    4272:	0e 94 de 08 	call	0x11bc	; 0x11bc <_ZL7getModev>
    4276:	81 30       	cpi	r24, 0x01	; 1
    4278:	29 f5       	brne	.+74     	; 0x42c4 <loop+0x1a2c>
    427a:	14 c0       	rjmp	.+40     	; 0x42a4 <loop+0x1a0c>
				&& !wasRepetition
				&& specialMode == 0)
			{
				switchToSavedFrequency(freqProgram2fm, freqProgram2am);
			}
			else if ((((getMode() == MODE_STANDBY || getMode() == MODE_RADIO_FM) && freqProgram3fm >= MIN_FREQ_MHZ && freqProgram3fm <= MAX_FREQ_MHZ)
    427c:	80 91 42 05 	lds	r24, 0x0542	; 0x800542 <_ZL14freqProgram3fm>
    4280:	90 91 43 05 	lds	r25, 0x0543	; 0x800543 <_ZL14freqProgram3fm+0x1>
    4284:	8e 52       	subi	r24, 0x2E	; 46
    4286:	92 42       	sbci	r25, 0x22	; 34
    4288:	83 30       	cpi	r24, 0x03	; 3
    428a:	98 40       	sbci	r25, 0x08	; 8
    428c:	90 f7       	brcc	.-28     	; 0x4272 <loop+0x19da>
					|| (getMode() == MODE_RADIO_AM && freqProgram3am >= MIN_FREQ_KHZ && freqProgram3am <= MAX_FREQ_KHZ))
				&& memcmp(&irmp_data, &irmp_program3, sizeof(irmp_data) - 1) == 0
    428e:	45 e0       	ldi	r20, 0x05	; 5
    4290:	50 e0       	ldi	r21, 0x00	; 0
    4292:	66 e4       	ldi	r22, 0x46	; 70
    4294:	75 e0       	ldi	r23, 0x05	; 5
    4296:	8b e7       	ldi	r24, 0x7B	; 123
    4298:	95 e0       	ldi	r25, 0x05	; 5
    429a:	0e 94 f6 38 	call	0x71ec	; 0x71ec <memcmp>
    429e:	89 2b       	or	r24, r25
    42a0:	59 f0       	breq	.+22     	; 0x42b8 <loop+0x1a20>
    42a2:	10 c0       	rjmp	.+32     	; 0x42c4 <loop+0x1a2c>
				&& specialMode == 0)
			{
				switchToSavedFrequency(freqProgram2fm, freqProgram2am);
			}
			else if ((((getMode() == MODE_STANDBY || getMode() == MODE_RADIO_FM) && freqProgram3fm >= MIN_FREQ_MHZ && freqProgram3fm <= MAX_FREQ_MHZ)
					|| (getMode() == MODE_RADIO_AM && freqProgram3am >= MIN_FREQ_KHZ && freqProgram3am <= MAX_FREQ_KHZ))
    42a4:	80 91 44 05 	lds	r24, 0x0544	; 0x800544 <_ZL14freqProgram3am>
    42a8:	90 91 45 05 	lds	r25, 0x0545	; 0x800545 <_ZL14freqProgram3am+0x1>
    42ac:	83 51       	subi	r24, 0x13	; 19
    42ae:	92 40       	sbci	r25, 0x02	; 2
    42b0:	83 39       	cpi	r24, 0x93	; 147
    42b2:	94 40       	sbci	r25, 0x04	; 4
    42b4:	60 f3       	brcs	.-40     	; 0x428e <loop+0x19f6>
    42b6:	06 c0       	rjmp	.+12     	; 0x42c4 <loop+0x1a2c>
				&& memcmp(&irmp_data, &irmp_program3, sizeof(irmp_data) - 1) == 0
				&& !wasRepetition
    42b8:	11 11       	cpse	r17, r1
    42ba:	04 c0       	rjmp	.+8      	; 0x42c4 <loop+0x1a2c>
				&& specialMode == 0)
    42bc:	80 91 7a 05 	lds	r24, 0x057A	; 0x80057a <_ZL11specialMode>
    42c0:	88 23       	and	r24, r24
    42c2:	d1 f1       	breq	.+116    	; 0x4338 <loop+0x1aa0>
			{
				switchToSavedFrequency(freqProgram3fm, freqProgram3am);
			}
			else if ((((getMode() == MODE_STANDBY || getMode() == MODE_RADIO_FM) && freqProgram4fm >= MIN_FREQ_MHZ && freqProgram4fm <= MAX_FREQ_MHZ)
    42c4:	0e 94 de 08 	call	0x11bc	; 0x11bc <_ZL7getModev>
					|| (getMode() == MODE_RADIO_AM && freqProgram4am >= MIN_FREQ_KHZ && freqProgram4am <= MAX_FREQ_KHZ))
				&& memcmp(&irmp_data, &irmp_program4, sizeof(irmp_data) - 1) == 0
				&& !wasRepetition
				&& specialMode == 0)
    42c8:	83 30       	cpi	r24, 0x03	; 3
    42ca:	49 f0       	breq	.+18     	; 0x42de <loop+0x1a46>
				&& !wasRepetition
				&& specialMode == 0)
			{
				switchToSavedFrequency(freqProgram3fm, freqProgram3am);
			}
			else if ((((getMode() == MODE_STANDBY || getMode() == MODE_RADIO_FM) && freqProgram4fm >= MIN_FREQ_MHZ && freqProgram4fm <= MAX_FREQ_MHZ)
    42cc:	0e 94 de 08 	call	0x11bc	; 0x11bc <_ZL7getModev>
    42d0:	88 23       	and	r24, r24
    42d2:	29 f0       	breq	.+10     	; 0x42de <loop+0x1a46>
					|| (getMode() == MODE_RADIO_AM && freqProgram4am >= MIN_FREQ_KHZ && freqProgram4am <= MAX_FREQ_KHZ))
    42d4:	0e 94 de 08 	call	0x11bc	; 0x11bc <_ZL7getModev>
    42d8:	81 30       	cpi	r24, 0x01	; 1
    42da:	b9 f5       	brne	.+110    	; 0x434a <loop+0x1ab2>
    42dc:	14 c0       	rjmp	.+40     	; 0x4306 <loop+0x1a6e>
				&& !wasRepetition
				&& specialMode == 0)
			{
				switchToSavedFrequency(freqProgram3fm, freqProgram3am);
			}
			else if ((((getMode() == MODE_STANDBY || getMode() == MODE_RADIO_FM) && freqProgram4fm >= MIN_FREQ_MHZ && freqProgram4fm <= MAX_FREQ_MHZ)
    42de:	80 91 38 05 	lds	r24, 0x0538	; 0x800538 <_ZL14freqProgram4fm>
    42e2:	90 91 39 05 	lds	r25, 0x0539	; 0x800539 <_ZL14freqProgram4fm+0x1>
    42e6:	8e 52       	subi	r24, 0x2E	; 46
    42e8:	92 42       	sbci	r25, 0x22	; 34
    42ea:	83 30       	cpi	r24, 0x03	; 3
    42ec:	98 40       	sbci	r25, 0x08	; 8
    42ee:	90 f7       	brcc	.-28     	; 0x42d4 <loop+0x1a3c>
					|| (getMode() == MODE_RADIO_AM && freqProgram4am >= MIN_FREQ_KHZ && freqProgram4am <= MAX_FREQ_KHZ))
				&& memcmp(&irmp_data, &irmp_program4, sizeof(irmp_data) - 1) == 0
    42f0:	45 e0       	ldi	r20, 0x05	; 5
    42f2:	50 e0       	ldi	r21, 0x00	; 0
    42f4:	6c e3       	ldi	r22, 0x3C	; 60
    42f6:	75 e0       	ldi	r23, 0x05	; 5
    42f8:	8b e7       	ldi	r24, 0x7B	; 123
    42fa:	95 e0       	ldi	r25, 0x05	; 5
    42fc:	0e 94 f6 38 	call	0x71ec	; 0x71ec <memcmp>
    4300:	89 2b       	or	r24, r25
    4302:	59 f0       	breq	.+22     	; 0x431a <loop+0x1a82>
    4304:	22 c0       	rjmp	.+68     	; 0x434a <loop+0x1ab2>
				&& specialMode == 0)
			{
				switchToSavedFrequency(freqProgram3fm, freqProgram3am);
			}
			else if ((((getMode() == MODE_STANDBY || getMode() == MODE_RADIO_FM) && freqProgram4fm >= MIN_FREQ_MHZ && freqProgram4fm <= MAX_FREQ_MHZ)
					|| (getMode() == MODE_RADIO_AM && freqProgram4am >= MIN_FREQ_KHZ && freqProgram4am <= MAX_FREQ_KHZ))
    4306:	80 91 3a 05 	lds	r24, 0x053A	; 0x80053a <_ZL14freqProgram4am>
    430a:	90 91 3b 05 	lds	r25, 0x053B	; 0x80053b <_ZL14freqProgram4am+0x1>
    430e:	83 51       	subi	r24, 0x13	; 19
    4310:	92 40       	sbci	r25, 0x02	; 2
    4312:	83 39       	cpi	r24, 0x93	; 147
    4314:	94 40       	sbci	r25, 0x04	; 4
    4316:	60 f3       	brcs	.-40     	; 0x42f0 <loop+0x1a58>
    4318:	18 c0       	rjmp	.+48     	; 0x434a <loop+0x1ab2>
				&& memcmp(&irmp_data, &irmp_program4, sizeof(irmp_data) - 1) == 0
				&& !wasRepetition
    431a:	11 11       	cpse	r17, r1
    431c:	16 c0       	rjmp	.+44     	; 0x434a <loop+0x1ab2>
				&& specialMode == 0)
    431e:	80 91 7a 05 	lds	r24, 0x057A	; 0x80057a <_ZL11specialMode>
    4322:	81 11       	cpse	r24, r1
    4324:	12 c0       	rjmp	.+36     	; 0x434a <loop+0x1ab2>
			{
				switchToSavedFrequency(freqProgram4fm, freqProgram4am);
    4326:	60 91 3a 05 	lds	r22, 0x053A	; 0x80053a <_ZL14freqProgram4am>
    432a:	70 91 3b 05 	lds	r23, 0x053B	; 0x80053b <_ZL14freqProgram4am+0x1>
    432e:	80 91 38 05 	lds	r24, 0x0538	; 0x800538 <_ZL14freqProgram4fm>
    4332:	90 91 39 05 	lds	r25, 0x0539	; 0x800539 <_ZL14freqProgram4fm+0x1>
    4336:	6e c3       	rjmp	.+1756   	; 0x4a14 <loop+0x217c>
					|| (getMode() == MODE_RADIO_AM && freqProgram3am >= MIN_FREQ_KHZ && freqProgram3am <= MAX_FREQ_KHZ))
				&& memcmp(&irmp_data, &irmp_program3, sizeof(irmp_data) - 1) == 0
				&& !wasRepetition
				&& specialMode == 0)
			{
				switchToSavedFrequency(freqProgram3fm, freqProgram3am);
    4338:	60 91 44 05 	lds	r22, 0x0544	; 0x800544 <_ZL14freqProgram3am>
    433c:	70 91 45 05 	lds	r23, 0x0545	; 0x800545 <_ZL14freqProgram3am+0x1>
    4340:	80 91 42 05 	lds	r24, 0x0542	; 0x800542 <_ZL14freqProgram3fm>
    4344:	90 91 43 05 	lds	r25, 0x0543	; 0x800543 <_ZL14freqProgram3fm+0x1>
    4348:	65 c3       	rjmp	.+1738   	; 0x4a14 <loop+0x217c>
				&& !wasRepetition
				&& specialMode == 0)
			{
				switchToSavedFrequency(freqProgram4fm, freqProgram4am);
			}
			else if ((((getMode() == MODE_STANDBY || getMode() == MODE_RADIO_FM) && freqProgram5fm >= MIN_FREQ_MHZ && freqProgram5fm <= MAX_FREQ_MHZ)
    434a:	0e 94 de 08 	call	0x11bc	; 0x11bc <_ZL7getModev>
					|| (getMode() == MODE_RADIO_AM && freqProgram5am >= MIN_FREQ_KHZ && freqProgram5am <= MAX_FREQ_KHZ))
				&& memcmp(&irmp_data, &irmp_program5, sizeof(irmp_data) - 1) == 0
				&& !wasRepetition
				&& specialMode == 0)
    434e:	83 30       	cpi	r24, 0x03	; 3
    4350:	49 f0       	breq	.+18     	; 0x4364 <loop+0x1acc>
				&& !wasRepetition
				&& specialMode == 0)
			{
				switchToSavedFrequency(freqProgram4fm, freqProgram4am);
			}
			else if ((((getMode() == MODE_STANDBY || getMode() == MODE_RADIO_FM) && freqProgram5fm >= MIN_FREQ_MHZ && freqProgram5fm <= MAX_FREQ_MHZ)
    4352:	0e 94 de 08 	call	0x11bc	; 0x11bc <_ZL7getModev>
    4356:	88 23       	and	r24, r24
    4358:	29 f0       	breq	.+10     	; 0x4364 <loop+0x1acc>
					|| (getMode() == MODE_RADIO_AM && freqProgram5am >= MIN_FREQ_KHZ && freqProgram5am <= MAX_FREQ_KHZ))
    435a:	0e 94 de 08 	call	0x11bc	; 0x11bc <_ZL7getModev>
    435e:	81 30       	cpi	r24, 0x01	; 1
    4360:	71 f5       	brne	.+92     	; 0x43be <loop+0x1b26>
    4362:	14 c0       	rjmp	.+40     	; 0x438c <loop+0x1af4>
				&& !wasRepetition
				&& specialMode == 0)
			{
				switchToSavedFrequency(freqProgram4fm, freqProgram4am);
			}
			else if ((((getMode() == MODE_STANDBY || getMode() == MODE_RADIO_FM) && freqProgram5fm >= MIN_FREQ_MHZ && freqProgram5fm <= MAX_FREQ_MHZ)
    4364:	80 91 2e 05 	lds	r24, 0x052E	; 0x80052e <_ZL14freqProgram5fm>
    4368:	90 91 2f 05 	lds	r25, 0x052F	; 0x80052f <_ZL14freqProgram5fm+0x1>
    436c:	8e 52       	subi	r24, 0x2E	; 46
    436e:	92 42       	sbci	r25, 0x22	; 34
    4370:	83 30       	cpi	r24, 0x03	; 3
    4372:	98 40       	sbci	r25, 0x08	; 8
    4374:	90 f7       	brcc	.-28     	; 0x435a <loop+0x1ac2>
					|| (getMode() == MODE_RADIO_AM && freqProgram5am >= MIN_FREQ_KHZ && freqProgram5am <= MAX_FREQ_KHZ))
				&& memcmp(&irmp_data, &irmp_program5, sizeof(irmp_data) - 1) == 0
    4376:	45 e0       	ldi	r20, 0x05	; 5
    4378:	50 e0       	ldi	r21, 0x00	; 0
    437a:	62 e3       	ldi	r22, 0x32	; 50
    437c:	75 e0       	ldi	r23, 0x05	; 5
    437e:	8b e7       	ldi	r24, 0x7B	; 123
    4380:	95 e0       	ldi	r25, 0x05	; 5
    4382:	0e 94 f6 38 	call	0x71ec	; 0x71ec <memcmp>
    4386:	89 2b       	or	r24, r25
    4388:	59 f0       	breq	.+22     	; 0x43a0 <loop+0x1b08>
    438a:	19 c0       	rjmp	.+50     	; 0x43be <loop+0x1b26>
				&& specialMode == 0)
			{
				switchToSavedFrequency(freqProgram4fm, freqProgram4am);
			}
			else if ((((getMode() == MODE_STANDBY || getMode() == MODE_RADIO_FM) && freqProgram5fm >= MIN_FREQ_MHZ && freqProgram5fm <= MAX_FREQ_MHZ)
					|| (getMode() == MODE_RADIO_AM && freqProgram5am >= MIN_FREQ_KHZ && freqProgram5am <= MAX_FREQ_KHZ))
    438c:	80 91 30 05 	lds	r24, 0x0530	; 0x800530 <_ZL14freqProgram5am>
    4390:	90 91 31 05 	lds	r25, 0x0531	; 0x800531 <_ZL14freqProgram5am+0x1>
    4394:	83 51       	subi	r24, 0x13	; 19
    4396:	92 40       	sbci	r25, 0x02	; 2
    4398:	83 39       	cpi	r24, 0x93	; 147
    439a:	94 40       	sbci	r25, 0x04	; 4
    439c:	60 f3       	brcs	.-40     	; 0x4376 <loop+0x1ade>
    439e:	0f c0       	rjmp	.+30     	; 0x43be <loop+0x1b26>
				&& memcmp(&irmp_data, &irmp_program5, sizeof(irmp_data) - 1) == 0
				&& !wasRepetition
    43a0:	11 11       	cpse	r17, r1
    43a2:	0d c0       	rjmp	.+26     	; 0x43be <loop+0x1b26>
				&& specialMode == 0)
    43a4:	80 91 7a 05 	lds	r24, 0x057A	; 0x80057a <_ZL11specialMode>
    43a8:	81 11       	cpse	r24, r1
    43aa:	09 c0       	rjmp	.+18     	; 0x43be <loop+0x1b26>
			{
				switchToSavedFrequency(freqProgram5fm, freqProgram5am);
    43ac:	60 91 30 05 	lds	r22, 0x0530	; 0x800530 <_ZL14freqProgram5am>
    43b0:	70 91 31 05 	lds	r23, 0x0531	; 0x800531 <_ZL14freqProgram5am+0x1>
    43b4:	80 91 2e 05 	lds	r24, 0x052E	; 0x80052e <_ZL14freqProgram5fm>
    43b8:	90 91 2f 05 	lds	r25, 0x052F	; 0x80052f <_ZL14freqProgram5fm+0x1>
    43bc:	2b c3       	rjmp	.+1622   	; 0x4a14 <loop+0x217c>
			}
			else if ((((getMode() == MODE_STANDBY || getMode() == MODE_RADIO_FM) && freqProgram6fm >= MIN_FREQ_MHZ && freqProgram6fm <= MAX_FREQ_MHZ)
    43be:	0e 94 de 08 	call	0x11bc	; 0x11bc <_ZL7getModev>
					|| (getMode() == MODE_RADIO_AM && freqProgram6am >= MIN_FREQ_KHZ && freqProgram6am <= MAX_FREQ_KHZ))
				&& memcmp(&irmp_data, &irmp_program6, sizeof(irmp_data) - 1) == 0
				&& !wasRepetition
				&& specialMode == 0)
    43c2:	83 30       	cpi	r24, 0x03	; 3
    43c4:	49 f0       	breq	.+18     	; 0x43d8 <loop+0x1b40>
				&& !wasRepetition
				&& specialMode == 0)
			{
				switchToSavedFrequency(freqProgram5fm, freqProgram5am);
			}
			else if ((((getMode() == MODE_STANDBY || getMode() == MODE_RADIO_FM) && freqProgram6fm >= MIN_FREQ_MHZ && freqProgram6fm <= MAX_FREQ_MHZ)
    43c6:	0e 94 de 08 	call	0x11bc	; 0x11bc <_ZL7getModev>
    43ca:	88 23       	and	r24, r24
    43cc:	29 f0       	breq	.+10     	; 0x43d8 <loop+0x1b40>
					|| (getMode() == MODE_RADIO_AM && freqProgram6am >= MIN_FREQ_KHZ && freqProgram6am <= MAX_FREQ_KHZ))
    43ce:	0e 94 de 08 	call	0x11bc	; 0x11bc <_ZL7getModev>
    43d2:	81 30       	cpi	r24, 0x01	; 1
    43d4:	71 f5       	brne	.+92     	; 0x4432 <loop+0x1b9a>
    43d6:	14 c0       	rjmp	.+40     	; 0x4400 <loop+0x1b68>
				&& !wasRepetition
				&& specialMode == 0)
			{
				switchToSavedFrequency(freqProgram5fm, freqProgram5am);
			}
			else if ((((getMode() == MODE_STANDBY || getMode() == MODE_RADIO_FM) && freqProgram6fm >= MIN_FREQ_MHZ && freqProgram6fm <= MAX_FREQ_MHZ)
    43d8:	80 91 24 05 	lds	r24, 0x0524	; 0x800524 <_ZL14freqProgram6fm>
    43dc:	90 91 25 05 	lds	r25, 0x0525	; 0x800525 <_ZL14freqProgram6fm+0x1>
    43e0:	8e 52       	subi	r24, 0x2E	; 46
    43e2:	92 42       	sbci	r25, 0x22	; 34
    43e4:	83 30       	cpi	r24, 0x03	; 3
    43e6:	98 40       	sbci	r25, 0x08	; 8
    43e8:	90 f7       	brcc	.-28     	; 0x43ce <loop+0x1b36>
					|| (getMode() == MODE_RADIO_AM && freqProgram6am >= MIN_FREQ_KHZ && freqProgram6am <= MAX_FREQ_KHZ))
				&& memcmp(&irmp_data, &irmp_program6, sizeof(irmp_data) - 1) == 0
    43ea:	45 e0       	ldi	r20, 0x05	; 5
    43ec:	50 e0       	ldi	r21, 0x00	; 0
    43ee:	68 e2       	ldi	r22, 0x28	; 40
    43f0:	75 e0       	ldi	r23, 0x05	; 5
    43f2:	8b e7       	ldi	r24, 0x7B	; 123
    43f4:	95 e0       	ldi	r25, 0x05	; 5
    43f6:	0e 94 f6 38 	call	0x71ec	; 0x71ec <memcmp>
    43fa:	89 2b       	or	r24, r25
    43fc:	59 f0       	breq	.+22     	; 0x4414 <loop+0x1b7c>
    43fe:	19 c0       	rjmp	.+50     	; 0x4432 <loop+0x1b9a>
				&& specialMode == 0)
			{
				switchToSavedFrequency(freqProgram5fm, freqProgram5am);
			}
			else if ((((getMode() == MODE_STANDBY || getMode() == MODE_RADIO_FM) && freqProgram6fm >= MIN_FREQ_MHZ && freqProgram6fm <= MAX_FREQ_MHZ)
					|| (getMode() == MODE_RADIO_AM && freqProgram6am >= MIN_FREQ_KHZ && freqProgram6am <= MAX_FREQ_KHZ))
    4400:	80 91 26 05 	lds	r24, 0x0526	; 0x800526 <_ZL14freqProgram6am>
    4404:	90 91 27 05 	lds	r25, 0x0527	; 0x800527 <_ZL14freqProgram6am+0x1>
    4408:	83 51       	subi	r24, 0x13	; 19
    440a:	92 40       	sbci	r25, 0x02	; 2
    440c:	83 39       	cpi	r24, 0x93	; 147
    440e:	94 40       	sbci	r25, 0x04	; 4
    4410:	60 f3       	brcs	.-40     	; 0x43ea <loop+0x1b52>
    4412:	0f c0       	rjmp	.+30     	; 0x4432 <loop+0x1b9a>
				&& memcmp(&irmp_data, &irmp_program6, sizeof(irmp_data) - 1) == 0
				&& !wasRepetition
    4414:	11 11       	cpse	r17, r1
    4416:	0d c0       	rjmp	.+26     	; 0x4432 <loop+0x1b9a>
				&& specialMode == 0)
    4418:	80 91 7a 05 	lds	r24, 0x057A	; 0x80057a <_ZL11specialMode>
    441c:	81 11       	cpse	r24, r1
    441e:	09 c0       	rjmp	.+18     	; 0x4432 <loop+0x1b9a>
			{
				switchToSavedFrequency(freqProgram6fm, freqProgram6am);
    4420:	60 91 26 05 	lds	r22, 0x0526	; 0x800526 <_ZL14freqProgram6am>
    4424:	70 91 27 05 	lds	r23, 0x0527	; 0x800527 <_ZL14freqProgram6am+0x1>
    4428:	80 91 24 05 	lds	r24, 0x0524	; 0x800524 <_ZL14freqProgram6fm>
    442c:	90 91 25 05 	lds	r25, 0x0525	; 0x800525 <_ZL14freqProgram6fm+0x1>
    4430:	f1 c2       	rjmp	.+1506   	; 0x4a14 <loop+0x217c>
			}
			else if ((((getMode() == MODE_STANDBY || getMode() == MODE_RADIO_FM) && freqProgram7fm >= MIN_FREQ_MHZ && freqProgram7fm <= MAX_FREQ_MHZ)
    4432:	0e 94 de 08 	call	0x11bc	; 0x11bc <_ZL7getModev>
					|| (getMode() == MODE_RADIO_AM && freqProgram7am >= MIN_FREQ_KHZ && freqProgram7am <= MAX_FREQ_KHZ))
				&& memcmp(&irmp_data, &irmp_program7, sizeof(irmp_data) - 1) == 0
				&& !wasRepetition
				&& specialMode == 0)
    4436:	83 30       	cpi	r24, 0x03	; 3
    4438:	49 f0       	breq	.+18     	; 0x444c <loop+0x1bb4>
				&& !wasRepetition
				&& specialMode == 0)
			{
				switchToSavedFrequency(freqProgram6fm, freqProgram6am);
			}
			else if ((((getMode() == MODE_STANDBY || getMode() == MODE_RADIO_FM) && freqProgram7fm >= MIN_FREQ_MHZ && freqProgram7fm <= MAX_FREQ_MHZ)
    443a:	0e 94 de 08 	call	0x11bc	; 0x11bc <_ZL7getModev>
    443e:	88 23       	and	r24, r24
    4440:	29 f0       	breq	.+10     	; 0x444c <loop+0x1bb4>
					|| (getMode() == MODE_RADIO_AM && freqProgram7am >= MIN_FREQ_KHZ && freqProgram7am <= MAX_FREQ_KHZ))
    4442:	0e 94 de 08 	call	0x11bc	; 0x11bc <_ZL7getModev>
    4446:	81 30       	cpi	r24, 0x01	; 1
    4448:	71 f5       	brne	.+92     	; 0x44a6 <loop+0x1c0e>
    444a:	14 c0       	rjmp	.+40     	; 0x4474 <loop+0x1bdc>
				&& !wasRepetition
				&& specialMode == 0)
			{
				switchToSavedFrequency(freqProgram6fm, freqProgram6am);
			}
			else if ((((getMode() == MODE_STANDBY || getMode() == MODE_RADIO_FM) && freqProgram7fm >= MIN_FREQ_MHZ && freqProgram7fm <= MAX_FREQ_MHZ)
    444c:	80 91 1a 05 	lds	r24, 0x051A	; 0x80051a <_ZL14freqProgram7fm>
    4450:	90 91 1b 05 	lds	r25, 0x051B	; 0x80051b <_ZL14freqProgram7fm+0x1>
    4454:	8e 52       	subi	r24, 0x2E	; 46
    4456:	92 42       	sbci	r25, 0x22	; 34
    4458:	83 30       	cpi	r24, 0x03	; 3
    445a:	98 40       	sbci	r25, 0x08	; 8
    445c:	90 f7       	brcc	.-28     	; 0x4442 <loop+0x1baa>
					|| (getMode() == MODE_RADIO_AM && freqProgram7am >= MIN_FREQ_KHZ && freqProgram7am <= MAX_FREQ_KHZ))
				&& memcmp(&irmp_data, &irmp_program7, sizeof(irmp_data) - 1) == 0
    445e:	45 e0       	ldi	r20, 0x05	; 5
    4460:	50 e0       	ldi	r21, 0x00	; 0
    4462:	6e e1       	ldi	r22, 0x1E	; 30
    4464:	75 e0       	ldi	r23, 0x05	; 5
    4466:	8b e7       	ldi	r24, 0x7B	; 123
    4468:	95 e0       	ldi	r25, 0x05	; 5
    446a:	0e 94 f6 38 	call	0x71ec	; 0x71ec <memcmp>
    446e:	89 2b       	or	r24, r25
    4470:	59 f0       	breq	.+22     	; 0x4488 <loop+0x1bf0>
    4472:	19 c0       	rjmp	.+50     	; 0x44a6 <loop+0x1c0e>
				&& specialMode == 0)
			{
				switchToSavedFrequency(freqProgram6fm, freqProgram6am);
			}
			else if ((((getMode() == MODE_STANDBY || getMode() == MODE_RADIO_FM) && freqProgram7fm >= MIN_FREQ_MHZ && freqProgram7fm <= MAX_FREQ_MHZ)
					|| (getMode() == MODE_RADIO_AM && freqProgram7am >= MIN_FREQ_KHZ && freqProgram7am <= MAX_FREQ_KHZ))
    4474:	80 91 1c 05 	lds	r24, 0x051C	; 0x80051c <_ZL14freqProgram7am>
    4478:	90 91 1d 05 	lds	r25, 0x051D	; 0x80051d <_ZL14freqProgram7am+0x1>
    447c:	83 51       	subi	r24, 0x13	; 19
    447e:	92 40       	sbci	r25, 0x02	; 2
    4480:	83 39       	cpi	r24, 0x93	; 147
    4482:	94 40       	sbci	r25, 0x04	; 4
    4484:	60 f3       	brcs	.-40     	; 0x445e <loop+0x1bc6>
    4486:	0f c0       	rjmp	.+30     	; 0x44a6 <loop+0x1c0e>
				&& memcmp(&irmp_data, &irmp_program7, sizeof(irmp_data) - 1) == 0
				&& !wasRepetition
    4488:	11 11       	cpse	r17, r1
    448a:	0d c0       	rjmp	.+26     	; 0x44a6 <loop+0x1c0e>
				&& specialMode == 0)
    448c:	80 91 7a 05 	lds	r24, 0x057A	; 0x80057a <_ZL11specialMode>
    4490:	81 11       	cpse	r24, r1
    4492:	09 c0       	rjmp	.+18     	; 0x44a6 <loop+0x1c0e>
			{
				switchToSavedFrequency(freqProgram7fm, freqProgram7am);
    4494:	60 91 1c 05 	lds	r22, 0x051C	; 0x80051c <_ZL14freqProgram7am>
    4498:	70 91 1d 05 	lds	r23, 0x051D	; 0x80051d <_ZL14freqProgram7am+0x1>
    449c:	80 91 1a 05 	lds	r24, 0x051A	; 0x80051a <_ZL14freqProgram7fm>
    44a0:	90 91 1b 05 	lds	r25, 0x051B	; 0x80051b <_ZL14freqProgram7fm+0x1>
    44a4:	b7 c2       	rjmp	.+1390   	; 0x4a14 <loop+0x217c>
			}
			else if ((((getMode() == MODE_STANDBY || getMode() == MODE_RADIO_FM) && freqProgram8fm >= MIN_FREQ_MHZ && freqProgram8fm <= MAX_FREQ_MHZ)
    44a6:	0e 94 de 08 	call	0x11bc	; 0x11bc <_ZL7getModev>
					|| (getMode() == MODE_RADIO_AM && freqProgram8am >= MIN_FREQ_KHZ && freqProgram8am <= MAX_FREQ_KHZ))
				&& memcmp(&irmp_data, &irmp_program8, sizeof(irmp_data) - 1) == 0
				&& !wasRepetition
				&& specialMode == 0)
    44aa:	83 30       	cpi	r24, 0x03	; 3
    44ac:	49 f0       	breq	.+18     	; 0x44c0 <loop+0x1c28>
				&& !wasRepetition
				&& specialMode == 0)
			{
				switchToSavedFrequency(freqProgram7fm, freqProgram7am);
			}
			else if ((((getMode() == MODE_STANDBY || getMode() == MODE_RADIO_FM) && freqProgram8fm >= MIN_FREQ_MHZ && freqProgram8fm <= MAX_FREQ_MHZ)
    44ae:	0e 94 de 08 	call	0x11bc	; 0x11bc <_ZL7getModev>
    44b2:	88 23       	and	r24, r24
    44b4:	29 f0       	breq	.+10     	; 0x44c0 <loop+0x1c28>
					|| (getMode() == MODE_RADIO_AM && freqProgram8am >= MIN_FREQ_KHZ && freqProgram8am <= MAX_FREQ_KHZ))
    44b6:	0e 94 de 08 	call	0x11bc	; 0x11bc <_ZL7getModev>
    44ba:	81 30       	cpi	r24, 0x01	; 1
    44bc:	71 f5       	brne	.+92     	; 0x451a <loop+0x1c82>
    44be:	14 c0       	rjmp	.+40     	; 0x44e8 <loop+0x1c50>
				&& !wasRepetition
				&& specialMode == 0)
			{
				switchToSavedFrequency(freqProgram7fm, freqProgram7am);
			}
			else if ((((getMode() == MODE_STANDBY || getMode() == MODE_RADIO_FM) && freqProgram8fm >= MIN_FREQ_MHZ && freqProgram8fm <= MAX_FREQ_MHZ)
    44c0:	80 91 10 05 	lds	r24, 0x0510	; 0x800510 <_ZL14freqProgram8fm>
    44c4:	90 91 11 05 	lds	r25, 0x0511	; 0x800511 <_ZL14freqProgram8fm+0x1>
    44c8:	8e 52       	subi	r24, 0x2E	; 46
    44ca:	92 42       	sbci	r25, 0x22	; 34
    44cc:	83 30       	cpi	r24, 0x03	; 3
    44ce:	98 40       	sbci	r25, 0x08	; 8
    44d0:	90 f7       	brcc	.-28     	; 0x44b6 <loop+0x1c1e>
					|| (getMode() == MODE_RADIO_AM && freqProgram8am >= MIN_FREQ_KHZ && freqProgram8am <= MAX_FREQ_KHZ))
				&& memcmp(&irmp_data, &irmp_program8, sizeof(irmp_data) - 1) == 0
    44d2:	45 e0       	ldi	r20, 0x05	; 5
    44d4:	50 e0       	ldi	r21, 0x00	; 0
    44d6:	64 e1       	ldi	r22, 0x14	; 20
    44d8:	75 e0       	ldi	r23, 0x05	; 5
    44da:	8b e7       	ldi	r24, 0x7B	; 123
    44dc:	95 e0       	ldi	r25, 0x05	; 5
    44de:	0e 94 f6 38 	call	0x71ec	; 0x71ec <memcmp>
    44e2:	89 2b       	or	r24, r25
    44e4:	59 f0       	breq	.+22     	; 0x44fc <loop+0x1c64>
    44e6:	19 c0       	rjmp	.+50     	; 0x451a <loop+0x1c82>
				&& specialMode == 0)
			{
				switchToSavedFrequency(freqProgram7fm, freqProgram7am);
			}
			else if ((((getMode() == MODE_STANDBY || getMode() == MODE_RADIO_FM) && freqProgram8fm >= MIN_FREQ_MHZ && freqProgram8fm <= MAX_FREQ_MHZ)
					|| (getMode() == MODE_RADIO_AM && freqProgram8am >= MIN_FREQ_KHZ && freqProgram8am <= MAX_FREQ_KHZ))
    44e8:	80 91 12 05 	lds	r24, 0x0512	; 0x800512 <_ZL14freqProgram8am>
    44ec:	90 91 13 05 	lds	r25, 0x0513	; 0x800513 <_ZL14freqProgram8am+0x1>
    44f0:	83 51       	subi	r24, 0x13	; 19
    44f2:	92 40       	sbci	r25, 0x02	; 2
    44f4:	83 39       	cpi	r24, 0x93	; 147
    44f6:	94 40       	sbci	r25, 0x04	; 4
    44f8:	60 f3       	brcs	.-40     	; 0x44d2 <loop+0x1c3a>
    44fa:	0f c0       	rjmp	.+30     	; 0x451a <loop+0x1c82>
				&& memcmp(&irmp_data, &irmp_program8, sizeof(irmp_data) - 1) == 0
				&& !wasRepetition
    44fc:	11 11       	cpse	r17, r1
    44fe:	0d c0       	rjmp	.+26     	; 0x451a <loop+0x1c82>
				&& specialMode == 0)
    4500:	80 91 7a 05 	lds	r24, 0x057A	; 0x80057a <_ZL11specialMode>
    4504:	81 11       	cpse	r24, r1
    4506:	09 c0       	rjmp	.+18     	; 0x451a <loop+0x1c82>
			{
				switchToSavedFrequency(freqProgram8fm, freqProgram8am);
    4508:	60 91 12 05 	lds	r22, 0x0512	; 0x800512 <_ZL14freqProgram8am>
    450c:	70 91 13 05 	lds	r23, 0x0513	; 0x800513 <_ZL14freqProgram8am+0x1>
    4510:	80 91 10 05 	lds	r24, 0x0510	; 0x800510 <_ZL14freqProgram8fm>
    4514:	90 91 11 05 	lds	r25, 0x0511	; 0x800511 <_ZL14freqProgram8fm+0x1>
    4518:	7d c2       	rjmp	.+1274   	; 0x4a14 <loop+0x217c>
			}
			else if ((((getMode() == MODE_STANDBY || getMode() == MODE_RADIO_FM) && freqProgram9fm >= MIN_FREQ_MHZ && freqProgram9fm <= MAX_FREQ_MHZ)
    451a:	0e 94 de 08 	call	0x11bc	; 0x11bc <_ZL7getModev>
					|| (getMode() == MODE_RADIO_AM && freqProgram9am >= MIN_FREQ_KHZ && freqProgram9am <= MAX_FREQ_KHZ))
				&& memcmp(&irmp_data, &irmp_program9, sizeof(irmp_data) - 1) == 0
				&& !wasRepetition
				&& specialMode == 0)
    451e:	83 30       	cpi	r24, 0x03	; 3
    4520:	49 f0       	breq	.+18     	; 0x4534 <loop+0x1c9c>
				&& !wasRepetition
				&& specialMode == 0)
			{
				switchToSavedFrequency(freqProgram8fm, freqProgram8am);
			}
			else if ((((getMode() == MODE_STANDBY || getMode() == MODE_RADIO_FM) && freqProgram9fm >= MIN_FREQ_MHZ && freqProgram9fm <= MAX_FREQ_MHZ)
    4522:	0e 94 de 08 	call	0x11bc	; 0x11bc <_ZL7getModev>
    4526:	88 23       	and	r24, r24
    4528:	29 f0       	breq	.+10     	; 0x4534 <loop+0x1c9c>
					|| (getMode() == MODE_RADIO_AM && freqProgram9am >= MIN_FREQ_KHZ && freqProgram9am <= MAX_FREQ_KHZ))
    452a:	0e 94 de 08 	call	0x11bc	; 0x11bc <_ZL7getModev>
    452e:	81 30       	cpi	r24, 0x01	; 1
    4530:	71 f5       	brne	.+92     	; 0x458e <loop+0x1cf6>
    4532:	14 c0       	rjmp	.+40     	; 0x455c <loop+0x1cc4>
				&& !wasRepetition
				&& specialMode == 0)
			{
				switchToSavedFrequency(freqProgram8fm, freqProgram8am);
			}
			else if ((((getMode() == MODE_STANDBY || getMode() == MODE_RADIO_FM) && freqProgram9fm >= MIN_FREQ_MHZ && freqProgram9fm <= MAX_FREQ_MHZ)
    4534:	80 91 06 05 	lds	r24, 0x0506	; 0x800506 <_ZL14freqProgram9fm>
    4538:	90 91 07 05 	lds	r25, 0x0507	; 0x800507 <_ZL14freqProgram9fm+0x1>
    453c:	8e 52       	subi	r24, 0x2E	; 46
    453e:	92 42       	sbci	r25, 0x22	; 34
    4540:	83 30       	cpi	r24, 0x03	; 3
    4542:	98 40       	sbci	r25, 0x08	; 8
    4544:	90 f7       	brcc	.-28     	; 0x452a <loop+0x1c92>
					|| (getMode() == MODE_RADIO_AM && freqProgram9am >= MIN_FREQ_KHZ && freqProgram9am <= MAX_FREQ_KHZ))
				&& memcmp(&irmp_data, &irmp_program9, sizeof(irmp_data) - 1) == 0
    4546:	45 e0       	ldi	r20, 0x05	; 5
    4548:	50 e0       	ldi	r21, 0x00	; 0
    454a:	6a e0       	ldi	r22, 0x0A	; 10
    454c:	75 e0       	ldi	r23, 0x05	; 5
    454e:	8b e7       	ldi	r24, 0x7B	; 123
    4550:	95 e0       	ldi	r25, 0x05	; 5
    4552:	0e 94 f6 38 	call	0x71ec	; 0x71ec <memcmp>
    4556:	89 2b       	or	r24, r25
    4558:	59 f0       	breq	.+22     	; 0x4570 <loop+0x1cd8>
    455a:	19 c0       	rjmp	.+50     	; 0x458e <loop+0x1cf6>
				&& specialMode == 0)
			{
				switchToSavedFrequency(freqProgram8fm, freqProgram8am);
			}
			else if ((((getMode() == MODE_STANDBY || getMode() == MODE_RADIO_FM) && freqProgram9fm >= MIN_FREQ_MHZ && freqProgram9fm <= MAX_FREQ_MHZ)
					|| (getMode() == MODE_RADIO_AM && freqProgram9am >= MIN_FREQ_KHZ && freqProgram9am <= MAX_FREQ_KHZ))
    455c:	80 91 08 05 	lds	r24, 0x0508	; 0x800508 <_ZL14freqProgram9am>
    4560:	90 91 09 05 	lds	r25, 0x0509	; 0x800509 <_ZL14freqProgram9am+0x1>
    4564:	83 51       	subi	r24, 0x13	; 19
    4566:	92 40       	sbci	r25, 0x02	; 2
    4568:	83 39       	cpi	r24, 0x93	; 147
    456a:	94 40       	sbci	r25, 0x04	; 4
    456c:	60 f3       	brcs	.-40     	; 0x4546 <loop+0x1cae>
    456e:	0f c0       	rjmp	.+30     	; 0x458e <loop+0x1cf6>
				&& memcmp(&irmp_data, &irmp_program9, sizeof(irmp_data) - 1) == 0
				&& !wasRepetition
    4570:	11 11       	cpse	r17, r1
    4572:	0d c0       	rjmp	.+26     	; 0x458e <loop+0x1cf6>
				&& specialMode == 0)
    4574:	80 91 7a 05 	lds	r24, 0x057A	; 0x80057a <_ZL11specialMode>
    4578:	81 11       	cpse	r24, r1
    457a:	09 c0       	rjmp	.+18     	; 0x458e <loop+0x1cf6>
			{
				switchToSavedFrequency(freqProgram9fm, freqProgram9am);
    457c:	60 91 08 05 	lds	r22, 0x0508	; 0x800508 <_ZL14freqProgram9am>
    4580:	70 91 09 05 	lds	r23, 0x0509	; 0x800509 <_ZL14freqProgram9am+0x1>
    4584:	80 91 06 05 	lds	r24, 0x0506	; 0x800506 <_ZL14freqProgram9fm>
    4588:	90 91 07 05 	lds	r25, 0x0507	; 0x800507 <_ZL14freqProgram9fm+0x1>
    458c:	43 c2       	rjmp	.+1158   	; 0x4a14 <loop+0x217c>
			}
			else if ((((getMode() == MODE_STANDBY || getMode() == MODE_RADIO_FM) && freqProgram10fm >= MIN_FREQ_MHZ && freqProgram10fm <= MAX_FREQ_MHZ)
    458e:	0e 94 de 08 	call	0x11bc	; 0x11bc <_ZL7getModev>
					|| (getMode() == MODE_RADIO_AM && freqProgram10am >= MIN_FREQ_KHZ && freqProgram10am <= MAX_FREQ_KHZ))
				&& memcmp(&irmp_data, &irmp_program10, sizeof(irmp_data) - 1) == 0
				&& !wasRepetition
				&& specialMode == 0)
    4592:	83 30       	cpi	r24, 0x03	; 3
    4594:	49 f0       	breq	.+18     	; 0x45a8 <loop+0x1d10>
				&& !wasRepetition
				&& specialMode == 0)
			{
				switchToSavedFrequency(freqProgram9fm, freqProgram9am);
			}
			else if ((((getMode() == MODE_STANDBY || getMode() == MODE_RADIO_FM) && freqProgram10fm >= MIN_FREQ_MHZ && freqProgram10fm <= MAX_FREQ_MHZ)
    4596:	0e 94 de 08 	call	0x11bc	; 0x11bc <_ZL7getModev>
    459a:	88 23       	and	r24, r24
    459c:	29 f0       	breq	.+10     	; 0x45a8 <loop+0x1d10>
					|| (getMode() == MODE_RADIO_AM && freqProgram10am >= MIN_FREQ_KHZ && freqProgram10am <= MAX_FREQ_KHZ))
    459e:	0e 94 de 08 	call	0x11bc	; 0x11bc <_ZL7getModev>
    45a2:	81 30       	cpi	r24, 0x01	; 1
    45a4:	29 f5       	brne	.+74     	; 0x45f0 <loop+0x1d58>
    45a6:	14 c0       	rjmp	.+40     	; 0x45d0 <loop+0x1d38>
				&& !wasRepetition
				&& specialMode == 0)
			{
				switchToSavedFrequency(freqProgram9fm, freqProgram9am);
			}
			else if ((((getMode() == MODE_STANDBY || getMode() == MODE_RADIO_FM) && freqProgram10fm >= MIN_FREQ_MHZ && freqProgram10fm <= MAX_FREQ_MHZ)
    45a8:	80 91 fc 04 	lds	r24, 0x04FC	; 0x8004fc <_ZL15freqProgram10fm>
    45ac:	90 91 fd 04 	lds	r25, 0x04FD	; 0x8004fd <_ZL15freqProgram10fm+0x1>
    45b0:	8e 52       	subi	r24, 0x2E	; 46
    45b2:	92 42       	sbci	r25, 0x22	; 34
    45b4:	83 30       	cpi	r24, 0x03	; 3
    45b6:	98 40       	sbci	r25, 0x08	; 8
    45b8:	90 f7       	brcc	.-28     	; 0x459e <loop+0x1d06>
					|| (getMode() == MODE_RADIO_AM && freqProgram10am >= MIN_FREQ_KHZ && freqProgram10am <= MAX_FREQ_KHZ))
				&& memcmp(&irmp_data, &irmp_program10, sizeof(irmp_data) - 1) == 0
    45ba:	45 e0       	ldi	r20, 0x05	; 5
    45bc:	50 e0       	ldi	r21, 0x00	; 0
    45be:	60 e0       	ldi	r22, 0x00	; 0
    45c0:	75 e0       	ldi	r23, 0x05	; 5
    45c2:	8b e7       	ldi	r24, 0x7B	; 123
    45c4:	95 e0       	ldi	r25, 0x05	; 5
    45c6:	0e 94 f6 38 	call	0x71ec	; 0x71ec <memcmp>
    45ca:	89 2b       	or	r24, r25
    45cc:	59 f0       	breq	.+22     	; 0x45e4 <loop+0x1d4c>
    45ce:	10 c0       	rjmp	.+32     	; 0x45f0 <loop+0x1d58>
				&& specialMode == 0)
			{
				switchToSavedFrequency(freqProgram9fm, freqProgram9am);
			}
			else if ((((getMode() == MODE_STANDBY || getMode() == MODE_RADIO_FM) && freqProgram10fm >= MIN_FREQ_MHZ && freqProgram10fm <= MAX_FREQ_MHZ)
					|| (getMode() == MODE_RADIO_AM && freqProgram10am >= MIN_FREQ_KHZ && freqProgram10am <= MAX_FREQ_KHZ))
    45d0:	80 91 fe 04 	lds	r24, 0x04FE	; 0x8004fe <_ZL15freqProgram10am>
    45d4:	90 91 ff 04 	lds	r25, 0x04FF	; 0x8004ff <_ZL15freqProgram10am+0x1>
    45d8:	83 51       	subi	r24, 0x13	; 19
    45da:	92 40       	sbci	r25, 0x02	; 2
    45dc:	83 39       	cpi	r24, 0x93	; 147
    45de:	94 40       	sbci	r25, 0x04	; 4
    45e0:	60 f3       	brcs	.-40     	; 0x45ba <loop+0x1d22>
    45e2:	06 c0       	rjmp	.+12     	; 0x45f0 <loop+0x1d58>
				&& memcmp(&irmp_data, &irmp_program10, sizeof(irmp_data) - 1) == 0
				&& !wasRepetition
    45e4:	11 11       	cpse	r17, r1
    45e6:	04 c0       	rjmp	.+8      	; 0x45f0 <loop+0x1d58>
				&& specialMode == 0)
    45e8:	80 91 7a 05 	lds	r24, 0x057A	; 0x80057a <_ZL11specialMode>
    45ec:	88 23       	and	r24, r24
    45ee:	d1 f1       	breq	.+116    	; 0x4664 <loop+0x1dcc>
			{
				switchToSavedFrequency(freqProgram10fm, freqProgram10am);
			}
			else if ((((getMode() == MODE_STANDBY || getMode() == MODE_RADIO_FM) && freqProgram11fm >= MIN_FREQ_MHZ && freqProgram11fm <= MAX_FREQ_MHZ)
    45f0:	0e 94 de 08 	call	0x11bc	; 0x11bc <_ZL7getModev>
					|| (getMode() == MODE_RADIO_AM && freqProgram11am >= MIN_FREQ_KHZ && freqProgram11am <= MAX_FREQ_KHZ))
				&& memcmp(&irmp_data, &irmp_program11, sizeof(irmp_data) - 1) == 0
				&& !wasRepetition
				&& specialMode == 0)
    45f4:	83 30       	cpi	r24, 0x03	; 3
    45f6:	49 f0       	breq	.+18     	; 0x460a <loop+0x1d72>
				&& !wasRepetition
				&& specialMode == 0)
			{
				switchToSavedFrequency(freqProgram10fm, freqProgram10am);
			}
			else if ((((getMode() == MODE_STANDBY || getMode() == MODE_RADIO_FM) && freqProgram11fm >= MIN_FREQ_MHZ && freqProgram11fm <= MAX_FREQ_MHZ)
    45f8:	0e 94 de 08 	call	0x11bc	; 0x11bc <_ZL7getModev>
    45fc:	88 23       	and	r24, r24
    45fe:	29 f0       	breq	.+10     	; 0x460a <loop+0x1d72>
					|| (getMode() == MODE_RADIO_AM && freqProgram11am >= MIN_FREQ_KHZ && freqProgram11am <= MAX_FREQ_KHZ))
    4600:	0e 94 de 08 	call	0x11bc	; 0x11bc <_ZL7getModev>
    4604:	81 30       	cpi	r24, 0x01	; 1
    4606:	b9 f5       	brne	.+110    	; 0x4676 <loop+0x1dde>
    4608:	14 c0       	rjmp	.+40     	; 0x4632 <loop+0x1d9a>
				&& !wasRepetition
				&& specialMode == 0)
			{
				switchToSavedFrequency(freqProgram10fm, freqProgram10am);
			}
			else if ((((getMode() == MODE_STANDBY || getMode() == MODE_RADIO_FM) && freqProgram11fm >= MIN_FREQ_MHZ && freqProgram11fm <= MAX_FREQ_MHZ)
    460a:	80 91 f2 04 	lds	r24, 0x04F2	; 0x8004f2 <_ZL15freqProgram11fm>
    460e:	90 91 f3 04 	lds	r25, 0x04F3	; 0x8004f3 <_ZL15freqProgram11fm+0x1>
    4612:	8e 52       	subi	r24, 0x2E	; 46
    4614:	92 42       	sbci	r25, 0x22	; 34
    4616:	83 30       	cpi	r24, 0x03	; 3
    4618:	98 40       	sbci	r25, 0x08	; 8
    461a:	90 f7       	brcc	.-28     	; 0x4600 <loop+0x1d68>
					|| (getMode() == MODE_RADIO_AM && freqProgram11am >= MIN_FREQ_KHZ && freqProgram11am <= MAX_FREQ_KHZ))
				&& memcmp(&irmp_data, &irmp_program11, sizeof(irmp_data) - 1) == 0
    461c:	45 e0       	ldi	r20, 0x05	; 5
    461e:	50 e0       	ldi	r21, 0x00	; 0
    4620:	66 ef       	ldi	r22, 0xF6	; 246
    4622:	74 e0       	ldi	r23, 0x04	; 4
    4624:	8b e7       	ldi	r24, 0x7B	; 123
    4626:	95 e0       	ldi	r25, 0x05	; 5
    4628:	0e 94 f6 38 	call	0x71ec	; 0x71ec <memcmp>
    462c:	89 2b       	or	r24, r25
    462e:	59 f0       	breq	.+22     	; 0x4646 <loop+0x1dae>
    4630:	22 c0       	rjmp	.+68     	; 0x4676 <loop+0x1dde>
				&& specialMode == 0)
			{
				switchToSavedFrequency(freqProgram10fm, freqProgram10am);
			}
			else if ((((getMode() == MODE_STANDBY || getMode() == MODE_RADIO_FM) && freqProgram11fm >= MIN_FREQ_MHZ && freqProgram11fm <= MAX_FREQ_MHZ)
					|| (getMode() == MODE_RADIO_AM && freqProgram11am >= MIN_FREQ_KHZ && freqProgram11am <= MAX_FREQ_KHZ))
    4632:	80 91 f4 04 	lds	r24, 0x04F4	; 0x8004f4 <_ZL15freqProgram11am>
    4636:	90 91 f5 04 	lds	r25, 0x04F5	; 0x8004f5 <_ZL15freqProgram11am+0x1>
    463a:	83 51       	subi	r24, 0x13	; 19
    463c:	92 40       	sbci	r25, 0x02	; 2
    463e:	83 39       	cpi	r24, 0x93	; 147
    4640:	94 40       	sbci	r25, 0x04	; 4
    4642:	60 f3       	brcs	.-40     	; 0x461c <loop+0x1d84>
    4644:	18 c0       	rjmp	.+48     	; 0x4676 <loop+0x1dde>
				&& memcmp(&irmp_data, &irmp_program11, sizeof(irmp_data) - 1) == 0
				&& !wasRepetition
    4646:	11 11       	cpse	r17, r1
    4648:	16 c0       	rjmp	.+44     	; 0x4676 <loop+0x1dde>
				&& specialMode == 0)
    464a:	80 91 7a 05 	lds	r24, 0x057A	; 0x80057a <_ZL11specialMode>
    464e:	81 11       	cpse	r24, r1
    4650:	12 c0       	rjmp	.+36     	; 0x4676 <loop+0x1dde>
			{
				switchToSavedFrequency(freqProgram11fm, freqProgram11am);
    4652:	60 91 f4 04 	lds	r22, 0x04F4	; 0x8004f4 <_ZL15freqProgram11am>
    4656:	70 91 f5 04 	lds	r23, 0x04F5	; 0x8004f5 <_ZL15freqProgram11am+0x1>
    465a:	80 91 f2 04 	lds	r24, 0x04F2	; 0x8004f2 <_ZL15freqProgram11fm>
    465e:	90 91 f3 04 	lds	r25, 0x04F3	; 0x8004f3 <_ZL15freqProgram11fm+0x1>
    4662:	d8 c1       	rjmp	.+944    	; 0x4a14 <loop+0x217c>
					|| (getMode() == MODE_RADIO_AM && freqProgram10am >= MIN_FREQ_KHZ && freqProgram10am <= MAX_FREQ_KHZ))
				&& memcmp(&irmp_data, &irmp_program10, sizeof(irmp_data) - 1) == 0
				&& !wasRepetition
				&& specialMode == 0)
			{
				switchToSavedFrequency(freqProgram10fm, freqProgram10am);
    4664:	60 91 fe 04 	lds	r22, 0x04FE	; 0x8004fe <_ZL15freqProgram10am>
    4668:	70 91 ff 04 	lds	r23, 0x04FF	; 0x8004ff <_ZL15freqProgram10am+0x1>
    466c:	80 91 fc 04 	lds	r24, 0x04FC	; 0x8004fc <_ZL15freqProgram10fm>
    4670:	90 91 fd 04 	lds	r25, 0x04FD	; 0x8004fd <_ZL15freqProgram10fm+0x1>
    4674:	cf c1       	rjmp	.+926    	; 0x4a14 <loop+0x217c>
				&& !wasRepetition
				&& specialMode == 0)
			{
				switchToSavedFrequency(freqProgram11fm, freqProgram11am);
			}
			else if ((((getMode() == MODE_STANDBY || getMode() == MODE_RADIO_FM) && freqProgram12fm >= MIN_FREQ_MHZ && freqProgram12fm <= MAX_FREQ_MHZ)
    4676:	0e 94 de 08 	call	0x11bc	; 0x11bc <_ZL7getModev>
					|| (getMode() == MODE_RADIO_AM && freqProgram12am >= MIN_FREQ_KHZ && freqProgram12am <= MAX_FREQ_KHZ))
				&& memcmp(&irmp_data, &irmp_program12, sizeof(irmp_data) - 1) == 0
				&& !wasRepetition
				&& specialMode == 0)
    467a:	83 30       	cpi	r24, 0x03	; 3
    467c:	49 f0       	breq	.+18     	; 0x4690 <loop+0x1df8>
				&& !wasRepetition
				&& specialMode == 0)
			{
				switchToSavedFrequency(freqProgram11fm, freqProgram11am);
			}
			else if ((((getMode() == MODE_STANDBY || getMode() == MODE_RADIO_FM) && freqProgram12fm >= MIN_FREQ_MHZ && freqProgram12fm <= MAX_FREQ_MHZ)
    467e:	0e 94 de 08 	call	0x11bc	; 0x11bc <_ZL7getModev>
    4682:	88 23       	and	r24, r24
    4684:	29 f0       	breq	.+10     	; 0x4690 <loop+0x1df8>
					|| (getMode() == MODE_RADIO_AM && freqProgram12am >= MIN_FREQ_KHZ && freqProgram12am <= MAX_FREQ_KHZ))
    4686:	0e 94 de 08 	call	0x11bc	; 0x11bc <_ZL7getModev>
    468a:	81 30       	cpi	r24, 0x01	; 1
    468c:	71 f5       	brne	.+92     	; 0x46ea <loop+0x1e52>
    468e:	14 c0       	rjmp	.+40     	; 0x46b8 <loop+0x1e20>
				&& !wasRepetition
				&& specialMode == 0)
			{
				switchToSavedFrequency(freqProgram11fm, freqProgram11am);
			}
			else if ((((getMode() == MODE_STANDBY || getMode() == MODE_RADIO_FM) && freqProgram12fm >= MIN_FREQ_MHZ && freqProgram12fm <= MAX_FREQ_MHZ)
    4690:	80 91 e8 04 	lds	r24, 0x04E8	; 0x8004e8 <_ZL15freqProgram12fm>
    4694:	90 91 e9 04 	lds	r25, 0x04E9	; 0x8004e9 <_ZL15freqProgram12fm+0x1>
    4698:	8e 52       	subi	r24, 0x2E	; 46
    469a:	92 42       	sbci	r25, 0x22	; 34
    469c:	83 30       	cpi	r24, 0x03	; 3
    469e:	98 40       	sbci	r25, 0x08	; 8
    46a0:	90 f7       	brcc	.-28     	; 0x4686 <loop+0x1dee>
					|| (getMode() == MODE_RADIO_AM && freqProgram12am >= MIN_FREQ_KHZ && freqProgram12am <= MAX_FREQ_KHZ))
				&& memcmp(&irmp_data, &irmp_program12, sizeof(irmp_data) - 1) == 0
    46a2:	45 e0       	ldi	r20, 0x05	; 5
    46a4:	50 e0       	ldi	r21, 0x00	; 0
    46a6:	6c ee       	ldi	r22, 0xEC	; 236
    46a8:	74 e0       	ldi	r23, 0x04	; 4
    46aa:	8b e7       	ldi	r24, 0x7B	; 123
    46ac:	95 e0       	ldi	r25, 0x05	; 5
    46ae:	0e 94 f6 38 	call	0x71ec	; 0x71ec <memcmp>
    46b2:	89 2b       	or	r24, r25
    46b4:	59 f0       	breq	.+22     	; 0x46cc <loop+0x1e34>
    46b6:	19 c0       	rjmp	.+50     	; 0x46ea <loop+0x1e52>
				&& specialMode == 0)
			{
				switchToSavedFrequency(freqProgram11fm, freqProgram11am);
			}
			else if ((((getMode() == MODE_STANDBY || getMode() == MODE_RADIO_FM) && freqProgram12fm >= MIN_FREQ_MHZ && freqProgram12fm <= MAX_FREQ_MHZ)
					|| (getMode() == MODE_RADIO_AM && freqProgram12am >= MIN_FREQ_KHZ && freqProgram12am <= MAX_FREQ_KHZ))
    46b8:	80 91 ea 04 	lds	r24, 0x04EA	; 0x8004ea <_ZL15freqProgram12am>
    46bc:	90 91 eb 04 	lds	r25, 0x04EB	; 0x8004eb <_ZL15freqProgram12am+0x1>
    46c0:	83 51       	subi	r24, 0x13	; 19
    46c2:	92 40       	sbci	r25, 0x02	; 2
    46c4:	83 39       	cpi	r24, 0x93	; 147
    46c6:	94 40       	sbci	r25, 0x04	; 4
    46c8:	60 f3       	brcs	.-40     	; 0x46a2 <loop+0x1e0a>
    46ca:	0f c0       	rjmp	.+30     	; 0x46ea <loop+0x1e52>
				&& memcmp(&irmp_data, &irmp_program12, sizeof(irmp_data) - 1) == 0
				&& !wasRepetition
    46cc:	11 11       	cpse	r17, r1
    46ce:	0d c0       	rjmp	.+26     	; 0x46ea <loop+0x1e52>
				&& specialMode == 0)
    46d0:	80 91 7a 05 	lds	r24, 0x057A	; 0x80057a <_ZL11specialMode>
    46d4:	81 11       	cpse	r24, r1
    46d6:	09 c0       	rjmp	.+18     	; 0x46ea <loop+0x1e52>
			{
				switchToSavedFrequency(freqProgram12fm, freqProgram12am);
    46d8:	60 91 ea 04 	lds	r22, 0x04EA	; 0x8004ea <_ZL15freqProgram12am>
    46dc:	70 91 eb 04 	lds	r23, 0x04EB	; 0x8004eb <_ZL15freqProgram12am+0x1>
    46e0:	80 91 e8 04 	lds	r24, 0x04E8	; 0x8004e8 <_ZL15freqProgram12fm>
    46e4:	90 91 e9 04 	lds	r25, 0x04E9	; 0x8004e9 <_ZL15freqProgram12fm+0x1>
    46e8:	95 c1       	rjmp	.+810    	; 0x4a14 <loop+0x217c>
			}
			else if ((((getMode() == MODE_STANDBY || getMode() == MODE_RADIO_FM) && freqProgram13fm >= MIN_FREQ_MHZ && freqProgram13fm <= MAX_FREQ_MHZ)
    46ea:	0e 94 de 08 	call	0x11bc	; 0x11bc <_ZL7getModev>
					|| (getMode() == MODE_RADIO_AM && freqProgram13am >= MIN_FREQ_KHZ && freqProgram13am <= MAX_FREQ_KHZ))
				&& memcmp(&irmp_data, &irmp_program13, sizeof(irmp_data) - 1) == 0
				&& !wasRepetition
				&& specialMode == 0)
    46ee:	83 30       	cpi	r24, 0x03	; 3
    46f0:	49 f0       	breq	.+18     	; 0x4704 <loop+0x1e6c>
				&& !wasRepetition
				&& specialMode == 0)
			{
				switchToSavedFrequency(freqProgram12fm, freqProgram12am);
			}
			else if ((((getMode() == MODE_STANDBY || getMode() == MODE_RADIO_FM) && freqProgram13fm >= MIN_FREQ_MHZ && freqProgram13fm <= MAX_FREQ_MHZ)
    46f2:	0e 94 de 08 	call	0x11bc	; 0x11bc <_ZL7getModev>
    46f6:	88 23       	and	r24, r24
    46f8:	29 f0       	breq	.+10     	; 0x4704 <loop+0x1e6c>
					|| (getMode() == MODE_RADIO_AM && freqProgram13am >= MIN_FREQ_KHZ && freqProgram13am <= MAX_FREQ_KHZ))
    46fa:	0e 94 de 08 	call	0x11bc	; 0x11bc <_ZL7getModev>
    46fe:	81 30       	cpi	r24, 0x01	; 1
    4700:	71 f5       	brne	.+92     	; 0x475e <loop+0x1ec6>
    4702:	14 c0       	rjmp	.+40     	; 0x472c <loop+0x1e94>
				&& !wasRepetition
				&& specialMode == 0)
			{
				switchToSavedFrequency(freqProgram12fm, freqProgram12am);
			}
			else if ((((getMode() == MODE_STANDBY || getMode() == MODE_RADIO_FM) && freqProgram13fm >= MIN_FREQ_MHZ && freqProgram13fm <= MAX_FREQ_MHZ)
    4704:	80 91 de 04 	lds	r24, 0x04DE	; 0x8004de <_ZL15freqProgram13fm>
    4708:	90 91 df 04 	lds	r25, 0x04DF	; 0x8004df <_ZL15freqProgram13fm+0x1>
    470c:	8e 52       	subi	r24, 0x2E	; 46
    470e:	92 42       	sbci	r25, 0x22	; 34
    4710:	83 30       	cpi	r24, 0x03	; 3
    4712:	98 40       	sbci	r25, 0x08	; 8
    4714:	90 f7       	brcc	.-28     	; 0x46fa <loop+0x1e62>
					|| (getMode() == MODE_RADIO_AM && freqProgram13am >= MIN_FREQ_KHZ && freqProgram13am <= MAX_FREQ_KHZ))
				&& memcmp(&irmp_data, &irmp_program13, sizeof(irmp_data) - 1) == 0
    4716:	45 e0       	ldi	r20, 0x05	; 5
    4718:	50 e0       	ldi	r21, 0x00	; 0
    471a:	62 ee       	ldi	r22, 0xE2	; 226
    471c:	74 e0       	ldi	r23, 0x04	; 4
    471e:	8b e7       	ldi	r24, 0x7B	; 123
    4720:	95 e0       	ldi	r25, 0x05	; 5
    4722:	0e 94 f6 38 	call	0x71ec	; 0x71ec <memcmp>
    4726:	89 2b       	or	r24, r25
    4728:	59 f0       	breq	.+22     	; 0x4740 <loop+0x1ea8>
    472a:	19 c0       	rjmp	.+50     	; 0x475e <loop+0x1ec6>
				&& specialMode == 0)
			{
				switchToSavedFrequency(freqProgram12fm, freqProgram12am);
			}
			else if ((((getMode() == MODE_STANDBY || getMode() == MODE_RADIO_FM) && freqProgram13fm >= MIN_FREQ_MHZ && freqProgram13fm <= MAX_FREQ_MHZ)
					|| (getMode() == MODE_RADIO_AM && freqProgram13am >= MIN_FREQ_KHZ && freqProgram13am <= MAX_FREQ_KHZ))
    472c:	80 91 e0 04 	lds	r24, 0x04E0	; 0x8004e0 <_ZL15freqProgram13am>
    4730:	90 91 e1 04 	lds	r25, 0x04E1	; 0x8004e1 <_ZL15freqProgram13am+0x1>
    4734:	83 51       	subi	r24, 0x13	; 19
    4736:	92 40       	sbci	r25, 0x02	; 2
    4738:	83 39       	cpi	r24, 0x93	; 147
    473a:	94 40       	sbci	r25, 0x04	; 4
    473c:	60 f3       	brcs	.-40     	; 0x4716 <loop+0x1e7e>
    473e:	0f c0       	rjmp	.+30     	; 0x475e <loop+0x1ec6>
				&& memcmp(&irmp_data, &irmp_program13, sizeof(irmp_data) - 1) == 0
				&& !wasRepetition
    4740:	11 11       	cpse	r17, r1
    4742:	0d c0       	rjmp	.+26     	; 0x475e <loop+0x1ec6>
				&& specialMode == 0)
    4744:	80 91 7a 05 	lds	r24, 0x057A	; 0x80057a <_ZL11specialMode>
    4748:	81 11       	cpse	r24, r1
    474a:	09 c0       	rjmp	.+18     	; 0x475e <loop+0x1ec6>
			{
				switchToSavedFrequency(freqProgram13fm, freqProgram13am);
    474c:	60 91 e0 04 	lds	r22, 0x04E0	; 0x8004e0 <_ZL15freqProgram13am>
    4750:	70 91 e1 04 	lds	r23, 0x04E1	; 0x8004e1 <_ZL15freqProgram13am+0x1>
    4754:	80 91 de 04 	lds	r24, 0x04DE	; 0x8004de <_ZL15freqProgram13fm>
    4758:	90 91 df 04 	lds	r25, 0x04DF	; 0x8004df <_ZL15freqProgram13fm+0x1>
    475c:	5b c1       	rjmp	.+694    	; 0x4a14 <loop+0x217c>
			}
			else if ((((getMode() == MODE_STANDBY || getMode() == MODE_RADIO_FM) && freqProgram14fm >= MIN_FREQ_MHZ && freqProgram14fm <= MAX_FREQ_MHZ)
    475e:	0e 94 de 08 	call	0x11bc	; 0x11bc <_ZL7getModev>
					|| (getMode() == MODE_RADIO_AM && freqProgram14am >= MIN_FREQ_KHZ && freqProgram14am <= MAX_FREQ_KHZ))
				&& memcmp(&irmp_data, &irmp_program14, sizeof(irmp_data) - 1) == 0
				&& !wasRepetition
				&& specialMode == 0)
    4762:	83 30       	cpi	r24, 0x03	; 3
    4764:	49 f0       	breq	.+18     	; 0x4778 <loop+0x1ee0>
				&& !wasRepetition
				&& specialMode == 0)
			{
				switchToSavedFrequency(freqProgram13fm, freqProgram13am);
			}
			else if ((((getMode() == MODE_STANDBY || getMode() == MODE_RADIO_FM) && freqProgram14fm >= MIN_FREQ_MHZ && freqProgram14fm <= MAX_FREQ_MHZ)
    4766:	0e 94 de 08 	call	0x11bc	; 0x11bc <_ZL7getModev>
    476a:	88 23       	and	r24, r24
    476c:	29 f0       	breq	.+10     	; 0x4778 <loop+0x1ee0>
					|| (getMode() == MODE_RADIO_AM && freqProgram14am >= MIN_FREQ_KHZ && freqProgram14am <= MAX_FREQ_KHZ))
    476e:	0e 94 de 08 	call	0x11bc	; 0x11bc <_ZL7getModev>
    4772:	81 30       	cpi	r24, 0x01	; 1
    4774:	71 f5       	brne	.+92     	; 0x47d2 <loop+0x1f3a>
    4776:	14 c0       	rjmp	.+40     	; 0x47a0 <loop+0x1f08>
				&& !wasRepetition
				&& specialMode == 0)
			{
				switchToSavedFrequency(freqProgram13fm, freqProgram13am);
			}
			else if ((((getMode() == MODE_STANDBY || getMode() == MODE_RADIO_FM) && freqProgram14fm >= MIN_FREQ_MHZ && freqProgram14fm <= MAX_FREQ_MHZ)
    4778:	80 91 d4 04 	lds	r24, 0x04D4	; 0x8004d4 <_ZL15freqProgram14fm>
    477c:	90 91 d5 04 	lds	r25, 0x04D5	; 0x8004d5 <_ZL15freqProgram14fm+0x1>
    4780:	8e 52       	subi	r24, 0x2E	; 46
    4782:	92 42       	sbci	r25, 0x22	; 34
    4784:	83 30       	cpi	r24, 0x03	; 3
    4786:	98 40       	sbci	r25, 0x08	; 8
    4788:	90 f7       	brcc	.-28     	; 0x476e <loop+0x1ed6>
					|| (getMode() == MODE_RADIO_AM && freqProgram14am >= MIN_FREQ_KHZ && freqProgram14am <= MAX_FREQ_KHZ))
				&& memcmp(&irmp_data, &irmp_program14, sizeof(irmp_data) - 1) == 0
    478a:	45 e0       	ldi	r20, 0x05	; 5
    478c:	50 e0       	ldi	r21, 0x00	; 0
    478e:	68 ed       	ldi	r22, 0xD8	; 216
    4790:	74 e0       	ldi	r23, 0x04	; 4
    4792:	8b e7       	ldi	r24, 0x7B	; 123
    4794:	95 e0       	ldi	r25, 0x05	; 5
    4796:	0e 94 f6 38 	call	0x71ec	; 0x71ec <memcmp>
    479a:	89 2b       	or	r24, r25
    479c:	59 f0       	breq	.+22     	; 0x47b4 <loop+0x1f1c>
    479e:	19 c0       	rjmp	.+50     	; 0x47d2 <loop+0x1f3a>
				&& specialMode == 0)
			{
				switchToSavedFrequency(freqProgram13fm, freqProgram13am);
			}
			else if ((((getMode() == MODE_STANDBY || getMode() == MODE_RADIO_FM) && freqProgram14fm >= MIN_FREQ_MHZ && freqProgram14fm <= MAX_FREQ_MHZ)
					|| (getMode() == MODE_RADIO_AM && freqProgram14am >= MIN_FREQ_KHZ && freqProgram14am <= MAX_FREQ_KHZ))
    47a0:	80 91 d6 04 	lds	r24, 0x04D6	; 0x8004d6 <_ZL15freqProgram14am>
    47a4:	90 91 d7 04 	lds	r25, 0x04D7	; 0x8004d7 <_ZL15freqProgram14am+0x1>
    47a8:	83 51       	subi	r24, 0x13	; 19
    47aa:	92 40       	sbci	r25, 0x02	; 2
    47ac:	83 39       	cpi	r24, 0x93	; 147
    47ae:	94 40       	sbci	r25, 0x04	; 4
    47b0:	60 f3       	brcs	.-40     	; 0x478a <loop+0x1ef2>
    47b2:	0f c0       	rjmp	.+30     	; 0x47d2 <loop+0x1f3a>
				&& memcmp(&irmp_data, &irmp_program14, sizeof(irmp_data) - 1) == 0
				&& !wasRepetition
    47b4:	11 11       	cpse	r17, r1
    47b6:	0d c0       	rjmp	.+26     	; 0x47d2 <loop+0x1f3a>
				&& specialMode == 0)
    47b8:	80 91 7a 05 	lds	r24, 0x057A	; 0x80057a <_ZL11specialMode>
    47bc:	81 11       	cpse	r24, r1
    47be:	09 c0       	rjmp	.+18     	; 0x47d2 <loop+0x1f3a>
			{
				switchToSavedFrequency(freqProgram14fm, freqProgram14am);
    47c0:	60 91 d6 04 	lds	r22, 0x04D6	; 0x8004d6 <_ZL15freqProgram14am>
    47c4:	70 91 d7 04 	lds	r23, 0x04D7	; 0x8004d7 <_ZL15freqProgram14am+0x1>
    47c8:	80 91 d4 04 	lds	r24, 0x04D4	; 0x8004d4 <_ZL15freqProgram14fm>
    47cc:	90 91 d5 04 	lds	r25, 0x04D5	; 0x8004d5 <_ZL15freqProgram14fm+0x1>
    47d0:	21 c1       	rjmp	.+578    	; 0x4a14 <loop+0x217c>
			}
			else if ((((getMode() == MODE_STANDBY || getMode() == MODE_RADIO_FM) && freqProgram15fm >= MIN_FREQ_MHZ && freqProgram15fm <= MAX_FREQ_MHZ)
    47d2:	0e 94 de 08 	call	0x11bc	; 0x11bc <_ZL7getModev>
					|| (getMode() == MODE_RADIO_AM && freqProgram15am >= MIN_FREQ_KHZ && freqProgram15am <= MAX_FREQ_KHZ))
				&& memcmp(&irmp_data, &irmp_program15, sizeof(irmp_data) - 1) == 0
				&& !wasRepetition
				&& specialMode == 0)
    47d6:	83 30       	cpi	r24, 0x03	; 3
    47d8:	49 f0       	breq	.+18     	; 0x47ec <loop+0x1f54>
				&& !wasRepetition
				&& specialMode == 0)
			{
				switchToSavedFrequency(freqProgram14fm, freqProgram14am);
			}
			else if ((((getMode() == MODE_STANDBY || getMode() == MODE_RADIO_FM) && freqProgram15fm >= MIN_FREQ_MHZ && freqProgram15fm <= MAX_FREQ_MHZ)
    47da:	0e 94 de 08 	call	0x11bc	; 0x11bc <_ZL7getModev>
    47de:	88 23       	and	r24, r24
    47e0:	29 f0       	breq	.+10     	; 0x47ec <loop+0x1f54>
					|| (getMode() == MODE_RADIO_AM && freqProgram15am >= MIN_FREQ_KHZ && freqProgram15am <= MAX_FREQ_KHZ))
    47e2:	0e 94 de 08 	call	0x11bc	; 0x11bc <_ZL7getModev>
    47e6:	81 30       	cpi	r24, 0x01	; 1
    47e8:	71 f5       	brne	.+92     	; 0x4846 <loop+0x1fae>
    47ea:	14 c0       	rjmp	.+40     	; 0x4814 <loop+0x1f7c>
				&& !wasRepetition
				&& specialMode == 0)
			{
				switchToSavedFrequency(freqProgram14fm, freqProgram14am);
			}
			else if ((((getMode() == MODE_STANDBY || getMode() == MODE_RADIO_FM) && freqProgram15fm >= MIN_FREQ_MHZ && freqProgram15fm <= MAX_FREQ_MHZ)
    47ec:	80 91 ca 04 	lds	r24, 0x04CA	; 0x8004ca <_ZL15freqProgram15fm>
    47f0:	90 91 cb 04 	lds	r25, 0x04CB	; 0x8004cb <_ZL15freqProgram15fm+0x1>
    47f4:	8e 52       	subi	r24, 0x2E	; 46
    47f6:	92 42       	sbci	r25, 0x22	; 34
    47f8:	83 30       	cpi	r24, 0x03	; 3
    47fa:	98 40       	sbci	r25, 0x08	; 8
    47fc:	90 f7       	brcc	.-28     	; 0x47e2 <loop+0x1f4a>
					|| (getMode() == MODE_RADIO_AM && freqProgram15am >= MIN_FREQ_KHZ && freqProgram15am <= MAX_FREQ_KHZ))
				&& memcmp(&irmp_data, &irmp_program15, sizeof(irmp_data) - 1) == 0
    47fe:	45 e0       	ldi	r20, 0x05	; 5
    4800:	50 e0       	ldi	r21, 0x00	; 0
    4802:	6e ec       	ldi	r22, 0xCE	; 206
    4804:	74 e0       	ldi	r23, 0x04	; 4
    4806:	8b e7       	ldi	r24, 0x7B	; 123
    4808:	95 e0       	ldi	r25, 0x05	; 5
    480a:	0e 94 f6 38 	call	0x71ec	; 0x71ec <memcmp>
    480e:	89 2b       	or	r24, r25
    4810:	59 f0       	breq	.+22     	; 0x4828 <loop+0x1f90>
    4812:	19 c0       	rjmp	.+50     	; 0x4846 <loop+0x1fae>
				&& specialMode == 0)
			{
				switchToSavedFrequency(freqProgram14fm, freqProgram14am);
			}
			else if ((((getMode() == MODE_STANDBY || getMode() == MODE_RADIO_FM) && freqProgram15fm >= MIN_FREQ_MHZ && freqProgram15fm <= MAX_FREQ_MHZ)
					|| (getMode() == MODE_RADIO_AM && freqProgram15am >= MIN_FREQ_KHZ && freqProgram15am <= MAX_FREQ_KHZ))
    4814:	80 91 cc 04 	lds	r24, 0x04CC	; 0x8004cc <_ZL15freqProgram15am>
    4818:	90 91 cd 04 	lds	r25, 0x04CD	; 0x8004cd <_ZL15freqProgram15am+0x1>
    481c:	83 51       	subi	r24, 0x13	; 19
    481e:	92 40       	sbci	r25, 0x02	; 2
    4820:	83 39       	cpi	r24, 0x93	; 147
    4822:	94 40       	sbci	r25, 0x04	; 4
    4824:	60 f3       	brcs	.-40     	; 0x47fe <loop+0x1f66>
    4826:	0f c0       	rjmp	.+30     	; 0x4846 <loop+0x1fae>
				&& memcmp(&irmp_data, &irmp_program15, sizeof(irmp_data) - 1) == 0
				&& !wasRepetition
    4828:	11 11       	cpse	r17, r1
    482a:	0d c0       	rjmp	.+26     	; 0x4846 <loop+0x1fae>
				&& specialMode == 0)
    482c:	80 91 7a 05 	lds	r24, 0x057A	; 0x80057a <_ZL11specialMode>
    4830:	81 11       	cpse	r24, r1
    4832:	09 c0       	rjmp	.+18     	; 0x4846 <loop+0x1fae>
			{
				switchToSavedFrequency(freqProgram15fm, freqProgram15am);
    4834:	60 91 cc 04 	lds	r22, 0x04CC	; 0x8004cc <_ZL15freqProgram15am>
    4838:	70 91 cd 04 	lds	r23, 0x04CD	; 0x8004cd <_ZL15freqProgram15am+0x1>
    483c:	80 91 ca 04 	lds	r24, 0x04CA	; 0x8004ca <_ZL15freqProgram15fm>
    4840:	90 91 cb 04 	lds	r25, 0x04CB	; 0x8004cb <_ZL15freqProgram15fm+0x1>
    4844:	e7 c0       	rjmp	.+462    	; 0x4a14 <loop+0x217c>
			}
			else if ((((getMode() == MODE_STANDBY || getMode() == MODE_RADIO_FM) && freqProgram16fm >= MIN_FREQ_MHZ && freqProgram16fm <= MAX_FREQ_MHZ)
    4846:	0e 94 de 08 	call	0x11bc	; 0x11bc <_ZL7getModev>
					|| (getMode() == MODE_RADIO_AM && freqProgram16am >= MIN_FREQ_KHZ && freqProgram16am <= MAX_FREQ_KHZ))
				&& memcmp(&irmp_data, &irmp_program16, sizeof(irmp_data) - 1) == 0
				&& !wasRepetition
				&& specialMode == 0)
    484a:	83 30       	cpi	r24, 0x03	; 3
    484c:	49 f0       	breq	.+18     	; 0x4860 <loop+0x1fc8>
				&& !wasRepetition
				&& specialMode == 0)
			{
				switchToSavedFrequency(freqProgram15fm, freqProgram15am);
			}
			else if ((((getMode() == MODE_STANDBY || getMode() == MODE_RADIO_FM) && freqProgram16fm >= MIN_FREQ_MHZ && freqProgram16fm <= MAX_FREQ_MHZ)
    484e:	0e 94 de 08 	call	0x11bc	; 0x11bc <_ZL7getModev>
    4852:	88 23       	and	r24, r24
    4854:	29 f0       	breq	.+10     	; 0x4860 <loop+0x1fc8>
					|| (getMode() == MODE_RADIO_AM && freqProgram16am >= MIN_FREQ_KHZ && freqProgram16am <= MAX_FREQ_KHZ))
    4856:	0e 94 de 08 	call	0x11bc	; 0x11bc <_ZL7getModev>
    485a:	81 30       	cpi	r24, 0x01	; 1
    485c:	71 f5       	brne	.+92     	; 0x48ba <loop+0x2022>
    485e:	14 c0       	rjmp	.+40     	; 0x4888 <loop+0x1ff0>
				&& !wasRepetition
				&& specialMode == 0)
			{
				switchToSavedFrequency(freqProgram15fm, freqProgram15am);
			}
			else if ((((getMode() == MODE_STANDBY || getMode() == MODE_RADIO_FM) && freqProgram16fm >= MIN_FREQ_MHZ && freqProgram16fm <= MAX_FREQ_MHZ)
    4860:	80 91 c0 04 	lds	r24, 0x04C0	; 0x8004c0 <_ZL15freqProgram16fm>
    4864:	90 91 c1 04 	lds	r25, 0x04C1	; 0x8004c1 <_ZL15freqProgram16fm+0x1>
    4868:	8e 52       	subi	r24, 0x2E	; 46
    486a:	92 42       	sbci	r25, 0x22	; 34
    486c:	83 30       	cpi	r24, 0x03	; 3
    486e:	98 40       	sbci	r25, 0x08	; 8
    4870:	90 f7       	brcc	.-28     	; 0x4856 <loop+0x1fbe>
					|| (getMode() == MODE_RADIO_AM && freqProgram16am >= MIN_FREQ_KHZ && freqProgram16am <= MAX_FREQ_KHZ))
				&& memcmp(&irmp_data, &irmp_program16, sizeof(irmp_data) - 1) == 0
    4872:	45 e0       	ldi	r20, 0x05	; 5
    4874:	50 e0       	ldi	r21, 0x00	; 0
    4876:	64 ec       	ldi	r22, 0xC4	; 196
    4878:	74 e0       	ldi	r23, 0x04	; 4
    487a:	8b e7       	ldi	r24, 0x7B	; 123
    487c:	95 e0       	ldi	r25, 0x05	; 5
    487e:	0e 94 f6 38 	call	0x71ec	; 0x71ec <memcmp>
    4882:	89 2b       	or	r24, r25
    4884:	59 f0       	breq	.+22     	; 0x489c <loop+0x2004>
    4886:	19 c0       	rjmp	.+50     	; 0x48ba <loop+0x2022>
				&& specialMode == 0)
			{
				switchToSavedFrequency(freqProgram15fm, freqProgram15am);
			}
			else if ((((getMode() == MODE_STANDBY || getMode() == MODE_RADIO_FM) && freqProgram16fm >= MIN_FREQ_MHZ && freqProgram16fm <= MAX_FREQ_MHZ)
					|| (getMode() == MODE_RADIO_AM && freqProgram16am >= MIN_FREQ_KHZ && freqProgram16am <= MAX_FREQ_KHZ))
    4888:	80 91 c2 04 	lds	r24, 0x04C2	; 0x8004c2 <_ZL15freqProgram16am>
    488c:	90 91 c3 04 	lds	r25, 0x04C3	; 0x8004c3 <_ZL15freqProgram16am+0x1>
    4890:	83 51       	subi	r24, 0x13	; 19
    4892:	92 40       	sbci	r25, 0x02	; 2
    4894:	83 39       	cpi	r24, 0x93	; 147
    4896:	94 40       	sbci	r25, 0x04	; 4
    4898:	60 f3       	brcs	.-40     	; 0x4872 <loop+0x1fda>
    489a:	0f c0       	rjmp	.+30     	; 0x48ba <loop+0x2022>
				&& memcmp(&irmp_data, &irmp_program16, sizeof(irmp_data) - 1) == 0
				&& !wasRepetition
    489c:	11 11       	cpse	r17, r1
    489e:	0d c0       	rjmp	.+26     	; 0x48ba <loop+0x2022>
				&& specialMode == 0)
    48a0:	80 91 7a 05 	lds	r24, 0x057A	; 0x80057a <_ZL11specialMode>
    48a4:	81 11       	cpse	r24, r1
    48a6:	09 c0       	rjmp	.+18     	; 0x48ba <loop+0x2022>
			{
				switchToSavedFrequency(freqProgram16fm, freqProgram16am);
    48a8:	60 91 c2 04 	lds	r22, 0x04C2	; 0x8004c2 <_ZL15freqProgram16am>
    48ac:	70 91 c3 04 	lds	r23, 0x04C3	; 0x8004c3 <_ZL15freqProgram16am+0x1>
    48b0:	80 91 c0 04 	lds	r24, 0x04C0	; 0x8004c0 <_ZL15freqProgram16fm>
    48b4:	90 91 c1 04 	lds	r25, 0x04C1	; 0x8004c1 <_ZL15freqProgram16fm+0x1>
    48b8:	ad c0       	rjmp	.+346    	; 0x4a14 <loop+0x217c>
			}
			else if ((((getMode() == MODE_STANDBY || getMode() == MODE_RADIO_FM) && freqProgram17fm >= MIN_FREQ_MHZ && freqProgram17fm <= MAX_FREQ_MHZ)
    48ba:	0e 94 de 08 	call	0x11bc	; 0x11bc <_ZL7getModev>
					|| (getMode() == MODE_RADIO_AM && freqProgram17am >= MIN_FREQ_KHZ && freqProgram17am <= MAX_FREQ_KHZ))
				&& memcmp(&irmp_data, &irmp_program17, sizeof(irmp_data) - 1) == 0
				&& !wasRepetition
				&& specialMode == 0)
    48be:	83 30       	cpi	r24, 0x03	; 3
    48c0:	49 f0       	breq	.+18     	; 0x48d4 <loop+0x203c>
				&& !wasRepetition
				&& specialMode == 0)
			{
				switchToSavedFrequency(freqProgram16fm, freqProgram16am);
			}
			else if ((((getMode() == MODE_STANDBY || getMode() == MODE_RADIO_FM) && freqProgram17fm >= MIN_FREQ_MHZ && freqProgram17fm <= MAX_FREQ_MHZ)
    48c2:	0e 94 de 08 	call	0x11bc	; 0x11bc <_ZL7getModev>
    48c6:	88 23       	and	r24, r24
    48c8:	29 f0       	breq	.+10     	; 0x48d4 <loop+0x203c>
					|| (getMode() == MODE_RADIO_AM && freqProgram17am >= MIN_FREQ_KHZ && freqProgram17am <= MAX_FREQ_KHZ))
    48ca:	0e 94 de 08 	call	0x11bc	; 0x11bc <_ZL7getModev>
    48ce:	81 30       	cpi	r24, 0x01	; 1
    48d0:	29 f5       	brne	.+74     	; 0x491c <loop+0x2084>
    48d2:	14 c0       	rjmp	.+40     	; 0x48fc <loop+0x2064>
				&& !wasRepetition
				&& specialMode == 0)
			{
				switchToSavedFrequency(freqProgram16fm, freqProgram16am);
			}
			else if ((((getMode() == MODE_STANDBY || getMode() == MODE_RADIO_FM) && freqProgram17fm >= MIN_FREQ_MHZ && freqProgram17fm <= MAX_FREQ_MHZ)
    48d4:	80 91 b6 04 	lds	r24, 0x04B6	; 0x8004b6 <_ZL15freqProgram17fm>
    48d8:	90 91 b7 04 	lds	r25, 0x04B7	; 0x8004b7 <_ZL15freqProgram17fm+0x1>
    48dc:	8e 52       	subi	r24, 0x2E	; 46
    48de:	92 42       	sbci	r25, 0x22	; 34
    48e0:	83 30       	cpi	r24, 0x03	; 3
    48e2:	98 40       	sbci	r25, 0x08	; 8
    48e4:	90 f7       	brcc	.-28     	; 0x48ca <loop+0x2032>
					|| (getMode() == MODE_RADIO_AM && freqProgram17am >= MIN_FREQ_KHZ && freqProgram17am <= MAX_FREQ_KHZ))
				&& memcmp(&irmp_data, &irmp_program17, sizeof(irmp_data) - 1) == 0
    48e6:	45 e0       	ldi	r20, 0x05	; 5
    48e8:	50 e0       	ldi	r21, 0x00	; 0
    48ea:	6a eb       	ldi	r22, 0xBA	; 186
    48ec:	74 e0       	ldi	r23, 0x04	; 4
    48ee:	8b e7       	ldi	r24, 0x7B	; 123
    48f0:	95 e0       	ldi	r25, 0x05	; 5
    48f2:	0e 94 f6 38 	call	0x71ec	; 0x71ec <memcmp>
    48f6:	89 2b       	or	r24, r25
    48f8:	59 f0       	breq	.+22     	; 0x4910 <loop+0x2078>
    48fa:	10 c0       	rjmp	.+32     	; 0x491c <loop+0x2084>
				&& specialMode == 0)
			{
				switchToSavedFrequency(freqProgram16fm, freqProgram16am);
			}
			else if ((((getMode() == MODE_STANDBY || getMode() == MODE_RADIO_FM) && freqProgram17fm >= MIN_FREQ_MHZ && freqProgram17fm <= MAX_FREQ_MHZ)
					|| (getMode() == MODE_RADIO_AM && freqProgram17am >= MIN_FREQ_KHZ && freqProgram17am <= MAX_FREQ_KHZ))
    48fc:	80 91 b8 04 	lds	r24, 0x04B8	; 0x8004b8 <_ZL15freqProgram17am>
    4900:	90 91 b9 04 	lds	r25, 0x04B9	; 0x8004b9 <_ZL15freqProgram17am+0x1>
    4904:	83 51       	subi	r24, 0x13	; 19
    4906:	92 40       	sbci	r25, 0x02	; 2
    4908:	83 39       	cpi	r24, 0x93	; 147
    490a:	94 40       	sbci	r25, 0x04	; 4
    490c:	60 f3       	brcs	.-40     	; 0x48e6 <loop+0x204e>
    490e:	06 c0       	rjmp	.+12     	; 0x491c <loop+0x2084>
				&& memcmp(&irmp_data, &irmp_program17, sizeof(irmp_data) - 1) == 0
				&& !wasRepetition
    4910:	11 11       	cpse	r17, r1
    4912:	04 c0       	rjmp	.+8      	; 0x491c <loop+0x2084>
				&& specialMode == 0)
    4914:	80 91 7a 05 	lds	r24, 0x057A	; 0x80057a <_ZL11specialMode>
    4918:	88 23       	and	r24, r24
    491a:	d1 f1       	breq	.+116    	; 0x4990 <loop+0x20f8>
			{
				switchToSavedFrequency(freqProgram17fm, freqProgram17am);
			}
			else if ((((getMode() == MODE_STANDBY || getMode() == MODE_RADIO_FM) && freqProgram18fm >= MIN_FREQ_MHZ && freqProgram18fm <= MAX_FREQ_MHZ)
    491c:	0e 94 de 08 	call	0x11bc	; 0x11bc <_ZL7getModev>
					|| (getMode() == MODE_RADIO_AM && freqProgram18am >= MIN_FREQ_KHZ && freqProgram18am <= MAX_FREQ_KHZ))
				&& memcmp(&irmp_data, &irmp_program18, sizeof(irmp_data) - 1) == 0
				&& !wasRepetition
				&& specialMode == 0)
    4920:	83 30       	cpi	r24, 0x03	; 3
    4922:	49 f0       	breq	.+18     	; 0x4936 <loop+0x209e>
				&& !wasRepetition
				&& specialMode == 0)
			{
				switchToSavedFrequency(freqProgram17fm, freqProgram17am);
			}
			else if ((((getMode() == MODE_STANDBY || getMode() == MODE_RADIO_FM) && freqProgram18fm >= MIN_FREQ_MHZ && freqProgram18fm <= MAX_FREQ_MHZ)
    4924:	0e 94 de 08 	call	0x11bc	; 0x11bc <_ZL7getModev>
    4928:	88 23       	and	r24, r24
    492a:	29 f0       	breq	.+10     	; 0x4936 <loop+0x209e>
					|| (getMode() == MODE_RADIO_AM && freqProgram18am >= MIN_FREQ_KHZ && freqProgram18am <= MAX_FREQ_KHZ))
    492c:	0e 94 de 08 	call	0x11bc	; 0x11bc <_ZL7getModev>
    4930:	81 30       	cpi	r24, 0x01	; 1
    4932:	b9 f5       	brne	.+110    	; 0x49a2 <loop+0x210a>
    4934:	14 c0       	rjmp	.+40     	; 0x495e <loop+0x20c6>
				&& !wasRepetition
				&& specialMode == 0)
			{
				switchToSavedFrequency(freqProgram17fm, freqProgram17am);
			}
			else if ((((getMode() == MODE_STANDBY || getMode() == MODE_RADIO_FM) && freqProgram18fm >= MIN_FREQ_MHZ && freqProgram18fm <= MAX_FREQ_MHZ)
    4936:	80 91 ac 04 	lds	r24, 0x04AC	; 0x8004ac <_ZL15freqProgram18fm>
    493a:	90 91 ad 04 	lds	r25, 0x04AD	; 0x8004ad <_ZL15freqProgram18fm+0x1>
    493e:	8e 52       	subi	r24, 0x2E	; 46
    4940:	92 42       	sbci	r25, 0x22	; 34
    4942:	83 30       	cpi	r24, 0x03	; 3
    4944:	98 40       	sbci	r25, 0x08	; 8
    4946:	90 f7       	brcc	.-28     	; 0x492c <loop+0x2094>
					|| (getMode() == MODE_RADIO_AM && freqProgram18am >= MIN_FREQ_KHZ && freqProgram18am <= MAX_FREQ_KHZ))
				&& memcmp(&irmp_data, &irmp_program18, sizeof(irmp_data) - 1) == 0
    4948:	45 e0       	ldi	r20, 0x05	; 5
    494a:	50 e0       	ldi	r21, 0x00	; 0
    494c:	60 eb       	ldi	r22, 0xB0	; 176
    494e:	74 e0       	ldi	r23, 0x04	; 4
    4950:	8b e7       	ldi	r24, 0x7B	; 123
    4952:	95 e0       	ldi	r25, 0x05	; 5
    4954:	0e 94 f6 38 	call	0x71ec	; 0x71ec <memcmp>
    4958:	89 2b       	or	r24, r25
    495a:	59 f0       	breq	.+22     	; 0x4972 <loop+0x20da>
    495c:	22 c0       	rjmp	.+68     	; 0x49a2 <loop+0x210a>
				&& specialMode == 0)
			{
				switchToSavedFrequency(freqProgram17fm, freqProgram17am);
			}
			else if ((((getMode() == MODE_STANDBY || getMode() == MODE_RADIO_FM) && freqProgram18fm >= MIN_FREQ_MHZ && freqProgram18fm <= MAX_FREQ_MHZ)
					|| (getMode() == MODE_RADIO_AM && freqProgram18am >= MIN_FREQ_KHZ && freqProgram18am <= MAX_FREQ_KHZ))
    495e:	80 91 ae 04 	lds	r24, 0x04AE	; 0x8004ae <_ZL15freqProgram18am>
    4962:	90 91 af 04 	lds	r25, 0x04AF	; 0x8004af <_ZL15freqProgram18am+0x1>
    4966:	83 51       	subi	r24, 0x13	; 19
    4968:	92 40       	sbci	r25, 0x02	; 2
    496a:	83 39       	cpi	r24, 0x93	; 147
    496c:	94 40       	sbci	r25, 0x04	; 4
    496e:	60 f3       	brcs	.-40     	; 0x4948 <loop+0x20b0>
    4970:	18 c0       	rjmp	.+48     	; 0x49a2 <loop+0x210a>
				&& memcmp(&irmp_data, &irmp_program18, sizeof(irmp_data) - 1) == 0
				&& !wasRepetition
    4972:	11 11       	cpse	r17, r1
    4974:	16 c0       	rjmp	.+44     	; 0x49a2 <loop+0x210a>
				&& specialMode == 0)
    4976:	80 91 7a 05 	lds	r24, 0x057A	; 0x80057a <_ZL11specialMode>
    497a:	81 11       	cpse	r24, r1
    497c:	12 c0       	rjmp	.+36     	; 0x49a2 <loop+0x210a>
			{
				switchToSavedFrequency(freqProgram18fm, freqProgram18am);
    497e:	60 91 ae 04 	lds	r22, 0x04AE	; 0x8004ae <_ZL15freqProgram18am>
    4982:	70 91 af 04 	lds	r23, 0x04AF	; 0x8004af <_ZL15freqProgram18am+0x1>
    4986:	80 91 ac 04 	lds	r24, 0x04AC	; 0x8004ac <_ZL15freqProgram18fm>
    498a:	90 91 ad 04 	lds	r25, 0x04AD	; 0x8004ad <_ZL15freqProgram18fm+0x1>
    498e:	42 c0       	rjmp	.+132    	; 0x4a14 <loop+0x217c>
					|| (getMode() == MODE_RADIO_AM && freqProgram17am >= MIN_FREQ_KHZ && freqProgram17am <= MAX_FREQ_KHZ))
				&& memcmp(&irmp_data, &irmp_program17, sizeof(irmp_data) - 1) == 0
				&& !wasRepetition
				&& specialMode == 0)
			{
				switchToSavedFrequency(freqProgram17fm, freqProgram17am);
    4990:	60 91 b8 04 	lds	r22, 0x04B8	; 0x8004b8 <_ZL15freqProgram17am>
    4994:	70 91 b9 04 	lds	r23, 0x04B9	; 0x8004b9 <_ZL15freqProgram17am+0x1>
    4998:	80 91 b6 04 	lds	r24, 0x04B6	; 0x8004b6 <_ZL15freqProgram17fm>
    499c:	90 91 b7 04 	lds	r25, 0x04B7	; 0x8004b7 <_ZL15freqProgram17fm+0x1>
    49a0:	39 c0       	rjmp	.+114    	; 0x4a14 <loop+0x217c>
				&& !wasRepetition
				&& specialMode == 0)
			{
				switchToSavedFrequency(freqProgram18fm, freqProgram18am);
			}
			else if ((((getMode() == MODE_STANDBY || getMode() == MODE_RADIO_FM) && freqProgram19fm >= MIN_FREQ_MHZ && freqProgram19fm <= MAX_FREQ_MHZ)
    49a2:	0e 94 de 08 	call	0x11bc	; 0x11bc <_ZL7getModev>
					|| (getMode() == MODE_RADIO_AM && freqProgram19am >= MIN_FREQ_KHZ && freqProgram19am <= MAX_FREQ_KHZ))
				&& memcmp(&irmp_data, &irmp_program19, sizeof(irmp_data) - 1) == 0
				&& !wasRepetition
				&& specialMode == 0)
    49a6:	83 30       	cpi	r24, 0x03	; 3
    49a8:	49 f0       	breq	.+18     	; 0x49bc <loop+0x2124>
				&& !wasRepetition
				&& specialMode == 0)
			{
				switchToSavedFrequency(freqProgram18fm, freqProgram18am);
			}
			else if ((((getMode() == MODE_STANDBY || getMode() == MODE_RADIO_FM) && freqProgram19fm >= MIN_FREQ_MHZ && freqProgram19fm <= MAX_FREQ_MHZ)
    49aa:	0e 94 de 08 	call	0x11bc	; 0x11bc <_ZL7getModev>
    49ae:	88 23       	and	r24, r24
    49b0:	29 f0       	breq	.+10     	; 0x49bc <loop+0x2124>
					|| (getMode() == MODE_RADIO_AM && freqProgram19am >= MIN_FREQ_KHZ && freqProgram19am <= MAX_FREQ_KHZ))
    49b2:	0e 94 de 08 	call	0x11bc	; 0x11bc <_ZL7getModev>
    49b6:	81 30       	cpi	r24, 0x01	; 1
    49b8:	81 f5       	brne	.+96     	; 0x4a1a <loop+0x2182>
    49ba:	14 c0       	rjmp	.+40     	; 0x49e4 <loop+0x214c>
				&& !wasRepetition
				&& specialMode == 0)
			{
				switchToSavedFrequency(freqProgram18fm, freqProgram18am);
			}
			else if ((((getMode() == MODE_STANDBY || getMode() == MODE_RADIO_FM) && freqProgram19fm >= MIN_FREQ_MHZ && freqProgram19fm <= MAX_FREQ_MHZ)
    49bc:	80 91 a2 04 	lds	r24, 0x04A2	; 0x8004a2 <_ZL15freqProgram19fm>
    49c0:	90 91 a3 04 	lds	r25, 0x04A3	; 0x8004a3 <_ZL15freqProgram19fm+0x1>
    49c4:	8e 52       	subi	r24, 0x2E	; 46
    49c6:	92 42       	sbci	r25, 0x22	; 34
    49c8:	83 30       	cpi	r24, 0x03	; 3
    49ca:	98 40       	sbci	r25, 0x08	; 8
    49cc:	90 f7       	brcc	.-28     	; 0x49b2 <loop+0x211a>
					|| (getMode() == MODE_RADIO_AM && freqProgram19am >= MIN_FREQ_KHZ && freqProgram19am <= MAX_FREQ_KHZ))
				&& memcmp(&irmp_data, &irmp_program19, sizeof(irmp_data) - 1) == 0
    49ce:	45 e0       	ldi	r20, 0x05	; 5
    49d0:	50 e0       	ldi	r21, 0x00	; 0
    49d2:	66 ea       	ldi	r22, 0xA6	; 166
    49d4:	74 e0       	ldi	r23, 0x04	; 4
    49d6:	8b e7       	ldi	r24, 0x7B	; 123
    49d8:	95 e0       	ldi	r25, 0x05	; 5
    49da:	0e 94 f6 38 	call	0x71ec	; 0x71ec <memcmp>
    49de:	89 2b       	or	r24, r25
    49e0:	59 f0       	breq	.+22     	; 0x49f8 <loop+0x2160>
    49e2:	1b c0       	rjmp	.+54     	; 0x4a1a <loop+0x2182>
				&& specialMode == 0)
			{
				switchToSavedFrequency(freqProgram18fm, freqProgram18am);
			}
			else if ((((getMode() == MODE_STANDBY || getMode() == MODE_RADIO_FM) && freqProgram19fm >= MIN_FREQ_MHZ && freqProgram19fm <= MAX_FREQ_MHZ)
					|| (getMode() == MODE_RADIO_AM && freqProgram19am >= MIN_FREQ_KHZ && freqProgram19am <= MAX_FREQ_KHZ))
    49e4:	80 91 a4 04 	lds	r24, 0x04A4	; 0x8004a4 <_ZL15freqProgram19am>
    49e8:	90 91 a5 04 	lds	r25, 0x04A5	; 0x8004a5 <_ZL15freqProgram19am+0x1>
    49ec:	83 51       	subi	r24, 0x13	; 19
    49ee:	92 40       	sbci	r25, 0x02	; 2
    49f0:	83 39       	cpi	r24, 0x93	; 147
    49f2:	94 40       	sbci	r25, 0x04	; 4
    49f4:	60 f3       	brcs	.-40     	; 0x49ce <loop+0x2136>
    49f6:	11 c0       	rjmp	.+34     	; 0x4a1a <loop+0x2182>
				&& memcmp(&irmp_data, &irmp_program19, sizeof(irmp_data) - 1) == 0
				&& !wasRepetition
    49f8:	11 11       	cpse	r17, r1
    49fa:	0f c0       	rjmp	.+30     	; 0x4a1a <loop+0x2182>
				&& specialMode == 0)
    49fc:	80 91 7a 05 	lds	r24, 0x057A	; 0x80057a <_ZL11specialMode>
    4a00:	81 11       	cpse	r24, r1
    4a02:	0b c0       	rjmp	.+22     	; 0x4a1a <loop+0x2182>
			{
				switchToSavedFrequency(freqProgram19fm, freqProgram19am);
    4a04:	60 91 a4 04 	lds	r22, 0x04A4	; 0x8004a4 <_ZL15freqProgram19am>
    4a08:	70 91 a5 04 	lds	r23, 0x04A5	; 0x8004a5 <_ZL15freqProgram19am+0x1>
    4a0c:	80 91 a2 04 	lds	r24, 0x04A2	; 0x8004a2 <_ZL15freqProgram19fm>
    4a10:	90 91 a3 04 	lds	r25, 0x04A3	; 0x8004a3 <_ZL15freqProgram19fm+0x1>
    4a14:	0e 94 1e 0e 	call	0x1c3c	; 0x1c3c <_ZL22switchToSavedFrequencyjj>
    4a18:	a2 c2       	rjmp	.+1348   	; 0x4f5e <loop+0x26c6>
			}
			else if ((getMode() == MODE_RADIO_FM || getMode() == MODE_RADIO_AM)
    4a1a:	0e 94 de 08 	call	0x11bc	; 0x11bc <_ZL7getModev>
				&& memcmp(&irmp_data, &irmp_f, sizeof(irmp_data) - 1) == 0
				&& specialMode == 0)
    4a1e:	88 23       	and	r24, r24
    4a20:	21 f0       	breq	.+8      	; 0x4a2a <loop+0x2192>
				&& !wasRepetition
				&& specialMode == 0)
			{
				switchToSavedFrequency(freqProgram19fm, freqProgram19am);
			}
			else if ((getMode() == MODE_RADIO_FM || getMode() == MODE_RADIO_AM)
    4a22:	0e 94 de 08 	call	0x11bc	; 0x11bc <_ZL7getModev>
    4a26:	81 30       	cpi	r24, 0x01	; 1
    4a28:	f9 f4       	brne	.+62     	; 0x4a68 <loop+0x21d0>
				&& memcmp(&irmp_data, &irmp_f, sizeof(irmp_data) - 1) == 0
    4a2a:	45 e0       	ldi	r20, 0x05	; 5
    4a2c:	50 e0       	ldi	r21, 0x00	; 0
    4a2e:	66 e9       	ldi	r22, 0x96	; 150
    4a30:	74 e0       	ldi	r23, 0x04	; 4
    4a32:	8b e7       	ldi	r24, 0x7B	; 123
    4a34:	95 e0       	ldi	r25, 0x05	; 5
    4a36:	0e 94 f6 38 	call	0x71ec	; 0x71ec <memcmp>
    4a3a:	89 2b       	or	r24, r25
    4a3c:	a9 f4       	brne	.+42     	; 0x4a68 <loop+0x21d0>
				&& specialMode == 0)
    4a3e:	80 91 7a 05 	lds	r24, 0x057A	; 0x80057a <_ZL11specialMode>
    4a42:	81 11       	cpse	r24, r1
    4a44:	11 c0       	rjmp	.+34     	; 0x4a68 <loop+0x21d0>
	}
}

static void frequencyUp()
{
	si4735.frequencyUp();
    4a46:	85 ee       	ldi	r24, 0xE5	; 229
    4a48:	95 e0       	ldi	r25, 0x05	; 5
    4a4a:	0e 94 1f 2f 	call	0x5e3e	; 0x5e3e <_ZN6SI473511frequencyUpEv>
	frequencyDisplayUpdate();
    4a4e:	0e 94 a4 0b 	call	0x1748	; 0x1748 <_ZL22frequencyDisplayUpdatev>
	lastSettingsChange = millis();
    4a52:	0e 94 6f 28 	call	0x50de	; 0x50de <millis>
    4a56:	60 93 6d 05 	sts	0x056D, r22	; 0x80056d <_ZL18lastSettingsChange>
    4a5a:	70 93 6e 05 	sts	0x056E, r23	; 0x80056e <_ZL18lastSettingsChange+0x1>
    4a5e:	80 93 6f 05 	sts	0x056F, r24	; 0x80056f <_ZL18lastSettingsChange+0x2>
    4a62:	90 93 70 05 	sts	0x0570, r25	; 0x800570 <_ZL18lastSettingsChange+0x3>
    4a66:	7b c2       	rjmp	.+1270   	; 0x4f5e <loop+0x26c6>
				&& memcmp(&irmp_data, &irmp_f, sizeof(irmp_data) - 1) == 0
				&& specialMode == 0)
			{
				frequencyUp();
			}
			else if ((getMode() == MODE_RADIO_FM || getMode() == MODE_RADIO_AM)
    4a68:	0e 94 de 08 	call	0x11bc	; 0x11bc <_ZL7getModev>
				&& memcmp(&irmp_data, &irmp_r, sizeof(irmp_data) - 1) == 0
				&& specialMode == 0)
    4a6c:	88 23       	and	r24, r24
    4a6e:	21 f0       	breq	.+8      	; 0x4a78 <loop+0x21e0>
				&& memcmp(&irmp_data, &irmp_f, sizeof(irmp_data) - 1) == 0
				&& specialMode == 0)
			{
				frequencyUp();
			}
			else if ((getMode() == MODE_RADIO_FM || getMode() == MODE_RADIO_AM)
    4a70:	0e 94 de 08 	call	0x11bc	; 0x11bc <_ZL7getModev>
    4a74:	81 30       	cpi	r24, 0x01	; 1
    4a76:	99 f4       	brne	.+38     	; 0x4a9e <loop+0x2206>
				&& memcmp(&irmp_data, &irmp_r, sizeof(irmp_data) - 1) == 0
    4a78:	45 e0       	ldi	r20, 0x05	; 5
    4a7a:	50 e0       	ldi	r21, 0x00	; 0
    4a7c:	6c e9       	ldi	r22, 0x9C	; 156
    4a7e:	74 e0       	ldi	r23, 0x04	; 4
    4a80:	8b e7       	ldi	r24, 0x7B	; 123
    4a82:	95 e0       	ldi	r25, 0x05	; 5
    4a84:	0e 94 f6 38 	call	0x71ec	; 0x71ec <memcmp>
    4a88:	89 2b       	or	r24, r25
    4a8a:	49 f4       	brne	.+18     	; 0x4a9e <loop+0x2206>
				&& specialMode == 0)
    4a8c:	80 91 7a 05 	lds	r24, 0x057A	; 0x80057a <_ZL11specialMode>
    4a90:	81 11       	cpse	r24, r1
    4a92:	05 c0       	rjmp	.+10     	; 0x4a9e <loop+0x2206>
	lastSettingsChange = millis();
}

static void frequencyDown()
{
	si4735.frequencyDown();
    4a94:	85 ee       	ldi	r24, 0xE5	; 229
    4a96:	95 e0       	ldi	r25, 0x05	; 5
    4a98:	0e 94 3e 2f 	call	0x5e7c	; 0x5e7c <_ZN6SI473513frequencyDownEv>
    4a9c:	d8 cf       	rjmp	.-80     	; 0x4a4e <loop+0x21b6>
				&& memcmp(&irmp_data, &irmp_r, sizeof(irmp_data) - 1) == 0
				&& specialMode == 0)
			{
				frequencyDown();
			}
			else if (getMode() != MODE_STANDBY
    4a9e:	0e 94 de 08 	call	0x11bc	; 0x11bc <_ZL7getModev>
				&& memcmp(&irmp_data, &irmp_mute, sizeof(irmp_data) - 1) == 0
				&& !wasRepetition
				&& specialMode == 0)
    4aa2:	83 30       	cpi	r24, 0x03	; 3
    4aa4:	81 f0       	breq	.+32     	; 0x4ac6 <loop+0x222e>
				&& specialMode == 0)
			{
				frequencyDown();
			}
			else if (getMode() != MODE_STANDBY
				&& memcmp(&irmp_data, &irmp_mute, sizeof(irmp_data) - 1) == 0
    4aa6:	45 e0       	ldi	r20, 0x05	; 5
    4aa8:	50 e0       	ldi	r21, 0x00	; 0
    4aaa:	60 e9       	ldi	r22, 0x90	; 144
    4aac:	74 e0       	ldi	r23, 0x04	; 4
    4aae:	8b e7       	ldi	r24, 0x7B	; 123
    4ab0:	95 e0       	ldi	r25, 0x05	; 5
    4ab2:	0e 94 f6 38 	call	0x71ec	; 0x71ec <memcmp>
    4ab6:	89 2b       	or	r24, r25
    4ab8:	31 f4       	brne	.+12     	; 0x4ac6 <loop+0x222e>
				&& !wasRepetition
    4aba:	11 11       	cpse	r17, r1
    4abc:	04 c0       	rjmp	.+8      	; 0x4ac6 <loop+0x222e>
				&& specialMode == 0)
    4abe:	80 91 7a 05 	lds	r24, 0x057A	; 0x80057a <_ZL11specialMode>
    4ac2:	88 23       	and	r24, r24
    4ac4:	39 f1       	breq	.+78     	; 0x4b14 <loop+0x227c>
			{
				toggleMute();
			}
			else if ((getMode() == MODE_RADIO_FM || getMode() == MODE_RADIO_AM)
    4ac6:	0e 94 de 08 	call	0x11bc	; 0x11bc <_ZL7getModev>
				&& memcmp(&irmp_data, &irmp_program, sizeof(irmp_program) - 1) == 0
				&& !wasRepetition
				&& specialMode == 0)
    4aca:	88 23       	and	r24, r24
    4acc:	29 f0       	breq	.+10     	; 0x4ad8 <loop+0x2240>
				&& !wasRepetition
				&& specialMode == 0)
			{
				toggleMute();
			}
			else if ((getMode() == MODE_RADIO_FM || getMode() == MODE_RADIO_AM)
    4ace:	0e 94 de 08 	call	0x11bc	; 0x11bc <_ZL7getModev>
    4ad2:	81 30       	cpi	r24, 0x01	; 1
    4ad4:	09 f0       	breq	.+2      	; 0x4ad8 <loop+0x2240>
    4ad6:	3f c0       	rjmp	.+126    	; 0x4b56 <loop+0x22be>
				&& memcmp(&irmp_data, &irmp_program, sizeof(irmp_program) - 1) == 0
    4ad8:	45 e0       	ldi	r20, 0x05	; 5
    4ada:	50 e0       	ldi	r21, 0x00	; 0
    4adc:	6e e7       	ldi	r22, 0x7E	; 126
    4ade:	74 e0       	ldi	r23, 0x04	; 4
    4ae0:	8b e7       	ldi	r24, 0x7B	; 123
    4ae2:	95 e0       	ldi	r25, 0x05	; 5
    4ae4:	0e 94 f6 38 	call	0x71ec	; 0x71ec <memcmp>
    4ae8:	89 2b       	or	r24, r25
    4aea:	a9 f5       	brne	.+106    	; 0x4b56 <loop+0x22be>
				&& !wasRepetition
    4aec:	11 11       	cpse	r17, r1
    4aee:	33 c0       	rjmp	.+102    	; 0x4b56 <loop+0x22be>
				&& specialMode == 0)
    4af0:	80 91 7a 05 	lds	r24, 0x057A	; 0x80057a <_ZL11specialMode>
    4af4:	81 11       	cpse	r24, r1
    4af6:	2f c0       	rjmp	.+94     	; 0x4b56 <loop+0x22be>
			{
				graPuts("Program # = ? ");
    4af8:	85 ea       	ldi	r24, 0xA5	; 165
    4afa:	93 e0       	ldi	r25, 0x03	; 3
    4afc:	0e 94 24 0a 	call	0x1448	; 0x1448 <_ZL7graPutsPKc>
				speOff(SPE_ARROW_LEFT);
    4b00:	85 e0       	ldi	r24, 0x05	; 5
    4b02:	0e 94 bf 0a 	call	0x157e	; 0x157e <_ZL6speOffc>
				speOff(SPE_ARROW_RIGHT);
    4b06:	82 e2       	ldi	r24, 0x22	; 34
    4b08:	0e 94 bf 0a 	call	0x157e	; 0x157e <_ZL6speOffc>
				specialMode = SPECIAL_MODE_PROGRAM;
    4b0c:	82 e0       	ldi	r24, 0x02	; 2
    4b0e:	80 93 7a 05 	sts	0x057A, r24	; 0x80057a <_ZL11specialMode>
    4b12:	25 c2       	rjmp	.+1098   	; 0x4f5e <loop+0x26c6>
	}
}

static void toggleMute()
{
	if (isMuted) // cannot query Si4735 for mute indicator, it was always false
    4b14:	80 91 78 05 	lds	r24, 0x0578	; 0x800578 <_ZL7isMuted>
    4b18:	88 23       	and	r24, r24
    4b1a:	71 f0       	breq	.+28     	; 0x4b38 <loop+0x22a0>
	{
		speOff(SPE_MUTE);
    4b1c:	84 e2       	ldi	r24, 0x24	; 36
    4b1e:	0e 94 bf 0a 	call	0x157e	; 0x157e <_ZL6speOffc>
		speOn(SPE_L);
    4b22:	8a e1       	ldi	r24, 0x1A	; 26
    4b24:	0e 94 8a 0a 	call	0x1514	; 0x1514 <_ZL5speOnc>
		speOn(SPE_R);
    4b28:	8c e1       	ldi	r24, 0x1C	; 28
    4b2a:	0e 94 8a 0a 	call	0x1514	; 0x1514 <_ZL5speOnc>
		
		setMuteOnly(false);
    4b2e:	0e 94 8a 0b 	call	0x1714	; 0x1714 <_ZL11setMuteOnlyb.constprop.16>
		
		isMuted = false;
    4b32:	10 92 78 05 	sts	0x0578, r1	; 0x800578 <_ZL7isMuted>
    4b36:	13 c2       	rjmp	.+1062   	; 0x4f5e <loop+0x26c6>
	}
	else
	{
		speOn(SPE_MUTE);
    4b38:	84 e2       	ldi	r24, 0x24	; 36
    4b3a:	0e 94 8a 0a 	call	0x1514	; 0x1514 <_ZL5speOnc>
		speOff(SPE_L);
    4b3e:	8a e1       	ldi	r24, 0x1A	; 26
    4b40:	0e 94 bf 0a 	call	0x157e	; 0x157e <_ZL6speOffc>
		speOff(SPE_R);
    4b44:	8c e1       	ldi	r24, 0x1C	; 28
    4b46:	0e 94 bf 0a 	call	0x157e	; 0x157e <_ZL6speOffc>
    4b4a:	0e 94 af 09 	call	0x135e	; 0x135e <_ZL11setMuteOnlyb.part.0>
		
		setMuteOnly(true);
		
		isMuted = true;
    4b4e:	81 e0       	ldi	r24, 0x01	; 1
    4b50:	80 93 78 05 	sts	0x0578, r24	; 0x800578 <_ZL7isMuted>
    4b54:	04 c2       	rjmp	.+1032   	; 0x4f5e <loop+0x26c6>
				graPuts("Program # = ? ");
				speOff(SPE_ARROW_LEFT);
				speOff(SPE_ARROW_RIGHT);
				specialMode = SPECIAL_MODE_PROGRAM;
			}
			else if (memcmp(&irmp_data, &irmp_standby, sizeof(irmp_standby) - 1) == 0
    4b56:	45 e0       	ldi	r20, 0x05	; 5
    4b58:	50 e0       	ldi	r21, 0x00	; 0
    4b5a:	6a e8       	ldi	r22, 0x8A	; 138
    4b5c:	74 e0       	ldi	r23, 0x04	; 4
    4b5e:	8b e7       	ldi	r24, 0x7B	; 123
    4b60:	95 e0       	ldi	r25, 0x05	; 5
    4b62:	0e 94 f6 38 	call	0x71ec	; 0x71ec <memcmp>
    4b66:	89 2b       	or	r24, r25
    4b68:	31 f5       	brne	.+76     	; 0x4bb6 <loop+0x231e>
				&& !wasRepetition
    4b6a:	11 11       	cpse	r17, r1
    4b6c:	24 c0       	rjmp	.+72     	; 0x4bb6 <loop+0x231e>
				&& specialMode == 0)
    4b6e:	80 91 7a 05 	lds	r24, 0x057A	; 0x80057a <_ZL11specialMode>
    4b72:	81 11       	cpse	r24, r1
    4b74:	20 c0       	rjmp	.+64     	; 0x4bb6 <loop+0x231e>
			{
				if (getMode() == MODE_STANDBY)
    4b76:	0e 94 de 08 	call	0x11bc	; 0x11bc <_ZL7getModev>
    4b7a:	83 30       	cpi	r24, 0x03	; 3
    4b7c:	19 f4       	brne	.+6      	; 0x4b84 <loop+0x22ec>
				{
					on();
    4b7e:	0e 94 71 0d 	call	0x1ae2	; 0x1ae2 <_ZL2onv>
    4b82:	ed c1       	rjmp	.+986    	; 0x4f5e <loop+0x26c6>
	delay(1);
}

static void off()
{
	isMuted = false;
    4b84:	10 92 78 05 	sts	0x0578, r1	; 0x800578 <_ZL7isMuted>
	
	// must be called before anything other to save correct last mode
	saveSettings();
    4b88:	0e 94 f3 08 	call	0x11e6	; 0x11e6 <_ZL12saveSettingsv>
	
	speOff(SPE_STEREO);
    4b8c:	83 e1       	ldi	r24, 0x13	; 19
    4b8e:	0e 94 bf 0a 	call	0x157e	; 0x157e <_ZL6speOffc>
	speOff(SPE_L);
    4b92:	8a e1       	ldi	r24, 0x1A	; 26
    4b94:	0e 94 bf 0a 	call	0x157e	; 0x157e <_ZL6speOffc>
	speOff(SPE_R);
    4b98:	8c e1       	ldi	r24, 0x1C	; 28
    4b9a:	0e 94 bf 0a 	call	0x157e	; 0x157e <_ZL6speOffc>
    4b9e:	0e 94 af 09 	call	0x135e	; 0x135e <_ZL11setMuteOnlyb.part.0>
	
	// output
	// turn off before radio power down to avoid pop noise
	setMuteOnly(true);
	
	if (getMode() == MODE_RADIO_FM || getMode() == MODE_RADIO_AM)
    4ba2:	0e 94 de 08 	call	0x11bc	; 0x11bc <_ZL7getModev>
    4ba6:	88 23       	and	r24, r24
    4ba8:	e9 f0       	breq	.+58     	; 0x4be4 <loop+0x234c>
    4baa:	0e 94 de 08 	call	0x11bc	; 0x11bc <_ZL7getModev>
    4bae:	81 30       	cpi	r24, 0x01	; 1
    4bb0:	09 f0       	breq	.+2      	; 0x4bb4 <loop+0x231c>
    4bb2:	47 c0       	rjmp	.+142    	; 0x4c42 <loop+0x23aa>
    4bb4:	17 c0       	rjmp	.+46     	; 0x4be4 <loop+0x234c>
				else
				{
					off();
				}
			}
			else if (getMode() != MODE_STANDBY
    4bb6:	0e 94 de 08 	call	0x11bc	; 0x11bc <_ZL7getModev>
				&& memcmp(&irmp_data, &irmp_band, sizeof(irmp_band) - 1) == 0
				&& !wasRepetition
				&& specialMode == 0)
    4bba:	83 30       	cpi	r24, 0x03	; 3
    4bbc:	09 f4       	brne	.+2      	; 0x4bc0 <loop+0x2328>
    4bbe:	46 c0       	rjmp	.+140    	; 0x4c4c <loop+0x23b4>
				{
					off();
				}
			}
			else if (getMode() != MODE_STANDBY
				&& memcmp(&irmp_data, &irmp_band, sizeof(irmp_band) - 1) == 0
    4bc0:	45 e0       	ldi	r20, 0x05	; 5
    4bc2:	50 e0       	ldi	r21, 0x00	; 0
    4bc4:	64 e8       	ldi	r22, 0x84	; 132
    4bc6:	74 e0       	ldi	r23, 0x04	; 4
    4bc8:	8b e7       	ldi	r24, 0x7B	; 123
    4bca:	95 e0       	ldi	r25, 0x05	; 5
    4bcc:	0e 94 f6 38 	call	0x71ec	; 0x71ec <memcmp>
    4bd0:	89 2b       	or	r24, r25
    4bd2:	e1 f5       	brne	.+120    	; 0x4c4c <loop+0x23b4>
				&& !wasRepetition
    4bd4:	11 11       	cpse	r17, r1
    4bd6:	3a c0       	rjmp	.+116    	; 0x4c4c <loop+0x23b4>
				&& specialMode == 0)
    4bd8:	80 91 7a 05 	lds	r24, 0x057A	; 0x80057a <_ZL11specialMode>
    4bdc:	88 23       	and	r24, r24
    4bde:	09 f4       	brne	.+2      	; 0x4be2 <loop+0x234a>
    4be0:	4a c0       	rjmp	.+148    	; 0x4c76 <loop+0x23de>
    4be2:	34 c0       	rjmp	.+104    	; 0x4c4c <loop+0x23b4>
	setMuteOnly(true);
	
	if (getMode() == MODE_RADIO_FM || getMode() == MODE_RADIO_AM)
	{
		// stop radio
		si4735.powerDown();
    4be4:	85 ee       	ldi	r24, 0xE5	; 229
    4be6:	95 e0       	ldi	r25, 0x05	; 5
    4be8:	0e 94 ef 2d 	call	0x5bde	; 0x5bde <_ZN6SI47359powerDownEv>
		clearRdsInfo();
    4bec:	0e 94 f4 0a 	call	0x15e8	; 0x15e8 <_ZL12clearRdsInfov>
		// BT off
		digitalWrite(PC3A, LOW); // BT off
	}
	
	// dim the display
	digitalWrite(PB0A, LOW);
    4bf0:	60 e0       	ldi	r22, 0x00	; 0
    4bf2:	88 e0       	ldi	r24, 0x08	; 8
    4bf4:	0e 94 87 29 	call	0x530e	; 0x530e <digitalWrite>
	
	// clear displays
	clearAll();
    4bf8:	0e 94 c9 09 	call	0x1392	; 0x1392 <_ZL8clearAllv>
	isStereoDisplayOn = false;
    4bfc:	10 92 76 05 	sts	0x0576, r1	; 0x800576 <_ZL17isStereoDisplayOn>
	isTunedDisplayOn = false;
    4c00:	10 92 75 05 	sts	0x0575, r1	; 0x800575 <_ZL16isTunedDisplayOn>
	
	// hide underlines
	Wire.beginTransmission(I2C_ADDR_VFDDRIVER >> 1);
    4c04:	6a e7       	ldi	r22, 0x7A	; 122
    4c06:	70 e0       	ldi	r23, 0x00	; 0
    4c08:	83 ed       	ldi	r24, 0xD3	; 211
    4c0a:	96 e0       	ldi	r25, 0x06	; 6
    4c0c:	0e 94 16 34 	call	0x682c	; 0x682c <_ZN7TwoWire17beginTransmissionEi>
	Wire.write(CMD_HIDE_UNDERLINES);
    4c10:	69 e0       	ldi	r22, 0x09	; 9
    4c12:	70 e0       	ldi	r23, 0x00	; 0
    4c14:	83 ed       	ldi	r24, 0xD3	; 211
    4c16:	96 e0       	ldi	r25, 0x06	; 6
    4c18:	0e 94 a8 09 	call	0x1350	; 0x1350 <_ZN7TwoWire5writeEi>
	Wire.endTransmission();
    4c1c:	83 ed       	ldi	r24, 0xD3	; 211
    4c1e:	96 e0       	ldi	r25, 0x06	; 6
    4c20:	0e 94 94 34 	call	0x6928	; 0x6928 <_ZN7TwoWire15endTransmissionEv>
	delay(1);
    4c24:	61 e0       	ldi	r22, 0x01	; 1
    4c26:	70 e0       	ldi	r23, 0x00	; 0
    4c28:	80 e0       	ldi	r24, 0x00	; 0
    4c2a:	90 e0       	ldi	r25, 0x00	; 0
    4c2c:	0e 94 a0 28 	call	0x5140	; 0x5140 <delay>
			
	// show colon for time display and show time, force time read and display
	speOn(SPE_COLON_UPPER);
    4c30:	88 e0       	ldi	r24, 0x08	; 8
    4c32:	0e 94 8a 0a 	call	0x1514	; 0x1514 <_ZL5speOnc>
	speOn(SPE_COLON_LOWER);
    4c36:	89 e0       	ldi	r24, 0x09	; 9
    4c38:	0e 94 8a 0a 	call	0x1514	; 0x1514 <_ZL5speOnc>
	forceDateTimeReadAndDisplay();
    4c3c:	0e 94 f8 13 	call	0x27f0	; 0x27f0 <_ZL27forceDateTimeReadAndDisplayv>
    4c40:	8e c1       	rjmp	.+796    	; 0x4f5e <loop+0x26c6>
		clearRdsInfo();
	}
	else
	{
		// BT off
		digitalWrite(PC3A, LOW); // BT off
    4c42:	60 e0       	ldi	r22, 0x00	; 0
    4c44:	81 e1       	ldi	r24, 0x11	; 17
    4c46:	0e 94 87 29 	call	0x530e	; 0x530e <digitalWrite>
    4c4a:	d2 cf       	rjmp	.-92     	; 0x4bf0 <loop+0x2358>
				&& !wasRepetition
				&& specialMode == 0)
			{
				switchMode();
			}
			else if (getMode() == MODE_RADIO_FM
    4c4c:	0e 94 de 08 	call	0x11bc	; 0x11bc <_ZL7getModev>
				&& memcmp(&irmp_data, &irmp_monostereo, sizeof(irmp_monostereo) - 1) == 0
				&& !wasRepetition
				&& specialMode == 0)
    4c50:	81 11       	cpse	r24, r1
    4c52:	3a c0       	rjmp	.+116    	; 0x4cc8 <loop+0x2430>
				&& specialMode == 0)
			{
				switchMode();
			}
			else if (getMode() == MODE_RADIO_FM
				&& memcmp(&irmp_data, &irmp_monostereo, sizeof(irmp_monostereo) - 1) == 0
    4c54:	45 e0       	ldi	r20, 0x05	; 5
    4c56:	50 e0       	ldi	r21, 0x00	; 0
    4c58:	68 e7       	ldi	r22, 0x78	; 120
    4c5a:	74 e0       	ldi	r23, 0x04	; 4
    4c5c:	8b e7       	ldi	r24, 0x7B	; 123
    4c5e:	95 e0       	ldi	r25, 0x05	; 5
    4c60:	0e 94 f6 38 	call	0x71ec	; 0x71ec <memcmp>
    4c64:	89 2b       	or	r24, r25
    4c66:	81 f5       	brne	.+96     	; 0x4cc8 <loop+0x2430>
				&& !wasRepetition
    4c68:	11 11       	cpse	r17, r1
    4c6a:	2e c0       	rjmp	.+92     	; 0x4cc8 <loop+0x2430>
				&& specialMode == 0)
    4c6c:	80 91 7a 05 	lds	r24, 0x057A	; 0x80057a <_ZL11specialMode>
    4c70:	88 23       	and	r24, r24
    4c72:	c9 f1       	breq	.+114    	; 0x4ce6 <loop+0x244e>
    4c74:	29 c0       	rjmp	.+82     	; 0x4cc8 <loop+0x2430>
    4c76:	0e 94 af 09 	call	0x135e	; 0x135e <_ZL11setMuteOnlyb.part.0>
static void switchMode()
{
	// to avoid pop noises when switching inputs, mute and then unmute
	setMuteOnly(true);
	
	if (getMode() == MODE_RADIO_FM)
    4c7a:	0e 94 de 08 	call	0x11bc	; 0x11bc <_ZL7getModev>
    4c7e:	81 11       	cpse	r24, r1
    4c80:	0b c0       	rjmp	.+22     	; 0x4c98 <loop+0x2400>
	{
		// switching from FM to AM, shelve last FM frequency
		lastFreqMhz = si4735.getCurrentFrequency();
    4c82:	80 91 82 06 	lds	r24, 0x0682	; 0x800682 <_ZL6si4735+0x9d>
    4c86:	90 91 83 06 	lds	r25, 0x0683	; 0x800683 <_ZL6si4735+0x9e>
    4c8a:	90 93 9f 01 	sts	0x019F, r25	; 0x80019f <_ZL11lastFreqMhz+0x1>
    4c8e:	80 93 9e 01 	sts	0x019E, r24	; 0x80019e <_ZL11lastFreqMhz>
		setAM(); // this call also sets frequency to lastFreqKhz
    4c92:	0e 94 0e 0d 	call	0x1a1c	; 0x1a1c <_ZL5setAMv>
    4c96:	15 c0       	rjmp	.+42     	; 0x4cc2 <loop+0x242a>
	}
	else if (getMode() == MODE_RADIO_AM)
    4c98:	0e 94 de 08 	call	0x11bc	; 0x11bc <_ZL7getModev>
    4c9c:	81 30       	cpi	r24, 0x01	; 1
    4c9e:	59 f4       	brne	.+22     	; 0x4cb6 <loop+0x241e>
	{
		// switching from AM to BT, shelve last AM frequency
		lastFreqKhz = si4735.getCurrentFrequency();
    4ca0:	80 91 82 06 	lds	r24, 0x0682	; 0x800682 <_ZL6si4735+0x9d>
    4ca4:	90 91 83 06 	lds	r25, 0x0683	; 0x800683 <_ZL6si4735+0x9e>
    4ca8:	90 93 9d 01 	sts	0x019D, r25	; 0x80019d <_ZL11lastFreqKhz+0x1>
    4cac:	80 93 9c 01 	sts	0x019C, r24	; 0x80019c <_ZL11lastFreqKhz>
		setBT();
    4cb0:	0e 94 34 0b 	call	0x1668	; 0x1668 <_ZL5setBTv>
    4cb4:	06 c0       	rjmp	.+12     	; 0x4cc2 <loop+0x242a>
	}
	else if (getMode() == MODE_BT)
    4cb6:	0e 94 de 08 	call	0x11bc	; 0x11bc <_ZL7getModev>
    4cba:	82 30       	cpi	r24, 0x02	; 2
    4cbc:	11 f4       	brne	.+4      	; 0x4cc2 <loop+0x242a>
	{
		// switching from BT to FM
		setFM(); // this call also sets frequency to lastFreqMhz
    4cbe:	0e 94 95 0c 	call	0x192a	; 0x192a <_ZL5setFMv>
	}
	
	setMuteOnly(false);
    4cc2:	0e 94 8a 0b 	call	0x1714	; 0x1714 <_ZL11setMuteOnlyb.constprop.16>
    4cc6:	c5 ce       	rjmp	.-630    	; 0x4a52 <loop+0x21ba>
				&& !wasRepetition
				&& specialMode == 0)
			{
				toggleForceMono();
			}
			else if (getMode() != MODE_STANDBY && memcmp(&irmp_data, &irmp_volumedown, sizeof(irmp_data) - 1) == 0)
    4cc8:	0e 94 de 08 	call	0x11bc	; 0x11bc <_ZL7getModev>
    4ccc:	83 30       	cpi	r24, 0x03	; 3
    4cce:	09 f1       	breq	.+66     	; 0x4d12 <loop+0x247a>
    4cd0:	45 e0       	ldi	r20, 0x05	; 5
    4cd2:	50 e0       	ldi	r21, 0x00	; 0
    4cd4:	62 e7       	ldi	r22, 0x72	; 114
    4cd6:	74 e0       	ldi	r23, 0x04	; 4
    4cd8:	8b e7       	ldi	r24, 0x7B	; 123
    4cda:	95 e0       	ldi	r25, 0x05	; 5
    4cdc:	0e 94 f6 38 	call	0x71ec	; 0x71ec <memcmp>
    4ce0:	89 2b       	or	r24, r25
    4ce2:	39 f1       	breq	.+78     	; 0x4d32 <loop+0x249a>
    4ce4:	16 c0       	rjmp	.+44     	; 0x4d12 <loop+0x247a>
	lastSettingsChange = millis();
}

static void toggleForceMono()
{
	if (forceMono)
    4ce6:	80 91 77 05 	lds	r24, 0x0577	; 0x800577 <_ZL9forceMono>
    4cea:	88 23       	and	r24, r24
    4cec:	59 f0       	breq	.+22     	; 0x4d04 <loop+0x246c>
	}
}

static void setStereo()
{
	si4735.setFmBlendStereoThreshold(49);
    4cee:	61 e3       	ldi	r22, 0x31	; 49
    4cf0:	85 ee       	ldi	r24, 0xE5	; 229
    4cf2:	95 e0       	ldi	r25, 0x05	; 5
    4cf4:	0e 94 7b 30 	call	0x60f6	; 0x60f6 <_ZN6SI473525setFmBlendStereoThresholdEh>
	speOn(SPE_STEREO);
    4cf8:	83 e1       	ldi	r24, 0x13	; 19
    4cfa:	0e 94 8a 0a 	call	0x1514	; 0x1514 <_ZL5speOnc>
	forceMono = false;
    4cfe:	10 92 77 05 	sts	0x0577, r1	; 0x800577 <_ZL9forceMono>
    4d02:	a7 ce       	rjmp	.-690    	; 0x4a52 <loop+0x21ba>
	}
}

static void setMono()
{
	if (getMode() == MODE_RADIO_FM)
    4d04:	0e 94 de 08 	call	0x11bc	; 0x11bc <_ZL7getModev>
    4d08:	81 11       	cpse	r24, r1
    4d0a:	29 c1       	rjmp	.+594    	; 0x4f5e <loop+0x26c6>
    4d0c:	0e 94 1e 0b 	call	0x163c	; 0x163c <_ZL7setMonov.part.7>
    4d10:	26 c1       	rjmp	.+588    	; 0x4f5e <loop+0x26c6>
			}
			else if (getMode() != MODE_STANDBY && memcmp(&irmp_data, &irmp_volumedown, sizeof(irmp_data) - 1) == 0)
			{
				volumeDown();
			}
			else if (getMode() != MODE_STANDBY && memcmp(&irmp_data, &irmp_volumeup, sizeof(irmp_data) - 1) == 0)
    4d12:	0e 94 de 08 	call	0x11bc	; 0x11bc <_ZL7getModev>
    4d16:	83 30       	cpi	r24, 0x03	; 3
    4d18:	09 f4       	brne	.+2      	; 0x4d1c <loop+0x2484>
    4d1a:	49 c0       	rjmp	.+146    	; 0x4dae <loop+0x2516>
    4d1c:	45 e0       	ldi	r20, 0x05	; 5
    4d1e:	50 e0       	ldi	r21, 0x00	; 0
    4d20:	6c e6       	ldi	r22, 0x6C	; 108
    4d22:	74 e0       	ldi	r23, 0x04	; 4
    4d24:	8b e7       	ldi	r24, 0x7B	; 123
    4d26:	95 e0       	ldi	r25, 0x05	; 5
    4d28:	0e 94 f6 38 	call	0x71ec	; 0x71ec <memcmp>
    4d2c:	89 2b       	or	r24, r25
    4d2e:	41 f0       	breq	.+16     	; 0x4d40 <loop+0x24a8>
    4d30:	3e c0       	rjmp	.+124    	; 0x4dae <loop+0x2516>
	}
}

static void volumeDown()
{
	if (volume < MAX_VOLUME)
    4d32:	80 91 ad 01 	lds	r24, 0x01AD	; 0x8001ad <_ZL6volume>
    4d36:	8f 33       	cpi	r24, 0x3F	; 63
    4d38:	08 f0       	brcs	.+2      	; 0x4d3c <loop+0x24a4>
    4d3a:	11 c1       	rjmp	.+546    	; 0x4f5e <loop+0x26c6>
	{
		volume++;
    4d3c:	8f 5f       	subi	r24, 0xFF	; 255
    4d3e:	06 c0       	rjmp	.+12     	; 0x4d4c <loop+0x24b4>
	delay(1);
}

static void volumeUp()
{
	if (volume > MIN_VOLUME)
    4d40:	80 91 ad 01 	lds	r24, 0x01AD	; 0x8001ad <_ZL6volume>
    4d44:	88 23       	and	r24, r24
    4d46:	09 f4       	brne	.+2      	; 0x4d4a <loop+0x24b2>
    4d48:	0a c1       	rjmp	.+532    	; 0x4f5e <loop+0x26c6>
	{
		volume--;
    4d4a:	81 50       	subi	r24, 0x01	; 1
    4d4c:	80 93 ad 01 	sts	0x01AD, r24	; 0x8001ad <_ZL6volume>
		//si4735.setVolume(volume); // Si4735 has 63 as maximum volume, but TDA7468 has it as minimum
		
		// volume left
		Wire.beginTransmission(I2C_ADDR_AUDIOPROC >> 1);
    4d50:	64 e4       	ldi	r22, 0x44	; 68
    4d52:	70 e0       	ldi	r23, 0x00	; 0
    4d54:	83 ed       	ldi	r24, 0xD3	; 211
    4d56:	96 e0       	ldi	r25, 0x06	; 6
    4d58:	0e 94 16 34 	call	0x682c	; 0x682c <_ZN7TwoWire17beginTransmissionEi>
		Wire.write(0b00000011);
    4d5c:	63 e0       	ldi	r22, 0x03	; 3
    4d5e:	70 e0       	ldi	r23, 0x00	; 0
    4d60:	83 ed       	ldi	r24, 0xD3	; 211
    4d62:	96 e0       	ldi	r25, 0x06	; 6
    4d64:	0e 94 a8 09 	call	0x1350	; 0x1350 <_ZN7TwoWire5writeEi>
		Wire.write(volume);
    4d68:	60 91 ad 01 	lds	r22, 0x01AD	; 0x8001ad <_ZL6volume>
    4d6c:	83 ed       	ldi	r24, 0xD3	; 211
    4d6e:	96 e0       	ldi	r25, 0x06	; 6
    4d70:	0e 94 b7 33 	call	0x676e	; 0x676e <_ZN7TwoWire5writeEh>
		Wire.endTransmission();
    4d74:	83 ed       	ldi	r24, 0xD3	; 211
    4d76:	96 e0       	ldi	r25, 0x06	; 6
    4d78:	0e 94 94 34 	call	0x6928	; 0x6928 <_ZN7TwoWire15endTransmissionEv>
			
		// volume right
		Wire.beginTransmission(I2C_ADDR_AUDIOPROC >> 1);
    4d7c:	64 e4       	ldi	r22, 0x44	; 68
    4d7e:	70 e0       	ldi	r23, 0x00	; 0
    4d80:	83 ed       	ldi	r24, 0xD3	; 211
    4d82:	96 e0       	ldi	r25, 0x06	; 6
    4d84:	0e 94 16 34 	call	0x682c	; 0x682c <_ZN7TwoWire17beginTransmissionEi>
		Wire.write(0b00000100);
    4d88:	64 e0       	ldi	r22, 0x04	; 4
    4d8a:	70 e0       	ldi	r23, 0x00	; 0
    4d8c:	83 ed       	ldi	r24, 0xD3	; 211
    4d8e:	96 e0       	ldi	r25, 0x06	; 6
    4d90:	0e 94 a8 09 	call	0x1350	; 0x1350 <_ZN7TwoWire5writeEi>
		Wire.write(volume);
    4d94:	60 91 ad 01 	lds	r22, 0x01AD	; 0x8001ad <_ZL6volume>
    4d98:	83 ed       	ldi	r24, 0xD3	; 211
    4d9a:	96 e0       	ldi	r25, 0x06	; 6
    4d9c:	0e 94 b7 33 	call	0x676e	; 0x676e <_ZN7TwoWire5writeEh>
		Wire.endTransmission();
    4da0:	83 ed       	ldi	r24, 0xD3	; 211
    4da2:	96 e0       	ldi	r25, 0x06	; 6
    4da4:	0e 94 94 34 	call	0x6928	; 0x6928 <_ZN7TwoWire15endTransmissionEv>
		
		volDisplayUpdate();
    4da8:	0e 94 6a 0a 	call	0x14d4	; 0x14d4 <_ZL16volDisplayUpdatev>
    4dac:	52 ce       	rjmp	.-860    	; 0x4a52 <loop+0x21ba>
			}
			else if (getMode() != MODE_STANDBY && memcmp(&irmp_data, &irmp_volumeup, sizeof(irmp_data) - 1) == 0)
			{
				volumeUp();
			}
			else if (getMode() != MODE_STANDBY && memcmp(&irmp_data, &irmp_trebledown, sizeof(irmp_data) - 1) == 0)
    4dae:	0e 94 de 08 	call	0x11bc	; 0x11bc <_ZL7getModev>
    4db2:	83 30       	cpi	r24, 0x03	; 3
    4db4:	51 f0       	breq	.+20     	; 0x4dca <loop+0x2532>
    4db6:	45 e0       	ldi	r20, 0x05	; 5
    4db8:	50 e0       	ldi	r21, 0x00	; 0
    4dba:	6a e5       	ldi	r22, 0x5A	; 90
    4dbc:	74 e0       	ldi	r23, 0x04	; 4
    4dbe:	8b e7       	ldi	r24, 0x7B	; 123
    4dc0:	95 e0       	ldi	r25, 0x05	; 5
    4dc2:	0e 94 f6 38 	call	0x71ec	; 0x71ec <memcmp>
    4dc6:	89 2b       	or	r24, r25
    4dc8:	79 f0       	breq	.+30     	; 0x4de8 <loop+0x2550>
			{
				trebleDown();
			}
			else if (getMode() != MODE_STANDBY && memcmp(&irmp_data, &irmp_trebleup, sizeof(irmp_data) - 1) == 0)
    4dca:	0e 94 de 08 	call	0x11bc	; 0x11bc <_ZL7getModev>
    4dce:	83 30       	cpi	r24, 0x03	; 3
    4dd0:	59 f1       	breq	.+86     	; 0x4e28 <loop+0x2590>
    4dd2:	45 e0       	ldi	r20, 0x05	; 5
    4dd4:	50 e0       	ldi	r21, 0x00	; 0
    4dd6:	64 e5       	ldi	r22, 0x54	; 84
    4dd8:	74 e0       	ldi	r23, 0x04	; 4
    4dda:	8b e7       	ldi	r24, 0x7B	; 123
    4ddc:	95 e0       	ldi	r25, 0x05	; 5
    4dde:	0e 94 f6 38 	call	0x71ec	; 0x71ec <memcmp>
    4de2:	89 2b       	or	r24, r25
    4de4:	99 f0       	breq	.+38     	; 0x4e0c <loop+0x2574>
    4de6:	20 c0       	rjmp	.+64     	; 0x4e28 <loop+0x2590>
}

static void trebleDown()
{
	// take lower nibble of trebleBass (set upper nibble to 0)
	unsigned char treble = trebleBass & 0x0f;
    4de8:	90 91 6c 05 	lds	r25, 0x056C	; 0x80056c <_ZL10trebleBass>
    4dec:	89 2f       	mov	r24, r25
    4dee:	8f 70       	andi	r24, 0x0F	; 15
	if (treble != 0)
    4df0:	09 f4       	brne	.+2      	; 0x4df4 <loop+0x255c>
    4df2:	b5 c0       	rjmp	.+362    	; 0x4f5e <loop+0x26c6>
	{
		treble = treble <= 7
			? (treble - 1)
			: treble == 14
				? 7
				: (treble + 1);
    4df4:	88 30       	cpi	r24, 0x08	; 8
    4df6:	10 f4       	brcc	.+4      	; 0x4dfc <loop+0x2564>
    4df8:	81 50       	subi	r24, 0x01	; 1
    4dfa:	05 c0       	rjmp	.+10     	; 0x4e06 <loop+0x256e>
    4dfc:	8e 30       	cpi	r24, 0x0E	; 14
    4dfe:	11 f0       	breq	.+4      	; 0x4e04 <loop+0x256c>
    4e00:	8f 5f       	subi	r24, 0xFF	; 255
    4e02:	01 c0       	rjmp	.+2      	; 0x4e06 <loop+0x256e>
    4e04:	87 e0       	ldi	r24, 0x07	; 7
		trebleBass = (trebleBass & 0xF0) | (treble & 0x0F); // update lower nibble only, upper nibble stays as it was
    4e06:	90 7f       	andi	r25, 0xF0	; 240
    4e08:	8f 70       	andi	r24, 0x0F	; 15
    4e0a:	0c c0       	rjmp	.+24     	; 0x4e24 <loop+0x258c>
}

static void trebleUp()
{
	// take lower nibble of trebleBass (set upper nibble to 0)
	unsigned char treble = trebleBass & 0x0f;
    4e0c:	90 91 6c 05 	lds	r25, 0x056C	; 0x80056c <_ZL10trebleBass>
    4e10:	89 2f       	mov	r24, r25
    4e12:	8f 70       	andi	r24, 0x0F	; 15
	if (treble != 8)
    4e14:	88 30       	cpi	r24, 0x08	; 8
    4e16:	09 f4       	brne	.+2      	; 0x4e1a <loop+0x2582>
    4e18:	a2 c0       	rjmp	.+324    	; 0x4f5e <loop+0x26c6>
	{
		treble = treble < 7
			? (treble + 1)
			: treble == 7
				? 14
				: (treble - 1);
    4e1a:	87 30       	cpi	r24, 0x07	; 7
    4e1c:	08 f0       	brcs	.+2      	; 0x4e20 <loop+0x2588>
    4e1e:	42 c0       	rjmp	.+132    	; 0x4ea4 <loop+0x260c>
    4e20:	8f 5f       	subi	r24, 0xFF	; 255
		trebleBass = (trebleBass & 0xF0) | (treble & 0x0F); // update lower nibble only, upper nibble stays as it was
    4e22:	90 7f       	andi	r25, 0xF0	; 240
    4e24:	89 2b       	or	r24, r25
    4e26:	25 c0       	rjmp	.+74     	; 0x4e72 <loop+0x25da>
			}
			else if (getMode() != MODE_STANDBY && memcmp(&irmp_data, &irmp_trebleup, sizeof(irmp_data) - 1) == 0)
			{
				trebleUp();
			}
			else if (getMode() != MODE_STANDBY && memcmp(&irmp_data, &irmp_bassdown, sizeof(irmp_data) - 1) == 0)
    4e28:	0e 94 de 08 	call	0x11bc	; 0x11bc <_ZL7getModev>
    4e2c:	83 30       	cpi	r24, 0x03	; 3
    4e2e:	09 f4       	brne	.+2      	; 0x4e32 <loop+0x259a>
    4e30:	3f c0       	rjmp	.+126    	; 0x4eb0 <loop+0x2618>
    4e32:	45 e0       	ldi	r20, 0x05	; 5
    4e34:	50 e0       	ldi	r21, 0x00	; 0
    4e36:	66 e6       	ldi	r22, 0x66	; 102
    4e38:	74 e0       	ldi	r23, 0x04	; 4
    4e3a:	8b e7       	ldi	r24, 0x7B	; 123
    4e3c:	95 e0       	ldi	r25, 0x05	; 5
    4e3e:	0e 94 f6 38 	call	0x71ec	; 0x71ec <memcmp>
    4e42:	89 2b       	or	r24, r25
    4e44:	a9 f5       	brne	.+106    	; 0x4eb0 <loop+0x2618>
}

static void bassDown()
{
	// take upper nibble of trebleBass (set lower nibble to 0)
	unsigned char bass = trebleBass >> 4;
    4e46:	20 91 6c 05 	lds	r18, 0x056C	; 0x80056c <_ZL10trebleBass>
    4e4a:	82 2f       	mov	r24, r18
    4e4c:	90 e0       	ldi	r25, 0x00	; 0
    4e4e:	44 e0       	ldi	r20, 0x04	; 4
    4e50:	95 95       	asr	r25
    4e52:	87 95       	ror	r24
    4e54:	4a 95       	dec	r20
    4e56:	e1 f7       	brne	.-8      	; 0x4e50 <loop+0x25b8>
    4e58:	38 2f       	mov	r19, r24
	if (bass != 0)
    4e5a:	88 23       	and	r24, r24
    4e5c:	09 f4       	brne	.+2      	; 0x4e60 <loop+0x25c8>
    4e5e:	7f c0       	rjmp	.+254    	; 0x4f5e <loop+0x26c6>
	{
		bass = bass <= 7
			? (bass - 1)
			: bass == 14
				? 7
				: (bass + 1);
    4e60:	38 30       	cpi	r19, 0x08	; 8
    4e62:	a8 f5       	brcc	.+106    	; 0x4ece <loop+0x2636>
    4e64:	81 50       	subi	r24, 0x01	; 1
		trebleBass = (trebleBass & 0x0F) | (bass << 4); // update upper nibble only, lower nibble stays as it was
    4e66:	2f 70       	andi	r18, 0x0F	; 15
    4e68:	30 e1       	ldi	r19, 0x10	; 16
    4e6a:	83 9f       	mul	r24, r19
    4e6c:	c0 01       	movw	r24, r0
    4e6e:	11 24       	eor	r1, r1
		bass = bass < 7
			? (bass + 1)
			: bass == 7
			? 14
			: (bass - 1);
		trebleBass = (trebleBass & 0x0F) | (bass << 4); // update upper nibble only, lower nibble stays as it was
    4e70:	82 2b       	or	r24, r18
    4e72:	80 93 6c 05 	sts	0x056C, r24	; 0x80056c <_ZL10trebleBass>
		
		// treble/bass
		Wire.beginTransmission(I2C_ADDR_AUDIOPROC >> 1);
    4e76:	64 e4       	ldi	r22, 0x44	; 68
    4e78:	70 e0       	ldi	r23, 0x00	; 0
    4e7a:	83 ed       	ldi	r24, 0xD3	; 211
    4e7c:	96 e0       	ldi	r25, 0x06	; 6
    4e7e:	0e 94 16 34 	call	0x682c	; 0x682c <_ZN7TwoWire17beginTransmissionEi>
		Wire.write(0b00000101);
    4e82:	65 e0       	ldi	r22, 0x05	; 5
    4e84:	70 e0       	ldi	r23, 0x00	; 0
    4e86:	83 ed       	ldi	r24, 0xD3	; 211
    4e88:	96 e0       	ldi	r25, 0x06	; 6
    4e8a:	0e 94 a8 09 	call	0x1350	; 0x1350 <_ZN7TwoWire5writeEi>
		Wire.write(trebleBass);
    4e8e:	60 91 6c 05 	lds	r22, 0x056C	; 0x80056c <_ZL10trebleBass>
    4e92:	83 ed       	ldi	r24, 0xD3	; 211
    4e94:	96 e0       	ldi	r25, 0x06	; 6
    4e96:	0e 94 b7 33 	call	0x676e	; 0x676e <_ZN7TwoWire5writeEh>
		Wire.endTransmission();
    4e9a:	83 ed       	ldi	r24, 0xD3	; 211
    4e9c:	96 e0       	ldi	r25, 0x06	; 6
    4e9e:	0e 94 94 34 	call	0x6928	; 0x6928 <_ZN7TwoWire15endTransmissionEv>
    4ea2:	d7 cd       	rjmp	.-1106   	; 0x4a52 <loop+0x21ba>
	{
		treble = treble < 7
			? (treble + 1)
			: treble == 7
				? 14
				: (treble - 1);
    4ea4:	87 30       	cpi	r24, 0x07	; 7
    4ea6:	11 f0       	breq	.+4      	; 0x4eac <loop+0x2614>
    4ea8:	81 50       	subi	r24, 0x01	; 1
    4eaa:	bb cf       	rjmp	.-138    	; 0x4e22 <loop+0x258a>
    4eac:	8e e0       	ldi	r24, 0x0E	; 14
    4eae:	b9 cf       	rjmp	.-142    	; 0x4e22 <loop+0x258a>
			}
			else if (getMode() != MODE_STANDBY && memcmp(&irmp_data, &irmp_bassdown, sizeof(irmp_data) - 1) == 0)
			{
				bassDown();
			}
			else if (getMode() != MODE_STANDBY && memcmp(&irmp_data, &irmp_bassup, sizeof(irmp_data) - 1) == 0)
    4eb0:	0e 94 de 08 	call	0x11bc	; 0x11bc <_ZL7getModev>
    4eb4:	83 30       	cpi	r24, 0x03	; 3
    4eb6:	89 f0       	breq	.+34     	; 0x4eda <loop+0x2642>
    4eb8:	45 e0       	ldi	r20, 0x05	; 5
    4eba:	50 e0       	ldi	r21, 0x00	; 0
    4ebc:	60 e6       	ldi	r22, 0x60	; 96
    4ebe:	74 e0       	ldi	r23, 0x04	; 4
    4ec0:	8b e7       	ldi	r24, 0x7B	; 123
    4ec2:	95 e0       	ldi	r25, 0x05	; 5
    4ec4:	0e 94 f6 38 	call	0x71ec	; 0x71ec <memcmp>
    4ec8:	89 2b       	or	r24, r25
    4eca:	71 f1       	breq	.+92     	; 0x4f28 <loop+0x2690>
    4ecc:	06 c0       	rjmp	.+12     	; 0x4eda <loop+0x2642>
	{
		bass = bass <= 7
			? (bass - 1)
			: bass == 14
				? 7
				: (bass + 1);
    4ece:	3e 30       	cpi	r19, 0x0E	; 14
    4ed0:	11 f0       	breq	.+4      	; 0x4ed6 <loop+0x263e>
    4ed2:	8f 5f       	subi	r24, 0xFF	; 255
    4ed4:	c8 cf       	rjmp	.-112    	; 0x4e66 <loop+0x25ce>
    4ed6:	87 e0       	ldi	r24, 0x07	; 7
    4ed8:	c6 cf       	rjmp	.-116    	; 0x4e66 <loop+0x25ce>
			}
			else if (getMode() != MODE_STANDBY && memcmp(&irmp_data, &irmp_bassup, sizeof(irmp_data) - 1) == 0)
			{
				bassUp();
			}
			else if (memcmp(&irmp_data, &irmp_display, sizeof(irmp_data) - 1) == 0
    4eda:	45 e0       	ldi	r20, 0x05	; 5
    4edc:	50 e0       	ldi	r21, 0x00	; 0
    4ede:	6e e4       	ldi	r22, 0x4E	; 78
    4ee0:	74 e0       	ldi	r23, 0x04	; 4
    4ee2:	8b e7       	ldi	r24, 0x7B	; 123
    4ee4:	95 e0       	ldi	r25, 0x05	; 5
    4ee6:	0e 94 f6 38 	call	0x71ec	; 0x71ec <memcmp>
    4eea:	89 2b       	or	r24, r25
    4eec:	c1 f5       	brne	.+112    	; 0x4f5e <loop+0x26c6>
				&& !wasRepetition
    4eee:	11 11       	cpse	r17, r1
    4ef0:	36 c0       	rjmp	.+108    	; 0x4f5e <loop+0x26c6>
				&& specialMode == 0)
    4ef2:	80 91 7a 05 	lds	r24, 0x057A	; 0x80057a <_ZL11specialMode>
    4ef6:	81 11       	cpse	r24, r1
    4ef8:	32 c0       	rjmp	.+100    	; 0x4f5e <loop+0x26c6>
			{
				Wire.beginTransmission(I2C_ADDR_VFDDRIVER >> 1);
    4efa:	6a e7       	ldi	r22, 0x7A	; 122
    4efc:	70 e0       	ldi	r23, 0x00	; 0
    4efe:	83 ed       	ldi	r24, 0xD3	; 211
    4f00:	96 e0       	ldi	r25, 0x06	; 6
    4f02:	0e 94 16 34 	call	0x682c	; 0x682c <_ZN7TwoWire17beginTransmissionEi>
				Wire.write(CMD_TOGGLE_DISPLAY);
    4f06:	6d e0       	ldi	r22, 0x0D	; 13
    4f08:	70 e0       	ldi	r23, 0x00	; 0
    4f0a:	83 ed       	ldi	r24, 0xD3	; 211
    4f0c:	96 e0       	ldi	r25, 0x06	; 6
    4f0e:	0e 94 a8 09 	call	0x1350	; 0x1350 <_ZN7TwoWire5writeEi>
				Wire.endTransmission();
    4f12:	83 ed       	ldi	r24, 0xD3	; 211
    4f14:	96 e0       	ldi	r25, 0x06	; 6
    4f16:	0e 94 94 34 	call	0x6928	; 0x6928 <_ZN7TwoWire15endTransmissionEv>
				delay(1);
    4f1a:	61 e0       	ldi	r22, 0x01	; 1
    4f1c:	70 e0       	ldi	r23, 0x00	; 0
    4f1e:	80 e0       	ldi	r24, 0x00	; 0
    4f20:	90 e0       	ldi	r25, 0x00	; 0
    4f22:	0e 94 a0 28 	call	0x5140	; 0x5140 <delay>
			}
		}
	}
}
    4f26:	1b c0       	rjmp	.+54     	; 0x4f5e <loop+0x26c6>
}

static void bassUp()
{
	// take upper nibble of trebleBass (set lower nibble to 0)
	unsigned char bass = trebleBass >> 4;
    4f28:	20 91 6c 05 	lds	r18, 0x056C	; 0x80056c <_ZL10trebleBass>
    4f2c:	82 2f       	mov	r24, r18
    4f2e:	90 e0       	ldi	r25, 0x00	; 0
    4f30:	34 e0       	ldi	r19, 0x04	; 4
    4f32:	95 95       	asr	r25
    4f34:	87 95       	ror	r24
    4f36:	3a 95       	dec	r19
    4f38:	e1 f7       	brne	.-8      	; 0x4f32 <loop+0x269a>
    4f3a:	38 2f       	mov	r19, r24
	if (bass != 8)
    4f3c:	88 30       	cpi	r24, 0x08	; 8
    4f3e:	79 f0       	breq	.+30     	; 0x4f5e <loop+0x26c6>
	{
		bass = bass < 7
			? (bass + 1)
			: bass == 7
			? 14
			: (bass - 1);
    4f40:	37 30       	cpi	r19, 0x07	; 7
    4f42:	10 f4       	brcc	.+4      	; 0x4f48 <loop+0x26b0>
    4f44:	8f 5f       	subi	r24, 0xFF	; 255
    4f46:	05 c0       	rjmp	.+10     	; 0x4f52 <loop+0x26ba>
    4f48:	37 30       	cpi	r19, 0x07	; 7
    4f4a:	11 f0       	breq	.+4      	; 0x4f50 <loop+0x26b8>
    4f4c:	81 50       	subi	r24, 0x01	; 1
    4f4e:	01 c0       	rjmp	.+2      	; 0x4f52 <loop+0x26ba>
    4f50:	8e e0       	ldi	r24, 0x0E	; 14
		trebleBass = (trebleBass & 0x0F) | (bass << 4); // update upper nibble only, lower nibble stays as it was
    4f52:	2f 70       	andi	r18, 0x0F	; 15
    4f54:	a0 e1       	ldi	r26, 0x10	; 16
    4f56:	8a 9f       	mul	r24, r26
    4f58:	c0 01       	movw	r24, r0
    4f5a:	11 24       	eor	r1, r1
    4f5c:	89 cf       	rjmp	.-238    	; 0x4e70 <loop+0x25d8>
				Wire.endTransmission();
				delay(1);
			}
		}
	}
}
    4f5e:	60 96       	adiw	r28, 0x10	; 16
    4f60:	0f b6       	in	r0, 0x3f	; 63
    4f62:	f8 94       	cli
    4f64:	de bf       	out	0x3e, r29	; 62
    4f66:	0f be       	out	0x3f, r0	; 63
    4f68:	cd bf       	out	0x3d, r28	; 61
    4f6a:	df 91       	pop	r29
    4f6c:	cf 91       	pop	r28
    4f6e:	1f 91       	pop	r17
    4f70:	0f 91       	pop	r16
    4f72:	ff 90       	pop	r15
    4f74:	ef 90       	pop	r14
    4f76:	df 90       	pop	r13
    4f78:	cf 90       	pop	r12
    4f7a:	bf 90       	pop	r11
    4f7c:	af 90       	pop	r10
    4f7e:	08 95       	ret

00004f80 <initVariant>:
    4f80:	08 95       	ret

00004f82 <main>:
    4f82:	0e 94 e7 28 	call	0x51ce	; 0x51ce <init>
    4f86:	0e 94 c0 27 	call	0x4f80	; 0x4f80 <initVariant>
    4f8a:	0e 94 2f 0f 	call	0x1e5e	; 0x1e5e <setup>
    4f8e:	c0 e0       	ldi	r28, 0x00	; 0
    4f90:	d0 e0       	ldi	r29, 0x00	; 0
    4f92:	0e 94 4c 14 	call	0x2898	; 0x2898 <loop>
    4f96:	20 97       	sbiw	r28, 0x00	; 0
    4f98:	e1 f3       	breq	.-8      	; 0x4f92 <main+0x10>
    4f9a:	0e 94 00 00 	call	0	; 0x0 <__vectors>
    4f9e:	f9 cf       	rjmp	.-14     	; 0x4f92 <main+0x10>

00004fa0 <_ZN6Stream9timedReadEv>:
    4fa0:	0f 93       	push	r16
    4fa2:	1f 93       	push	r17
    4fa4:	cf 93       	push	r28
    4fa6:	df 93       	push	r29
    4fa8:	ec 01       	movw	r28, r24
    4faa:	0e 94 6f 28 	call	0x50de	; 0x50de <millis>
    4fae:	68 87       	std	Y+8, r22	; 0x08
    4fb0:	79 87       	std	Y+9, r23	; 0x09
    4fb2:	8a 87       	std	Y+10, r24	; 0x0a
    4fb4:	9b 87       	std	Y+11, r25	; 0x0b
    4fb6:	e8 81       	ld	r30, Y
    4fb8:	f9 81       	ldd	r31, Y+1	; 0x01
    4fba:	02 84       	ldd	r0, Z+10	; 0x0a
    4fbc:	f3 85       	ldd	r31, Z+11	; 0x0b
    4fbe:	e0 2d       	mov	r30, r0
    4fc0:	ce 01       	movw	r24, r28
    4fc2:	09 95       	icall
    4fc4:	97 ff       	sbrs	r25, 7
    4fc6:	17 c0       	rjmp	.+46     	; 0x4ff6 <_ZN6Stream9timedReadEv+0x56>
    4fc8:	0e 94 6f 28 	call	0x50de	; 0x50de <millis>
    4fcc:	08 85       	ldd	r16, Y+8	; 0x08
    4fce:	19 85       	ldd	r17, Y+9	; 0x09
    4fd0:	2a 85       	ldd	r18, Y+10	; 0x0a
    4fd2:	3b 85       	ldd	r19, Y+11	; 0x0b
    4fd4:	dc 01       	movw	r26, r24
    4fd6:	cb 01       	movw	r24, r22
    4fd8:	80 1b       	sub	r24, r16
    4fda:	91 0b       	sbc	r25, r17
    4fdc:	a2 0b       	sbc	r26, r18
    4fde:	b3 0b       	sbc	r27, r19
    4fe0:	0c 81       	ldd	r16, Y+4	; 0x04
    4fe2:	1d 81       	ldd	r17, Y+5	; 0x05
    4fe4:	2e 81       	ldd	r18, Y+6	; 0x06
    4fe6:	3f 81       	ldd	r19, Y+7	; 0x07
    4fe8:	80 17       	cp	r24, r16
    4fea:	91 07       	cpc	r25, r17
    4fec:	a2 07       	cpc	r26, r18
    4fee:	b3 07       	cpc	r27, r19
    4ff0:	10 f3       	brcs	.-60     	; 0x4fb6 <_ZN6Stream9timedReadEv+0x16>
    4ff2:	8f ef       	ldi	r24, 0xFF	; 255
    4ff4:	9f ef       	ldi	r25, 0xFF	; 255
    4ff6:	df 91       	pop	r29
    4ff8:	cf 91       	pop	r28
    4ffa:	1f 91       	pop	r17
    4ffc:	0f 91       	pop	r16
    4ffe:	08 95       	ret

00005000 <_ZN6Stream9readBytesEPcj>:
    5000:	cf 92       	push	r12
    5002:	df 92       	push	r13
    5004:	ef 92       	push	r14
    5006:	ff 92       	push	r15
    5008:	0f 93       	push	r16
    500a:	1f 93       	push	r17
    500c:	cf 93       	push	r28
    500e:	df 93       	push	r29
    5010:	6c 01       	movw	r12, r24
    5012:	7a 01       	movw	r14, r20
    5014:	8b 01       	movw	r16, r22
    5016:	c0 e0       	ldi	r28, 0x00	; 0
    5018:	d0 e0       	ldi	r29, 0x00	; 0
    501a:	ce 15       	cp	r28, r14
    501c:	df 05       	cpc	r29, r15
    501e:	59 f0       	breq	.+22     	; 0x5036 <_ZN6Stream9readBytesEPcj+0x36>
    5020:	c6 01       	movw	r24, r12
    5022:	0e 94 d0 27 	call	0x4fa0	; 0x4fa0 <_ZN6Stream9timedReadEv>
    5026:	97 fd       	sbrc	r25, 7
    5028:	05 c0       	rjmp	.+10     	; 0x5034 <_ZN6Stream9readBytesEPcj+0x34>
    502a:	f8 01       	movw	r30, r16
    502c:	81 93       	st	Z+, r24
    502e:	8f 01       	movw	r16, r30
    5030:	21 96       	adiw	r28, 0x01	; 1
    5032:	f3 cf       	rjmp	.-26     	; 0x501a <_ZN6Stream9readBytesEPcj+0x1a>
    5034:	7e 01       	movw	r14, r28
    5036:	c7 01       	movw	r24, r14
    5038:	df 91       	pop	r29
    503a:	cf 91       	pop	r28
    503c:	1f 91       	pop	r17
    503e:	0f 91       	pop	r16
    5040:	ff 90       	pop	r15
    5042:	ef 90       	pop	r14
    5044:	df 90       	pop	r13
    5046:	cf 90       	pop	r12
    5048:	08 95       	ret

0000504a <__vector_16>:
    504a:	1f 92       	push	r1
    504c:	0f 92       	push	r0
    504e:	0f b6       	in	r0, 0x3f	; 63
    5050:	0f 92       	push	r0
    5052:	11 24       	eor	r1, r1
    5054:	2f 93       	push	r18
    5056:	3f 93       	push	r19
    5058:	8f 93       	push	r24
    505a:	9f 93       	push	r25
    505c:	af 93       	push	r26
    505e:	bf 93       	push	r27
    5060:	80 91 c9 06 	lds	r24, 0x06C9	; 0x8006c9 <timer0_millis>
    5064:	90 91 ca 06 	lds	r25, 0x06CA	; 0x8006ca <timer0_millis+0x1>
    5068:	a0 91 cb 06 	lds	r26, 0x06CB	; 0x8006cb <timer0_millis+0x2>
    506c:	b0 91 cc 06 	lds	r27, 0x06CC	; 0x8006cc <timer0_millis+0x3>
    5070:	30 91 c8 06 	lds	r19, 0x06C8	; 0x8006c8 <timer0_fract>
    5074:	23 e0       	ldi	r18, 0x03	; 3
    5076:	23 0f       	add	r18, r19
    5078:	2d 37       	cpi	r18, 0x7D	; 125
    507a:	20 f4       	brcc	.+8      	; 0x5084 <__vector_16+0x3a>
    507c:	01 96       	adiw	r24, 0x01	; 1
    507e:	a1 1d       	adc	r26, r1
    5080:	b1 1d       	adc	r27, r1
    5082:	05 c0       	rjmp	.+10     	; 0x508e <__vector_16+0x44>
    5084:	26 e8       	ldi	r18, 0x86	; 134
    5086:	23 0f       	add	r18, r19
    5088:	02 96       	adiw	r24, 0x02	; 2
    508a:	a1 1d       	adc	r26, r1
    508c:	b1 1d       	adc	r27, r1
    508e:	20 93 c8 06 	sts	0x06C8, r18	; 0x8006c8 <timer0_fract>
    5092:	80 93 c9 06 	sts	0x06C9, r24	; 0x8006c9 <timer0_millis>
    5096:	90 93 ca 06 	sts	0x06CA, r25	; 0x8006ca <timer0_millis+0x1>
    509a:	a0 93 cb 06 	sts	0x06CB, r26	; 0x8006cb <timer0_millis+0x2>
    509e:	b0 93 cc 06 	sts	0x06CC, r27	; 0x8006cc <timer0_millis+0x3>
    50a2:	80 91 cd 06 	lds	r24, 0x06CD	; 0x8006cd <timer0_overflow_count>
    50a6:	90 91 ce 06 	lds	r25, 0x06CE	; 0x8006ce <timer0_overflow_count+0x1>
    50aa:	a0 91 cf 06 	lds	r26, 0x06CF	; 0x8006cf <timer0_overflow_count+0x2>
    50ae:	b0 91 d0 06 	lds	r27, 0x06D0	; 0x8006d0 <timer0_overflow_count+0x3>
    50b2:	01 96       	adiw	r24, 0x01	; 1
    50b4:	a1 1d       	adc	r26, r1
    50b6:	b1 1d       	adc	r27, r1
    50b8:	80 93 cd 06 	sts	0x06CD, r24	; 0x8006cd <timer0_overflow_count>
    50bc:	90 93 ce 06 	sts	0x06CE, r25	; 0x8006ce <timer0_overflow_count+0x1>
    50c0:	a0 93 cf 06 	sts	0x06CF, r26	; 0x8006cf <timer0_overflow_count+0x2>
    50c4:	b0 93 d0 06 	sts	0x06D0, r27	; 0x8006d0 <timer0_overflow_count+0x3>
    50c8:	bf 91       	pop	r27
    50ca:	af 91       	pop	r26
    50cc:	9f 91       	pop	r25
    50ce:	8f 91       	pop	r24
    50d0:	3f 91       	pop	r19
    50d2:	2f 91       	pop	r18
    50d4:	0f 90       	pop	r0
    50d6:	0f be       	out	0x3f, r0	; 63
    50d8:	0f 90       	pop	r0
    50da:	1f 90       	pop	r1
    50dc:	18 95       	reti

000050de <millis>:
    50de:	2f b7       	in	r18, 0x3f	; 63
    50e0:	f8 94       	cli
    50e2:	60 91 c9 06 	lds	r22, 0x06C9	; 0x8006c9 <timer0_millis>
    50e6:	70 91 ca 06 	lds	r23, 0x06CA	; 0x8006ca <timer0_millis+0x1>
    50ea:	80 91 cb 06 	lds	r24, 0x06CB	; 0x8006cb <timer0_millis+0x2>
    50ee:	90 91 cc 06 	lds	r25, 0x06CC	; 0x8006cc <timer0_millis+0x3>
    50f2:	2f bf       	out	0x3f, r18	; 63
    50f4:	08 95       	ret

000050f6 <micros>:
    50f6:	3f b7       	in	r19, 0x3f	; 63
    50f8:	f8 94       	cli
    50fa:	80 91 cd 06 	lds	r24, 0x06CD	; 0x8006cd <timer0_overflow_count>
    50fe:	90 91 ce 06 	lds	r25, 0x06CE	; 0x8006ce <timer0_overflow_count+0x1>
    5102:	a0 91 cf 06 	lds	r26, 0x06CF	; 0x8006cf <timer0_overflow_count+0x2>
    5106:	b0 91 d0 06 	lds	r27, 0x06D0	; 0x8006d0 <timer0_overflow_count+0x3>
    510a:	26 b5       	in	r18, 0x26	; 38
    510c:	a8 9b       	sbis	0x15, 0	; 21
    510e:	05 c0       	rjmp	.+10     	; 0x511a <micros+0x24>
    5110:	2f 3f       	cpi	r18, 0xFF	; 255
    5112:	19 f0       	breq	.+6      	; 0x511a <micros+0x24>
    5114:	01 96       	adiw	r24, 0x01	; 1
    5116:	a1 1d       	adc	r26, r1
    5118:	b1 1d       	adc	r27, r1
    511a:	3f bf       	out	0x3f, r19	; 63
    511c:	ba 2f       	mov	r27, r26
    511e:	a9 2f       	mov	r26, r25
    5120:	98 2f       	mov	r25, r24
    5122:	88 27       	eor	r24, r24
    5124:	82 0f       	add	r24, r18
    5126:	91 1d       	adc	r25, r1
    5128:	a1 1d       	adc	r26, r1
    512a:	b1 1d       	adc	r27, r1
    512c:	bc 01       	movw	r22, r24
    512e:	cd 01       	movw	r24, r26
    5130:	42 e0       	ldi	r20, 0x02	; 2
    5132:	66 0f       	add	r22, r22
    5134:	77 1f       	adc	r23, r23
    5136:	88 1f       	adc	r24, r24
    5138:	99 1f       	adc	r25, r25
    513a:	4a 95       	dec	r20
    513c:	d1 f7       	brne	.-12     	; 0x5132 <micros+0x3c>
    513e:	08 95       	ret

00005140 <delay>:
    5140:	8f 92       	push	r8
    5142:	9f 92       	push	r9
    5144:	af 92       	push	r10
    5146:	bf 92       	push	r11
    5148:	cf 92       	push	r12
    514a:	df 92       	push	r13
    514c:	ef 92       	push	r14
    514e:	ff 92       	push	r15
    5150:	6b 01       	movw	r12, r22
    5152:	7c 01       	movw	r14, r24
    5154:	0e 94 7b 28 	call	0x50f6	; 0x50f6 <micros>
    5158:	4b 01       	movw	r8, r22
    515a:	5c 01       	movw	r10, r24
    515c:	c1 14       	cp	r12, r1
    515e:	d1 04       	cpc	r13, r1
    5160:	e1 04       	cpc	r14, r1
    5162:	f1 04       	cpc	r15, r1
    5164:	01 f1       	breq	.+64     	; 0x51a6 <delay+0x66>
    5166:	0e 94 9b 34 	call	0x6936	; 0x6936 <yield>
    516a:	0e 94 7b 28 	call	0x50f6	; 0x50f6 <micros>
    516e:	dc 01       	movw	r26, r24
    5170:	cb 01       	movw	r24, r22
    5172:	88 19       	sub	r24, r8
    5174:	99 09       	sbc	r25, r9
    5176:	aa 09       	sbc	r26, r10
    5178:	bb 09       	sbc	r27, r11
    517a:	88 3e       	cpi	r24, 0xE8	; 232
    517c:	93 40       	sbci	r25, 0x03	; 3
    517e:	a1 05       	cpc	r26, r1
    5180:	b1 05       	cpc	r27, r1
    5182:	60 f3       	brcs	.-40     	; 0x515c <delay+0x1c>
    5184:	21 e0       	ldi	r18, 0x01	; 1
    5186:	c2 1a       	sub	r12, r18
    5188:	d1 08       	sbc	r13, r1
    518a:	e1 08       	sbc	r14, r1
    518c:	f1 08       	sbc	r15, r1
    518e:	88 ee       	ldi	r24, 0xE8	; 232
    5190:	88 0e       	add	r8, r24
    5192:	83 e0       	ldi	r24, 0x03	; 3
    5194:	98 1e       	adc	r9, r24
    5196:	a1 1c       	adc	r10, r1
    5198:	b1 1c       	adc	r11, r1
    519a:	c1 14       	cp	r12, r1
    519c:	d1 04       	cpc	r13, r1
    519e:	e1 04       	cpc	r14, r1
    51a0:	f1 04       	cpc	r15, r1
    51a2:	19 f7       	brne	.-58     	; 0x516a <delay+0x2a>
    51a4:	db cf       	rjmp	.-74     	; 0x515c <delay+0x1c>
    51a6:	ff 90       	pop	r15
    51a8:	ef 90       	pop	r14
    51aa:	df 90       	pop	r13
    51ac:	cf 90       	pop	r12
    51ae:	bf 90       	pop	r11
    51b0:	af 90       	pop	r10
    51b2:	9f 90       	pop	r9
    51b4:	8f 90       	pop	r8
    51b6:	08 95       	ret

000051b8 <delayMicroseconds>:
    51b8:	82 30       	cpi	r24, 0x02	; 2
    51ba:	91 05       	cpc	r25, r1
    51bc:	38 f0       	brcs	.+14     	; 0x51cc <delayMicroseconds+0x14>
    51be:	88 0f       	add	r24, r24
    51c0:	99 1f       	adc	r25, r25
    51c2:	88 0f       	add	r24, r24
    51c4:	99 1f       	adc	r25, r25
    51c6:	05 97       	sbiw	r24, 0x05	; 5
    51c8:	01 97       	sbiw	r24, 0x01	; 1
    51ca:	f1 f7       	brne	.-4      	; 0x51c8 <delayMicroseconds+0x10>
    51cc:	08 95       	ret

000051ce <init>:
    51ce:	78 94       	sei
    51d0:	84 b5       	in	r24, 0x24	; 36
    51d2:	82 60       	ori	r24, 0x02	; 2
    51d4:	84 bd       	out	0x24, r24	; 36
    51d6:	84 b5       	in	r24, 0x24	; 36
    51d8:	81 60       	ori	r24, 0x01	; 1
    51da:	84 bd       	out	0x24, r24	; 36
    51dc:	85 b5       	in	r24, 0x25	; 37
    51de:	82 60       	ori	r24, 0x02	; 2
    51e0:	85 bd       	out	0x25, r24	; 37
    51e2:	85 b5       	in	r24, 0x25	; 37
    51e4:	81 60       	ori	r24, 0x01	; 1
    51e6:	85 bd       	out	0x25, r24	; 37
    51e8:	ee e6       	ldi	r30, 0x6E	; 110
    51ea:	f0 e0       	ldi	r31, 0x00	; 0
    51ec:	80 81       	ld	r24, Z
    51ee:	81 60       	ori	r24, 0x01	; 1
    51f0:	80 83       	st	Z, r24
    51f2:	e1 e8       	ldi	r30, 0x81	; 129
    51f4:	f0 e0       	ldi	r31, 0x00	; 0
    51f6:	10 82       	st	Z, r1
    51f8:	80 81       	ld	r24, Z
    51fa:	82 60       	ori	r24, 0x02	; 2
    51fc:	80 83       	st	Z, r24
    51fe:	80 81       	ld	r24, Z
    5200:	81 60       	ori	r24, 0x01	; 1
    5202:	80 83       	st	Z, r24
    5204:	e0 e8       	ldi	r30, 0x80	; 128
    5206:	f0 e0       	ldi	r31, 0x00	; 0
    5208:	80 81       	ld	r24, Z
    520a:	81 60       	ori	r24, 0x01	; 1
    520c:	80 83       	st	Z, r24
    520e:	e1 eb       	ldi	r30, 0xB1	; 177
    5210:	f0 e0       	ldi	r31, 0x00	; 0
    5212:	80 81       	ld	r24, Z
    5214:	84 60       	ori	r24, 0x04	; 4
    5216:	80 83       	st	Z, r24
    5218:	e0 eb       	ldi	r30, 0xB0	; 176
    521a:	f0 e0       	ldi	r31, 0x00	; 0
    521c:	80 81       	ld	r24, Z
    521e:	81 60       	ori	r24, 0x01	; 1
    5220:	80 83       	st	Z, r24
    5222:	ea e7       	ldi	r30, 0x7A	; 122
    5224:	f0 e0       	ldi	r31, 0x00	; 0
    5226:	80 81       	ld	r24, Z
    5228:	84 60       	ori	r24, 0x04	; 4
    522a:	80 83       	st	Z, r24
    522c:	80 81       	ld	r24, Z
    522e:	82 60       	ori	r24, 0x02	; 2
    5230:	80 83       	st	Z, r24
    5232:	80 81       	ld	r24, Z
    5234:	81 60       	ori	r24, 0x01	; 1
    5236:	80 83       	st	Z, r24
    5238:	80 81       	ld	r24, Z
    523a:	80 68       	ori	r24, 0x80	; 128
    523c:	80 83       	st	Z, r24
    523e:	10 92 c1 00 	sts	0x00C1, r1	; 0x8000c1 <__TEXT_REGION_LENGTH__+0x7f80c1>
    5242:	08 95       	ret

00005244 <turnOffPWM>:
    5244:	83 30       	cpi	r24, 0x03	; 3
    5246:	81 f0       	breq	.+32     	; 0x5268 <turnOffPWM+0x24>
    5248:	28 f4       	brcc	.+10     	; 0x5254 <turnOffPWM+0x10>
    524a:	81 30       	cpi	r24, 0x01	; 1
    524c:	99 f0       	breq	.+38     	; 0x5274 <turnOffPWM+0x30>
    524e:	82 30       	cpi	r24, 0x02	; 2
    5250:	a1 f0       	breq	.+40     	; 0x527a <turnOffPWM+0x36>
    5252:	08 95       	ret
    5254:	87 30       	cpi	r24, 0x07	; 7
    5256:	a9 f0       	breq	.+42     	; 0x5282 <turnOffPWM+0x3e>
    5258:	88 30       	cpi	r24, 0x08	; 8
    525a:	b9 f0       	breq	.+46     	; 0x528a <turnOffPWM+0x46>
    525c:	84 30       	cpi	r24, 0x04	; 4
    525e:	d1 f4       	brne	.+52     	; 0x5294 <turnOffPWM+0x50>
    5260:	80 91 80 00 	lds	r24, 0x0080	; 0x800080 <__TEXT_REGION_LENGTH__+0x7f8080>
    5264:	8f 7d       	andi	r24, 0xDF	; 223
    5266:	03 c0       	rjmp	.+6      	; 0x526e <turnOffPWM+0x2a>
    5268:	80 91 80 00 	lds	r24, 0x0080	; 0x800080 <__TEXT_REGION_LENGTH__+0x7f8080>
    526c:	8f 77       	andi	r24, 0x7F	; 127
    526e:	80 93 80 00 	sts	0x0080, r24	; 0x800080 <__TEXT_REGION_LENGTH__+0x7f8080>
    5272:	08 95       	ret
    5274:	84 b5       	in	r24, 0x24	; 36
    5276:	8f 77       	andi	r24, 0x7F	; 127
    5278:	02 c0       	rjmp	.+4      	; 0x527e <turnOffPWM+0x3a>
    527a:	84 b5       	in	r24, 0x24	; 36
    527c:	8f 7d       	andi	r24, 0xDF	; 223
    527e:	84 bd       	out	0x24, r24	; 36
    5280:	08 95       	ret
    5282:	80 91 b0 00 	lds	r24, 0x00B0	; 0x8000b0 <__TEXT_REGION_LENGTH__+0x7f80b0>
    5286:	8f 77       	andi	r24, 0x7F	; 127
    5288:	03 c0       	rjmp	.+6      	; 0x5290 <turnOffPWM+0x4c>
    528a:	80 91 b0 00 	lds	r24, 0x00B0	; 0x8000b0 <__TEXT_REGION_LENGTH__+0x7f80b0>
    528e:	8f 7d       	andi	r24, 0xDF	; 223
    5290:	80 93 b0 00 	sts	0x00B0, r24	; 0x8000b0 <__TEXT_REGION_LENGTH__+0x7f80b0>
    5294:	08 95       	ret

00005296 <pinMode>:
    5296:	cf 93       	push	r28
    5298:	df 93       	push	r29
    529a:	90 e0       	ldi	r25, 0x00	; 0
    529c:	fc 01       	movw	r30, r24
    529e:	e8 5b       	subi	r30, 0xB8	; 184
    52a0:	fe 4f       	sbci	r31, 0xFE	; 254
    52a2:	24 91       	lpm	r18, Z
    52a4:	fc 01       	movw	r30, r24
    52a6:	e4 5a       	subi	r30, 0xA4	; 164
    52a8:	fe 4f       	sbci	r31, 0xFE	; 254
    52aa:	84 91       	lpm	r24, Z
    52ac:	88 23       	and	r24, r24
    52ae:	61 f1       	breq	.+88     	; 0x5308 <pinMode+0x72>
    52b0:	90 e0       	ldi	r25, 0x00	; 0
    52b2:	88 0f       	add	r24, r24
    52b4:	99 1f       	adc	r25, r25
    52b6:	fc 01       	movw	r30, r24
    52b8:	ec 57       	subi	r30, 0x7C	; 124
    52ba:	fe 4f       	sbci	r31, 0xFE	; 254
    52bc:	c5 91       	lpm	r28, Z+
    52be:	d4 91       	lpm	r29, Z
    52c0:	fc 01       	movw	r30, r24
    52c2:	e6 58       	subi	r30, 0x86	; 134
    52c4:	fe 4f       	sbci	r31, 0xFE	; 254
    52c6:	a5 91       	lpm	r26, Z+
    52c8:	b4 91       	lpm	r27, Z
    52ca:	61 11       	cpse	r22, r1
    52cc:	09 c0       	rjmp	.+18     	; 0x52e0 <pinMode+0x4a>
    52ce:	9f b7       	in	r25, 0x3f	; 63
    52d0:	f8 94       	cli
    52d2:	88 81       	ld	r24, Y
    52d4:	20 95       	com	r18
    52d6:	82 23       	and	r24, r18
    52d8:	88 83       	st	Y, r24
    52da:	ec 91       	ld	r30, X
    52dc:	2e 23       	and	r18, r30
    52de:	0b c0       	rjmp	.+22     	; 0x52f6 <pinMode+0x60>
    52e0:	62 30       	cpi	r22, 0x02	; 2
    52e2:	61 f4       	brne	.+24     	; 0x52fc <pinMode+0x66>
    52e4:	9f b7       	in	r25, 0x3f	; 63
    52e6:	f8 94       	cli
    52e8:	88 81       	ld	r24, Y
    52ea:	32 2f       	mov	r19, r18
    52ec:	30 95       	com	r19
    52ee:	83 23       	and	r24, r19
    52f0:	88 83       	st	Y, r24
    52f2:	ec 91       	ld	r30, X
    52f4:	2e 2b       	or	r18, r30
    52f6:	2c 93       	st	X, r18
    52f8:	9f bf       	out	0x3f, r25	; 63
    52fa:	06 c0       	rjmp	.+12     	; 0x5308 <pinMode+0x72>
    52fc:	8f b7       	in	r24, 0x3f	; 63
    52fe:	f8 94       	cli
    5300:	e8 81       	ld	r30, Y
    5302:	2e 2b       	or	r18, r30
    5304:	28 83       	st	Y, r18
    5306:	8f bf       	out	0x3f, r24	; 63
    5308:	df 91       	pop	r29
    530a:	cf 91       	pop	r28
    530c:	08 95       	ret

0000530e <digitalWrite>:
    530e:	1f 93       	push	r17
    5310:	cf 93       	push	r28
    5312:	df 93       	push	r29
    5314:	28 2f       	mov	r18, r24
    5316:	30 e0       	ldi	r19, 0x00	; 0
    5318:	f9 01       	movw	r30, r18
    531a:	ec 5c       	subi	r30, 0xCC	; 204
    531c:	fe 4f       	sbci	r31, 0xFE	; 254
    531e:	84 91       	lpm	r24, Z
    5320:	f9 01       	movw	r30, r18
    5322:	e8 5b       	subi	r30, 0xB8	; 184
    5324:	fe 4f       	sbci	r31, 0xFE	; 254
    5326:	d4 91       	lpm	r29, Z
    5328:	f9 01       	movw	r30, r18
    532a:	e4 5a       	subi	r30, 0xA4	; 164
    532c:	fe 4f       	sbci	r31, 0xFE	; 254
    532e:	c4 91       	lpm	r28, Z
    5330:	cc 23       	and	r28, r28
    5332:	c1 f0       	breq	.+48     	; 0x5364 <digitalWrite+0x56>
    5334:	16 2f       	mov	r17, r22
    5336:	81 11       	cpse	r24, r1
    5338:	0e 94 22 29 	call	0x5244	; 0x5244 <turnOffPWM>
    533c:	ec 2f       	mov	r30, r28
    533e:	f0 e0       	ldi	r31, 0x00	; 0
    5340:	ee 0f       	add	r30, r30
    5342:	ff 1f       	adc	r31, r31
    5344:	e6 58       	subi	r30, 0x86	; 134
    5346:	fe 4f       	sbci	r31, 0xFE	; 254
    5348:	a5 91       	lpm	r26, Z+
    534a:	b4 91       	lpm	r27, Z
    534c:	9f b7       	in	r25, 0x3f	; 63
    534e:	f8 94       	cli
    5350:	11 11       	cpse	r17, r1
    5352:	04 c0       	rjmp	.+8      	; 0x535c <digitalWrite+0x4e>
    5354:	8c 91       	ld	r24, X
    5356:	d0 95       	com	r29
    5358:	d8 23       	and	r29, r24
    535a:	02 c0       	rjmp	.+4      	; 0x5360 <digitalWrite+0x52>
    535c:	ec 91       	ld	r30, X
    535e:	de 2b       	or	r29, r30
    5360:	dc 93       	st	X, r29
    5362:	9f bf       	out	0x3f, r25	; 63
    5364:	df 91       	pop	r29
    5366:	cf 91       	pop	r28
    5368:	1f 91       	pop	r17
    536a:	08 95       	ret

0000536c <digitalRead>:
    536c:	cf 93       	push	r28
    536e:	df 93       	push	r29
    5370:	28 2f       	mov	r18, r24
    5372:	30 e0       	ldi	r19, 0x00	; 0
    5374:	f9 01       	movw	r30, r18
    5376:	ec 5c       	subi	r30, 0xCC	; 204
    5378:	fe 4f       	sbci	r31, 0xFE	; 254
    537a:	84 91       	lpm	r24, Z
    537c:	f9 01       	movw	r30, r18
    537e:	e8 5b       	subi	r30, 0xB8	; 184
    5380:	fe 4f       	sbci	r31, 0xFE	; 254
    5382:	d4 91       	lpm	r29, Z
    5384:	f9 01       	movw	r30, r18
    5386:	e4 5a       	subi	r30, 0xA4	; 164
    5388:	fe 4f       	sbci	r31, 0xFE	; 254
    538a:	c4 91       	lpm	r28, Z
    538c:	cc 23       	and	r28, r28
    538e:	91 f0       	breq	.+36     	; 0x53b4 <digitalRead+0x48>
    5390:	81 11       	cpse	r24, r1
    5392:	0e 94 22 29 	call	0x5244	; 0x5244 <turnOffPWM>
    5396:	ec 2f       	mov	r30, r28
    5398:	f0 e0       	ldi	r31, 0x00	; 0
    539a:	ee 0f       	add	r30, r30
    539c:	ff 1f       	adc	r31, r31
    539e:	e0 59       	subi	r30, 0x90	; 144
    53a0:	fe 4f       	sbci	r31, 0xFE	; 254
    53a2:	a5 91       	lpm	r26, Z+
    53a4:	b4 91       	lpm	r27, Z
    53a6:	ec 91       	ld	r30, X
    53a8:	ed 23       	and	r30, r29
    53aa:	81 e0       	ldi	r24, 0x01	; 1
    53ac:	90 e0       	ldi	r25, 0x00	; 0
    53ae:	21 f4       	brne	.+8      	; 0x53b8 <digitalRead+0x4c>
    53b0:	80 e0       	ldi	r24, 0x00	; 0
    53b2:	02 c0       	rjmp	.+4      	; 0x53b8 <digitalRead+0x4c>
    53b4:	80 e0       	ldi	r24, 0x00	; 0
    53b6:	90 e0       	ldi	r25, 0x00	; 0
    53b8:	df 91       	pop	r29
    53ba:	cf 91       	pop	r28
    53bc:	08 95       	ret

000053be <_ZN6SI4735C1Ev>:
    53be:	fc 01       	movw	r30, r24
    53c0:	e6 57       	subi	r30, 0x76	; 118
    53c2:	ff 4f       	sbci	r31, 0xFF	; 255
    53c4:	10 82       	st	Z, r1
    53c6:	31 96       	adiw	r30, 0x01	; 1
    53c8:	10 82       	st	Z, r1
    53ca:	31 96       	adiw	r30, 0x01	; 1
    53cc:	21 e1       	ldi	r18, 0x11	; 17
    53ce:	30 e0       	ldi	r19, 0x00	; 0
    53d0:	31 83       	std	Z+1, r19	; 0x01
    53d2:	20 83       	st	Z, r18
    53d4:	32 96       	adiw	r30, 0x02	; 2
    53d6:	2e e1       	ldi	r18, 0x1E	; 30
    53d8:	30 e0       	ldi	r19, 0x00	; 0
    53da:	31 83       	std	Z+1, r19	; 0x01
    53dc:	20 83       	st	Z, r18
    53de:	32 96       	adiw	r30, 0x02	; 2
    53e0:	2a e0       	ldi	r18, 0x0A	; 10
    53e2:	30 e0       	ldi	r19, 0x00	; 0
    53e4:	31 83       	std	Z+1, r19	; 0x01
    53e6:	20 83       	st	Z, r18
    53e8:	32 96       	adiw	r30, 0x02	; 2
    53ea:	40 e4       	ldi	r20, 0x40	; 64
    53ec:	5f e1       	ldi	r21, 0x1F	; 31
    53ee:	60 e0       	ldi	r22, 0x00	; 0
    53f0:	70 e0       	ldi	r23, 0x00	; 0
    53f2:	40 83       	st	Z, r20
    53f4:	51 83       	std	Z+1, r21	; 0x01
    53f6:	62 83       	std	Z+2, r22	; 0x02
    53f8:	73 83       	std	Z+3, r23	; 0x03
    53fa:	3f 96       	adiw	r30, 0x0f	; 15
    53fc:	2f ef       	ldi	r18, 0xFF	; 255
    53fe:	20 83       	st	Z, r18
    5400:	31 96       	adiw	r30, 0x01	; 1
    5402:	34 e2       	ldi	r19, 0x24	; 36
    5404:	30 83       	st	Z, r19
    5406:	31 96       	adiw	r30, 0x01	; 1
    5408:	31 e0       	ldi	r19, 0x01	; 1
    540a:	30 83       	st	Z, r19
    540c:	31 96       	adiw	r30, 0x01	; 1
    540e:	10 82       	st	Z, r1
    5410:	31 96       	adiw	r30, 0x01	; 1
    5412:	10 82       	st	Z, r1
    5414:	31 96       	adiw	r30, 0x01	; 1
    5416:	40 e0       	ldi	r20, 0x00	; 0
    5418:	50 e8       	ldi	r21, 0x80	; 128
    541a:	51 83       	std	Z+1, r21	; 0x01
    541c:	40 83       	st	Z, r20
    541e:	32 96       	adiw	r30, 0x02	; 2
    5420:	41 e0       	ldi	r20, 0x01	; 1
    5422:	50 e0       	ldi	r21, 0x00	; 0
    5424:	51 83       	std	Z+1, r21	; 0x01
    5426:	40 83       	st	Z, r20
    5428:	32 96       	adiw	r30, 0x02	; 2
    542a:	10 82       	st	Z, r1
    542c:	f5 96       	adiw	r30, 0x35	; 53
    542e:	30 e2       	ldi	r19, 0x20	; 32
    5430:	30 83       	st	Z, r19
    5432:	31 96       	adiw	r30, 0x01	; 1
    5434:	35 e0       	ldi	r19, 0x05	; 5
    5436:	30 83       	st	Z, r19
    5438:	32 96       	adiw	r30, 0x02	; 2
    543a:	20 83       	st	Z, r18
    543c:	31 97       	sbiw	r30, 0x01	; 1
    543e:	10 82       	st	Z, r1
    5440:	08 95       	ret

00005442 <_ZN6SI47355resetEv>:
    5442:	cf 93       	push	r28
    5444:	df 93       	push	r29
    5446:	ec 01       	movw	r28, r24
    5448:	c9 56       	subi	r28, 0x69	; 105
    544a:	df 4f       	sbci	r29, 0xFF	; 255
    544c:	61 e0       	ldi	r22, 0x01	; 1
    544e:	88 81       	ld	r24, Y
    5450:	0e 94 4b 29 	call	0x5296	; 0x5296 <pinMode>
    5454:	6a e0       	ldi	r22, 0x0A	; 10
    5456:	70 e0       	ldi	r23, 0x00	; 0
    5458:	80 e0       	ldi	r24, 0x00	; 0
    545a:	90 e0       	ldi	r25, 0x00	; 0
    545c:	0e 94 a0 28 	call	0x5140	; 0x5140 <delay>
    5460:	60 e0       	ldi	r22, 0x00	; 0
    5462:	88 81       	ld	r24, Y
    5464:	0e 94 87 29 	call	0x530e	; 0x530e <digitalWrite>
    5468:	6a e0       	ldi	r22, 0x0A	; 10
    546a:	70 e0       	ldi	r23, 0x00	; 0
    546c:	80 e0       	ldi	r24, 0x00	; 0
    546e:	90 e0       	ldi	r25, 0x00	; 0
    5470:	0e 94 a0 28 	call	0x5140	; 0x5140 <delay>
    5474:	61 e0       	ldi	r22, 0x01	; 1
    5476:	88 81       	ld	r24, Y
    5478:	0e 94 87 29 	call	0x530e	; 0x530e <digitalWrite>
    547c:	6a e0       	ldi	r22, 0x0A	; 10
    547e:	70 e0       	ldi	r23, 0x00	; 0
    5480:	80 e0       	ldi	r24, 0x00	; 0
    5482:	90 e0       	ldi	r25, 0x00	; 0
    5484:	df 91       	pop	r29
    5486:	cf 91       	pop	r28
    5488:	0c 94 a0 28 	jmp	0x5140	; 0x5140 <delay>

0000548c <_ZN6SI473510setPowerUpEhhhhhh>:
    548c:	cf 92       	push	r12
    548e:	ef 92       	push	r14
    5490:	0f 93       	push	r16
    5492:	cf 93       	push	r28
    5494:	df 93       	push	r29
    5496:	fc 01       	movw	r30, r24
    5498:	dc 01       	movw	r26, r24
    549a:	a3 52       	subi	r26, 0x23	; 35
    549c:	bf 4f       	sbci	r27, 0xFF	; 255
    549e:	9c 91       	ld	r25, X
    54a0:	60 fb       	bst	r22, 0
    54a2:	97 f9       	bld	r25, 7
    54a4:	40 fb       	bst	r20, 0
    54a6:	96 f9       	bld	r25, 6
    54a8:	20 fb       	bst	r18, 0
    54aa:	95 f9       	bld	r25, 5
    54ac:	00 fb       	bst	r16, 0
    54ae:	94 f9       	bld	r25, 4
    54b0:	8e 2d       	mov	r24, r14
    54b2:	8f 70       	andi	r24, 0x0F	; 15
    54b4:	90 7f       	andi	r25, 0xF0	; 240
    54b6:	98 2b       	or	r25, r24
    54b8:	9c 93       	st	X, r25
    54ba:	11 96       	adiw	r26, 0x01	; 1
    54bc:	cc 92       	st	X, r12
    54be:	db 97       	sbiw	r26, 0x3b	; 59
    54c0:	0c 93       	st	X, r16
    54c2:	ef 01       	movw	r28, r30
    54c4:	c8 56       	subi	r28, 0x68	; 104
    54c6:	df 4f       	sbci	r29, 0xFF	; 255
    54c8:	1a 96       	adiw	r26, 0x0a	; 10
    54ca:	e1 10       	cpse	r14, r1
    54cc:	05 c0       	rjmp	.+10     	; 0x54d8 <_ZN6SI473510setPowerUpEhhhhhh+0x4c>
    54ce:	80 e2       	ldi	r24, 0x20	; 32
    54d0:	88 83       	st	Y, r24
    54d2:	8c 91       	ld	r24, X
    54d4:	82 60       	ori	r24, 0x02	; 2
    54d6:	04 c0       	rjmp	.+8      	; 0x54e0 <_ZN6SI473510setPowerUpEhhhhhh+0x54>
    54d8:	80 e4       	ldi	r24, 0x40	; 64
    54da:	88 83       	st	Y, r24
    54dc:	8c 91       	ld	r24, X
    54de:	8d 7f       	andi	r24, 0xFD	; 253
    54e0:	8c 93       	st	X, r24
    54e2:	8c 91       	ld	r24, X
    54e4:	81 60       	ori	r24, 0x01	; 1
    54e6:	83 7c       	andi	r24, 0xC3	; 195
    54e8:	8c 93       	st	X, r24
    54ea:	df 01       	movw	r26, r30
    54ec:	a0 55       	subi	r26, 0x50	; 80
    54ee:	bf 4f       	sbci	r27, 0xFF	; 255
    54f0:	1c 92       	st	X, r1
    54f2:	ef 54       	subi	r30, 0x4F	; 79
    54f4:	ff 4f       	sbci	r31, 0xFF	; 255
    54f6:	81 e0       	ldi	r24, 0x01	; 1
    54f8:	80 83       	st	Z, r24
    54fa:	df 91       	pop	r29
    54fc:	cf 91       	pop	r28
    54fe:	0f 91       	pop	r16
    5500:	ef 90       	pop	r14
    5502:	cf 90       	pop	r12
    5504:	08 95       	ret

00005506 <_ZN6SI473514disableFmDebugEv>:
    5506:	84 57       	subi	r24, 0x74	; 116
    5508:	9f 4f       	sbci	r25, 0xFF	; 255
    550a:	fc 01       	movw	r30, r24
    550c:	60 81       	ld	r22, Z
    550e:	71 81       	ldd	r23, Z+1	; 0x01
    5510:	83 ed       	ldi	r24, 0xD3	; 211
    5512:	96 e0       	ldi	r25, 0x06	; 6
    5514:	0e 94 16 34 	call	0x682c	; 0x682c <_ZN7TwoWire17beginTransmissionEi>
    5518:	62 e1       	ldi	r22, 0x12	; 18
    551a:	70 e0       	ldi	r23, 0x00	; 0
    551c:	83 ed       	ldi	r24, 0xD3	; 211
    551e:	96 e0       	ldi	r25, 0x06	; 6
    5520:	0e 94 a8 09 	call	0x1350	; 0x1350 <_ZN7TwoWire5writeEi>
    5524:	60 e0       	ldi	r22, 0x00	; 0
    5526:	70 e0       	ldi	r23, 0x00	; 0
    5528:	83 ed       	ldi	r24, 0xD3	; 211
    552a:	96 e0       	ldi	r25, 0x06	; 6
    552c:	0e 94 a8 09 	call	0x1350	; 0x1350 <_ZN7TwoWire5writeEi>
    5530:	6f ef       	ldi	r22, 0xFF	; 255
    5532:	70 e0       	ldi	r23, 0x00	; 0
    5534:	83 ed       	ldi	r24, 0xD3	; 211
    5536:	96 e0       	ldi	r25, 0x06	; 6
    5538:	0e 94 a8 09 	call	0x1350	; 0x1350 <_ZN7TwoWire5writeEi>
    553c:	60 e0       	ldi	r22, 0x00	; 0
    553e:	70 e0       	ldi	r23, 0x00	; 0
    5540:	83 ed       	ldi	r24, 0xD3	; 211
    5542:	96 e0       	ldi	r25, 0x06	; 6
    5544:	0e 94 a8 09 	call	0x1350	; 0x1350 <_ZN7TwoWire5writeEi>
    5548:	60 e0       	ldi	r22, 0x00	; 0
    554a:	70 e0       	ldi	r23, 0x00	; 0
    554c:	83 ed       	ldi	r24, 0xD3	; 211
    554e:	96 e0       	ldi	r25, 0x06	; 6
    5550:	0e 94 a8 09 	call	0x1350	; 0x1350 <_ZN7TwoWire5writeEi>
    5554:	60 e0       	ldi	r22, 0x00	; 0
    5556:	70 e0       	ldi	r23, 0x00	; 0
    5558:	83 ed       	ldi	r24, 0xD3	; 211
    555a:	96 e0       	ldi	r25, 0x06	; 6
    555c:	0e 94 a8 09 	call	0x1350	; 0x1350 <_ZN7TwoWire5writeEi>
    5560:	83 ed       	ldi	r24, 0xD3	; 211
    5562:	96 e0       	ldi	r25, 0x06	; 6
    5564:	0e 94 94 34 	call	0x6928	; 0x6928 <_ZN7TwoWire15endTransmissionEv>
    5568:	84 ec       	ldi	r24, 0xC4	; 196
    556a:	99 e0       	ldi	r25, 0x09	; 9
    556c:	0c 94 dc 28 	jmp	0x51b8	; 0x51b8 <delayMicroseconds>

00005570 <_ZN6SI473516clearRdsBuffer2AEv>:
    5570:	fc 01       	movw	r30, r24
    5572:	9c 01       	movw	r18, r24
    5574:	2f 5b       	subi	r18, 0xBF	; 191
    5576:	3f 4f       	sbci	r19, 0xFF	; 255
    5578:	40 e2       	ldi	r20, 0x20	; 32
    557a:	41 93       	st	Z+, r20
    557c:	e2 17       	cp	r30, r18
    557e:	f3 07       	cpc	r31, r19
    5580:	e1 f7       	brne	.-8      	; 0x557a <_ZN6SI473516clearRdsBuffer2AEv+0xa>
    5582:	fc 01       	movw	r30, r24
    5584:	e0 5c       	subi	r30, 0xC0	; 192
    5586:	ff 4f       	sbci	r31, 0xFF	; 255
    5588:	10 82       	st	Z, r1
    558a:	08 95       	ret

0000558c <_ZN6SI473516clearRdsBuffer2BEv>:
    558c:	fc 01       	movw	r30, r24
    558e:	ef 5b       	subi	r30, 0xBF	; 191
    5590:	ff 4f       	sbci	r31, 0xFF	; 255
    5592:	9c 01       	movw	r18, r24
    5594:	2e 59       	subi	r18, 0x9E	; 158
    5596:	3f 4f       	sbci	r19, 0xFF	; 255
    5598:	40 e2       	ldi	r20, 0x20	; 32
    559a:	41 93       	st	Z+, r20
    559c:	e2 17       	cp	r30, r18
    559e:	f3 07       	cpc	r31, r19
    55a0:	e1 f7       	brne	.-8      	; 0x559a <_ZN6SI473516clearRdsBuffer2BEv+0xe>
    55a2:	fc 01       	movw	r30, r24
    55a4:	ef 59       	subi	r30, 0x9F	; 159
    55a6:	ff 4f       	sbci	r31, 0xFF	; 255
    55a8:	10 82       	st	Z, r1
    55aa:	08 95       	ret

000055ac <_ZN6SI473516clearRdsBuffer0AEv>:
    55ac:	fc 01       	movw	r30, r24
    55ae:	ee 59       	subi	r30, 0x9E	; 158
    55b0:	ff 4f       	sbci	r31, 0xFF	; 255
    55b2:	9c 01       	movw	r18, r24
    55b4:	25 59       	subi	r18, 0x95	; 149
    55b6:	3f 4f       	sbci	r19, 0xFF	; 255
    55b8:	40 e2       	ldi	r20, 0x20	; 32
    55ba:	41 93       	st	Z+, r20
    55bc:	e2 17       	cp	r30, r18
    55be:	f3 07       	cpc	r31, r19
    55c0:	e1 f7       	brne	.-8      	; 0x55ba <_ZN6SI473516clearRdsBuffer0AEv+0xe>
    55c2:	fc 01       	movw	r30, r24
    55c4:	e6 59       	subi	r30, 0x96	; 150
    55c6:	ff 4f       	sbci	r31, 0xFF	; 255
    55c8:	10 82       	st	Z, r1
    55ca:	08 95       	ret

000055cc <_ZN6SI47357RdsInitEv>:
    55cc:	cf 93       	push	r28
    55ce:	df 93       	push	r29
    55d0:	ec 01       	movw	r28, r24
    55d2:	0e 94 b8 2a 	call	0x5570	; 0x5570 <_ZN6SI473516clearRdsBuffer2AEv>
    55d6:	ce 01       	movw	r24, r28
    55d8:	0e 94 c6 2a 	call	0x558c	; 0x558c <_ZN6SI473516clearRdsBuffer2BEv>
    55dc:	ce 01       	movw	r24, r28
    55de:	0e 94 d6 2a 	call	0x55ac	; 0x55ac <_ZN6SI473516clearRdsBuffer0AEv>
    55e2:	fe 01       	movw	r30, r28
    55e4:	e8 57       	subi	r30, 0x78	; 120
    55e6:	ff 4f       	sbci	r31, 0xFF	; 255
    55e8:	11 82       	std	Z+1, r1	; 0x01
    55ea:	10 82       	st	Z, r1
    55ec:	3e 96       	adiw	r30, 0x0e	; 14
    55ee:	10 82       	st	Z, r1
    55f0:	70 97       	sbiw	r30, 0x10	; 16
    55f2:	11 82       	std	Z+1, r1	; 0x01
    55f4:	10 82       	st	Z, r1
    55f6:	cc 57       	subi	r28, 0x7C	; 124
    55f8:	df 4f       	sbci	r29, 0xFF	; 255
    55fa:	19 82       	std	Y+1, r1	; 0x01
    55fc:	18 82       	st	Y, r1
    55fe:	df 91       	pop	r29
    5600:	cf 91       	pop	r28
    5602:	08 95       	ret

00005604 <_ZN6SI473513getNext2BlockEPc>:
    5604:	cf 92       	push	r12
    5606:	df 92       	push	r13
    5608:	ef 92       	push	r14
    560a:	ff 92       	push	r15
    560c:	0f 93       	push	r16
    560e:	1f 93       	push	r17
    5610:	cf 93       	push	r28
    5612:	df 93       	push	r29
    5614:	00 d0       	rcall	.+0      	; 0x5616 <_ZN6SI473513getNext2BlockEPc+0x12>
    5616:	cd b7       	in	r28, 0x3d	; 61
    5618:	de b7       	in	r29, 0x3e	; 62
    561a:	fc 01       	movw	r30, r24
    561c:	ea 52       	subi	r30, 0x2A	; 42
    561e:	ff 4f       	sbci	r31, 0xFF	; 255
    5620:	20 81       	ld	r18, Z
    5622:	2a 83       	std	Y+2, r18	; 0x02
    5624:	31 97       	sbiw	r30, 0x01	; 1
    5626:	20 81       	ld	r18, Z
    5628:	29 83       	std	Y+1, r18	; 0x01
    562a:	9e 01       	movw	r18, r28
    562c:	2f 5f       	subi	r18, 0xFF	; 255
    562e:	3f 4f       	sbci	r19, 0xFF	; 255
    5630:	69 01       	movw	r12, r18
    5632:	fb 01       	movw	r30, r22
    5634:	8b 01       	movw	r16, r22
    5636:	0e 5f       	subi	r16, 0xFE	; 254
    5638:	1f 4f       	sbci	r17, 0xFF	; 255
    563a:	20 e0       	ldi	r18, 0x00	; 0
    563c:	30 e0       	ldi	r19, 0x00	; 0
    563e:	50 e2       	ldi	r21, 0x20	; 32
    5640:	d6 01       	movw	r26, r12
    5642:	4d 91       	ld	r20, X+
    5644:	6d 01       	movw	r12, r26
    5646:	4d 30       	cpi	r20, 0x0D	; 13
    5648:	51 f4       	brne	.+20     	; 0x565e <_ZN6SI473513getNext2BlockEPc+0x5a>
    564a:	fc 01       	movw	r30, r24
    564c:	e5 57       	subi	r30, 0x75	; 117
    564e:	ff 4f       	sbci	r31, 0xFF	; 255
    5650:	41 e0       	ldi	r20, 0x01	; 1
    5652:	40 83       	st	Z, r20
    5654:	fb 01       	movw	r30, r22
    5656:	e2 0f       	add	r30, r18
    5658:	f3 1f       	adc	r31, r19
    565a:	10 82       	st	Z, r1
    565c:	11 c0       	rjmp	.+34     	; 0x5680 <_ZN6SI473513getNext2BlockEPc+0x7c>
    565e:	4a 30       	cpi	r20, 0x0A	; 10
    5660:	a1 f3       	breq	.-24     	; 0x564a <_ZN6SI473513getNext2BlockEPc+0x46>
    5662:	40 32       	cpi	r20, 0x20	; 32
    5664:	40 f0       	brcs	.+16     	; 0x5676 <_ZN6SI473513getNext2BlockEPc+0x72>
    5666:	7b 01       	movw	r14, r22
    5668:	e2 0e       	add	r14, r18
    566a:	f3 1e       	adc	r15, r19
    566c:	d7 01       	movw	r26, r14
    566e:	4c 93       	st	X, r20
    5670:	2f 5f       	subi	r18, 0xFF	; 255
    5672:	3f 4f       	sbci	r19, 0xFF	; 255
    5674:	01 c0       	rjmp	.+2      	; 0x5678 <_ZN6SI473513getNext2BlockEPc+0x74>
    5676:	50 83       	st	Z, r21
    5678:	31 96       	adiw	r30, 0x01	; 1
    567a:	e0 17       	cp	r30, r16
    567c:	f1 07       	cpc	r31, r17
    567e:	01 f7       	brne	.-64     	; 0x5640 <_ZN6SI473513getNext2BlockEPc+0x3c>
    5680:	0f 90       	pop	r0
    5682:	0f 90       	pop	r0
    5684:	df 91       	pop	r29
    5686:	cf 91       	pop	r28
    5688:	1f 91       	pop	r17
    568a:	0f 91       	pop	r16
    568c:	ff 90       	pop	r15
    568e:	ef 90       	pop	r14
    5690:	df 90       	pop	r13
    5692:	cf 90       	pop	r12
    5694:	08 95       	ret

00005696 <_ZN6SI473513getNext4BlockEPc>:
    5696:	cf 92       	push	r12
    5698:	df 92       	push	r13
    569a:	ef 92       	push	r14
    569c:	ff 92       	push	r15
    569e:	0f 93       	push	r16
    56a0:	1f 93       	push	r17
    56a2:	cf 93       	push	r28
    56a4:	df 93       	push	r29
    56a6:	00 d0       	rcall	.+0      	; 0x56a8 <_ZN6SI473513getNext4BlockEPc+0x12>
    56a8:	00 d0       	rcall	.+0      	; 0x56aa <_ZN6SI473513getNext4BlockEPc+0x14>
    56aa:	cd b7       	in	r28, 0x3d	; 61
    56ac:	de b7       	in	r29, 0x3e	; 62
    56ae:	fc 01       	movw	r30, r24
    56b0:	ed 52       	subi	r30, 0x2D	; 45
    56b2:	ff 4f       	sbci	r31, 0xFF	; 255
    56b4:	20 81       	ld	r18, Z
    56b6:	29 83       	std	Y+1, r18	; 0x01
    56b8:	31 96       	adiw	r30, 0x01	; 1
    56ba:	20 81       	ld	r18, Z
    56bc:	2a 83       	std	Y+2, r18	; 0x02
    56be:	31 96       	adiw	r30, 0x01	; 1
    56c0:	20 81       	ld	r18, Z
    56c2:	2b 83       	std	Y+3, r18	; 0x03
    56c4:	31 96       	adiw	r30, 0x01	; 1
    56c6:	20 81       	ld	r18, Z
    56c8:	2c 83       	std	Y+4, r18	; 0x04
    56ca:	9e 01       	movw	r18, r28
    56cc:	2f 5f       	subi	r18, 0xFF	; 255
    56ce:	3f 4f       	sbci	r19, 0xFF	; 255
    56d0:	69 01       	movw	r12, r18
    56d2:	fb 01       	movw	r30, r22
    56d4:	ab 01       	movw	r20, r22
    56d6:	4c 5f       	subi	r20, 0xFC	; 252
    56d8:	5f 4f       	sbci	r21, 0xFF	; 255
    56da:	e1 2c       	mov	r14, r1
    56dc:	f1 2c       	mov	r15, r1
    56de:	30 e2       	ldi	r19, 0x20	; 32
    56e0:	d6 01       	movw	r26, r12
    56e2:	2d 91       	ld	r18, X+
    56e4:	6d 01       	movw	r12, r26
    56e6:	2d 30       	cpi	r18, 0x0D	; 13
    56e8:	51 f4       	brne	.+20     	; 0x56fe <_ZN6SI473513getNext4BlockEPc+0x68>
    56ea:	fc 01       	movw	r30, r24
    56ec:	e6 57       	subi	r30, 0x76	; 118
    56ee:	ff 4f       	sbci	r31, 0xFF	; 255
    56f0:	21 e0       	ldi	r18, 0x01	; 1
    56f2:	20 83       	st	Z, r18
    56f4:	fb 01       	movw	r30, r22
    56f6:	ee 0d       	add	r30, r14
    56f8:	ff 1d       	adc	r31, r15
    56fa:	10 82       	st	Z, r1
    56fc:	12 c0       	rjmp	.+36     	; 0x5722 <_ZN6SI473513getNext4BlockEPc+0x8c>
    56fe:	2a 30       	cpi	r18, 0x0A	; 10
    5700:	a1 f3       	breq	.-24     	; 0x56ea <_ZN6SI473513getNext4BlockEPc+0x54>
    5702:	20 32       	cpi	r18, 0x20	; 32
    5704:	48 f0       	brcs	.+18     	; 0x5718 <_ZN6SI473513getNext4BlockEPc+0x82>
    5706:	8b 01       	movw	r16, r22
    5708:	0e 0d       	add	r16, r14
    570a:	1f 1d       	adc	r17, r15
    570c:	d8 01       	movw	r26, r16
    570e:	2c 93       	st	X, r18
    5710:	bf ef       	ldi	r27, 0xFF	; 255
    5712:	eb 1a       	sub	r14, r27
    5714:	fb 0a       	sbc	r15, r27
    5716:	01 c0       	rjmp	.+2      	; 0x571a <_ZN6SI473513getNext4BlockEPc+0x84>
    5718:	30 83       	st	Z, r19
    571a:	31 96       	adiw	r30, 0x01	; 1
    571c:	e4 17       	cp	r30, r20
    571e:	f5 07       	cpc	r31, r21
    5720:	f9 f6       	brne	.-66     	; 0x56e0 <_ZN6SI473513getNext4BlockEPc+0x4a>
    5722:	0f 90       	pop	r0
    5724:	0f 90       	pop	r0
    5726:	0f 90       	pop	r0
    5728:	0f 90       	pop	r0
    572a:	df 91       	pop	r29
    572c:	cf 91       	pop	r28
    572e:	1f 91       	pop	r17
    5730:	0f 91       	pop	r16
    5732:	ff 90       	pop	r15
    5734:	ef 90       	pop	r14
    5736:	df 90       	pop	r13
    5738:	cf 90       	pop	r12
    573a:	08 95       	ret

0000573c <_ZN6SI473512getRdsText0AEv>:
    573c:	cf 93       	push	r28
    573e:	df 93       	push	r29
    5740:	fc 01       	movw	r30, r24
    5742:	e4 53       	subi	r30, 0x34	; 52
    5744:	ff 4f       	sbci	r31, 0xFF	; 255
    5746:	20 81       	ld	r18, Z
    5748:	20 fd       	sbrc	r18, 0
    574a:	03 c0       	rjmp	.+6      	; 0x5752 <_ZN6SI473512getRdsText0AEv+0x16>
    574c:	80 e0       	ldi	r24, 0x00	; 0
    574e:	90 e0       	ldi	r25, 0x00	; 0
    5750:	20 c0       	rjmp	.+64     	; 0x5792 <_ZN6SI473512getRdsText0AEv+0x56>
    5752:	fc 01       	movw	r30, r24
    5754:	ef 52       	subi	r30, 0x2F	; 47
    5756:	ff 4f       	sbci	r31, 0xFF	; 255
    5758:	20 81       	ld	r18, Z
    575a:	22 95       	swap	r18
    575c:	2f 70       	andi	r18, 0x0F	; 15
    575e:	b1 f7       	brne	.-20     	; 0x574c <_ZN6SI473512getRdsText0AEv+0x10>
    5760:	ec 01       	movw	r28, r24
    5762:	31 96       	adiw	r30, 0x01	; 1
    5764:	60 81       	ld	r22, Z
    5766:	63 70       	andi	r22, 0x03	; 3
    5768:	ea 54       	subi	r30, 0x4A	; 74
    576a:	f1 09       	sbc	r31, r1
    576c:	70 e0       	ldi	r23, 0x00	; 0
    576e:	71 83       	std	Z+1, r23	; 0x01
    5770:	60 83       	st	Z, r22
    5772:	66 0f       	add	r22, r22
    5774:	77 1f       	adc	r23, r23
    5776:	6e 59       	subi	r22, 0x9E	; 158
    5778:	7f 4f       	sbci	r23, 0xFF	; 255
    577a:	6c 0f       	add	r22, r28
    577c:	7d 1f       	adc	r23, r29
    577e:	ce 01       	movw	r24, r28
    5780:	0e 94 02 2b 	call	0x5604	; 0x5604 <_ZN6SI473513getNext2BlockEPc>
    5784:	fe 01       	movw	r30, r28
    5786:	e6 59       	subi	r30, 0x96	; 150
    5788:	ff 4f       	sbci	r31, 0xFF	; 255
    578a:	10 82       	st	Z, r1
    578c:	ce 01       	movw	r24, r28
    578e:	8e 59       	subi	r24, 0x9E	; 158
    5790:	9f 4f       	sbci	r25, 0xFF	; 255
    5792:	df 91       	pop	r29
    5794:	cf 91       	pop	r28
    5796:	08 95       	ret

00005798 <_ZN6SI473512getRdsText2AEv>:
    5798:	cf 93       	push	r28
    579a:	df 93       	push	r29
    579c:	fc 01       	movw	r30, r24
    579e:	e4 53       	subi	r30, 0x34	; 52
    57a0:	ff 4f       	sbci	r31, 0xFF	; 255
    57a2:	20 81       	ld	r18, Z
    57a4:	20 fd       	sbrc	r18, 0
    57a6:	03 c0       	rjmp	.+6      	; 0x57ae <_ZN6SI473512getRdsText2AEv+0x16>
    57a8:	80 e0       	ldi	r24, 0x00	; 0
    57aa:	90 e0       	ldi	r25, 0x00	; 0
    57ac:	1c c0       	rjmp	.+56     	; 0x57e6 <_ZN6SI473512getRdsText2AEv+0x4e>
    57ae:	fc 01       	movw	r30, r24
    57b0:	ef 52       	subi	r30, 0x2F	; 47
    57b2:	ff 4f       	sbci	r31, 0xFF	; 255
    57b4:	20 81       	ld	r18, Z
    57b6:	22 95       	swap	r18
    57b8:	2f 70       	andi	r18, 0x0F	; 15
    57ba:	22 30       	cpi	r18, 0x02	; 2
    57bc:	a9 f7       	brne	.-22     	; 0x57a8 <_ZN6SI473512getRdsText2AEv+0x10>
    57be:	ec 01       	movw	r28, r24
    57c0:	31 96       	adiw	r30, 0x01	; 1
    57c2:	60 81       	ld	r22, Z
    57c4:	6f 70       	andi	r22, 0x0F	; 15
    57c6:	ee 54       	subi	r30, 0x4E	; 78
    57c8:	f1 09       	sbc	r31, r1
    57ca:	70 e0       	ldi	r23, 0x00	; 0
    57cc:	71 83       	std	Z+1, r23	; 0x01
    57ce:	60 83       	st	Z, r22
    57d0:	66 0f       	add	r22, r22
    57d2:	77 1f       	adc	r23, r23
    57d4:	66 0f       	add	r22, r22
    57d6:	77 1f       	adc	r23, r23
    57d8:	6c 0f       	add	r22, r28
    57da:	7d 1f       	adc	r23, r29
    57dc:	ce 01       	movw	r24, r28
    57de:	0e 94 4b 2b 	call	0x5696	; 0x5696 <_ZN6SI473513getNext4BlockEPc>
    57e2:	1f ae       	std	Y+63, r1	; 0x3f
    57e4:	ce 01       	movw	r24, r28
    57e6:	df 91       	pop	r29
    57e8:	cf 91       	pop	r28
    57ea:	08 95       	ret

000057ec <_ZN6SI473512mjdConverterEmPmS0_S0_>:
    57ec:	4f 92       	push	r4
    57ee:	5f 92       	push	r5
    57f0:	6f 92       	push	r6
    57f2:	7f 92       	push	r7
    57f4:	8f 92       	push	r8
    57f6:	9f 92       	push	r9
    57f8:	af 92       	push	r10
    57fa:	bf 92       	push	r11
    57fc:	cf 92       	push	r12
    57fe:	df 92       	push	r13
    5800:	ef 92       	push	r14
    5802:	ff 92       	push	r15
    5804:	0f 93       	push	r16
    5806:	1f 93       	push	r17
    5808:	cf 93       	push	r28
    580a:	df 93       	push	r29
    580c:	e9 01       	movw	r28, r18
    580e:	57 01       	movw	r10, r14
    5810:	6a 01       	movw	r12, r20
    5812:	7b 01       	movw	r14, r22
    5814:	2a ed       	ldi	r18, 0xDA	; 218
    5816:	c2 0e       	add	r12, r18
    5818:	2a ea       	ldi	r18, 0xAA	; 170
    581a:	d2 1e       	adc	r13, r18
    581c:	25 e2       	ldi	r18, 0x25	; 37
    581e:	e2 1e       	adc	r14, r18
    5820:	f1 1c       	adc	r15, r1
    5822:	c7 01       	movw	r24, r14
    5824:	b6 01       	movw	r22, r12
    5826:	22 e0       	ldi	r18, 0x02	; 2
    5828:	66 0f       	add	r22, r22
    582a:	77 1f       	adc	r23, r23
    582c:	88 1f       	adc	r24, r24
    582e:	99 1f       	adc	r25, r25
    5830:	2a 95       	dec	r18
    5832:	d1 f7       	brne	.-12     	; 0x5828 <_ZN6SI473512mjdConverterEmPmS0_S0_+0x3c>
    5834:	21 eb       	ldi	r18, 0xB1	; 177
    5836:	3a e3       	ldi	r19, 0x3A	; 58
    5838:	42 e0       	ldi	r20, 0x02	; 2
    583a:	50 e0       	ldi	r21, 0x00	; 0
    583c:	0e 94 ab 38 	call	0x7156	; 0x7156 <__udivmodsi4>
    5840:	29 01       	movw	r4, r18
    5842:	3a 01       	movw	r6, r20
    5844:	61 eb       	ldi	r22, 0xB1	; 177
    5846:	7a e3       	ldi	r23, 0x3A	; 58
    5848:	82 e0       	ldi	r24, 0x02	; 2
    584a:	90 e0       	ldi	r25, 0x00	; 0
    584c:	0e 94 67 38 	call	0x70ce	; 0x70ce <__mulsi3>
    5850:	dc 01       	movw	r26, r24
    5852:	cb 01       	movw	r24, r22
    5854:	03 96       	adiw	r24, 0x03	; 3
    5856:	a1 1d       	adc	r26, r1
    5858:	b1 1d       	adc	r27, r1
    585a:	32 e0       	ldi	r19, 0x02	; 2
    585c:	b6 95       	lsr	r27
    585e:	a7 95       	ror	r26
    5860:	97 95       	ror	r25
    5862:	87 95       	ror	r24
    5864:	3a 95       	dec	r19
    5866:	d1 f7       	brne	.-12     	; 0x585c <_ZN6SI473512mjdConverterEmPmS0_S0_+0x70>
    5868:	c8 1a       	sub	r12, r24
    586a:	d9 0a       	sbc	r13, r25
    586c:	ea 0a       	sbc	r14, r26
    586e:	fb 0a       	sbc	r15, r27
    5870:	a7 01       	movw	r20, r14
    5872:	96 01       	movw	r18, r12
    5874:	2f 5f       	subi	r18, 0xFF	; 255
    5876:	3f 4f       	sbci	r19, 0xFF	; 255
    5878:	4f 4f       	sbci	r20, 0xFF	; 255
    587a:	5f 4f       	sbci	r21, 0xFF	; 255
    587c:	a0 ea       	ldi	r26, 0xA0	; 160
    587e:	bf e0       	ldi	r27, 0x0F	; 15
    5880:	0e 94 cd 38 	call	0x719a	; 0x719a <__muluhisi3>
    5884:	29 e0       	ldi	r18, 0x09	; 9
    5886:	3b e4       	ldi	r19, 0x4B	; 75
    5888:	46 e1       	ldi	r20, 0x16	; 22
    588a:	50 e0       	ldi	r21, 0x00	; 0
    588c:	0e 94 ab 38 	call	0x7156	; 0x7156 <__udivmodsi4>
    5890:	28 83       	st	Y, r18
    5892:	39 83       	std	Y+1, r19	; 0x01
    5894:	4a 83       	std	Y+2, r20	; 0x02
    5896:	5b 83       	std	Y+3, r21	; 0x03
    5898:	8f e1       	ldi	r24, 0x1F	; 31
    589a:	c8 0e       	add	r12, r24
    589c:	d1 1c       	adc	r13, r1
    589e:	e1 1c       	adc	r14, r1
    58a0:	f1 1c       	adc	r15, r1
    58a2:	a5 eb       	ldi	r26, 0xB5	; 181
    58a4:	b5 e0       	ldi	r27, 0x05	; 5
    58a6:	0e 94 cd 38 	call	0x719a	; 0x719a <__muluhisi3>
    58aa:	dc 01       	movw	r26, r24
    58ac:	cb 01       	movw	r24, r22
    58ae:	42 e0       	ldi	r20, 0x02	; 2
    58b0:	b6 95       	lsr	r27
    58b2:	a7 95       	ror	r26
    58b4:	97 95       	ror	r25
    58b6:	87 95       	ror	r24
    58b8:	4a 95       	dec	r20
    58ba:	d1 f7       	brne	.-12     	; 0x58b0 <_ZN6SI473512mjdConverterEmPmS0_S0_+0xc4>
    58bc:	c8 1a       	sub	r12, r24
    58be:	d9 0a       	sbc	r13, r25
    58c0:	ea 0a       	sbc	r14, r26
    58c2:	fb 0a       	sbc	r15, r27
    58c4:	a0 e5       	ldi	r26, 0x50	; 80
    58c6:	b0 e0       	ldi	r27, 0x00	; 0
    58c8:	a7 01       	movw	r20, r14
    58ca:	96 01       	movw	r18, r12
    58cc:	0e 94 cd 38 	call	0x719a	; 0x719a <__muluhisi3>
    58d0:	2f e8       	ldi	r18, 0x8F	; 143
    58d2:	39 e0       	ldi	r19, 0x09	; 9
    58d4:	40 e0       	ldi	r20, 0x00	; 0
    58d6:	50 e0       	ldi	r21, 0x00	; 0
    58d8:	0e 94 ab 38 	call	0x7156	; 0x7156 <__udivmodsi4>
    58dc:	f8 01       	movw	r30, r16
    58de:	20 83       	st	Z, r18
    58e0:	31 83       	std	Z+1, r19	; 0x01
    58e2:	42 83       	std	Z+2, r20	; 0x02
    58e4:	53 83       	std	Z+3, r21	; 0x03
    58e6:	af e8       	ldi	r26, 0x8F	; 143
    58e8:	b9 e0       	ldi	r27, 0x09	; 9
    58ea:	0e 94 cd 38 	call	0x719a	; 0x719a <__muluhisi3>
    58ee:	20 e5       	ldi	r18, 0x50	; 80
    58f0:	30 e0       	ldi	r19, 0x00	; 0
    58f2:	40 e0       	ldi	r20, 0x00	; 0
    58f4:	50 e0       	ldi	r21, 0x00	; 0
    58f6:	0e 94 ab 38 	call	0x7156	; 0x7156 <__udivmodsi4>
    58fa:	c2 1a       	sub	r12, r18
    58fc:	d3 0a       	sbc	r13, r19
    58fe:	e4 0a       	sbc	r14, r20
    5900:	f5 0a       	sbc	r15, r21
    5902:	f5 01       	movw	r30, r10
    5904:	c0 82       	st	Z, r12
    5906:	d1 82       	std	Z+1, r13	; 0x01
    5908:	e2 82       	std	Z+2, r14	; 0x02
    590a:	f3 82       	std	Z+3, r15	; 0x03
    590c:	f8 01       	movw	r30, r16
    590e:	80 80       	ld	r8, Z
    5910:	91 80       	ldd	r9, Z+1	; 0x01
    5912:	a2 80       	ldd	r10, Z+2	; 0x02
    5914:	b3 80       	ldd	r11, Z+3	; 0x03
    5916:	c5 01       	movw	r24, r10
    5918:	b4 01       	movw	r22, r8
    591a:	2b e0       	ldi	r18, 0x0B	; 11
    591c:	30 e0       	ldi	r19, 0x00	; 0
    591e:	40 e0       	ldi	r20, 0x00	; 0
    5920:	50 e0       	ldi	r21, 0x00	; 0
    5922:	0e 94 ab 38 	call	0x7156	; 0x7156 <__udivmodsi4>
    5926:	69 01       	movw	r12, r18
    5928:	7a 01       	movw	r14, r20
    592a:	f2 e0       	ldi	r31, 0x02	; 2
    592c:	8f 0e       	add	r8, r31
    592e:	91 1c       	adc	r9, r1
    5930:	a1 1c       	adc	r10, r1
    5932:	b1 1c       	adc	r11, r1
    5934:	ac e0       	ldi	r26, 0x0C	; 12
    5936:	b0 e0       	ldi	r27, 0x00	; 0
    5938:	0e 94 cd 38 	call	0x719a	; 0x719a <__muluhisi3>
    593c:	a5 01       	movw	r20, r10
    593e:	94 01       	movw	r18, r8
    5940:	26 1b       	sub	r18, r22
    5942:	37 0b       	sbc	r19, r23
    5944:	48 0b       	sbc	r20, r24
    5946:	59 0b       	sbc	r21, r25
    5948:	f8 01       	movw	r30, r16
    594a:	20 83       	st	Z, r18
    594c:	31 83       	std	Z+1, r19	; 0x01
    594e:	42 83       	std	Z+2, r20	; 0x02
    5950:	53 83       	std	Z+3, r21	; 0x03
    5952:	88 81       	ld	r24, Y
    5954:	99 81       	ldd	r25, Y+1	; 0x01
    5956:	aa 81       	ldd	r26, Y+2	; 0x02
    5958:	bb 81       	ldd	r27, Y+3	; 0x03
    595a:	c8 0e       	add	r12, r24
    595c:	d9 1e       	adc	r13, r25
    595e:	ea 1e       	adc	r14, r26
    5960:	fb 1e       	adc	r15, r27
    5962:	f4 e2       	ldi	r31, 0x24	; 36
    5964:	cf 1a       	sub	r12, r31
    5966:	f3 e1       	ldi	r31, 0x13	; 19
    5968:	df 0a       	sbc	r13, r31
    596a:	e1 08       	sbc	r14, r1
    596c:	f1 08       	sbc	r15, r1
    596e:	a4 e6       	ldi	r26, 0x64	; 100
    5970:	b0 e0       	ldi	r27, 0x00	; 0
    5972:	a3 01       	movw	r20, r6
    5974:	92 01       	movw	r18, r4
    5976:	0e 94 cd 38 	call	0x719a	; 0x719a <__muluhisi3>
    597a:	c6 0e       	add	r12, r22
    597c:	d7 1e       	adc	r13, r23
    597e:	e8 1e       	adc	r14, r24
    5980:	f9 1e       	adc	r15, r25
    5982:	c8 82       	st	Y, r12
    5984:	d9 82       	std	Y+1, r13	; 0x01
    5986:	ea 82       	std	Y+2, r14	; 0x02
    5988:	fb 82       	std	Y+3, r15	; 0x03
    598a:	df 91       	pop	r29
    598c:	cf 91       	pop	r28
    598e:	1f 91       	pop	r17
    5990:	0f 91       	pop	r16
    5992:	ff 90       	pop	r15
    5994:	ef 90       	pop	r14
    5996:	df 90       	pop	r13
    5998:	cf 90       	pop	r12
    599a:	bf 90       	pop	r11
    599c:	af 90       	pop	r10
    599e:	9f 90       	pop	r9
    59a0:	8f 90       	pop	r8
    59a2:	7f 90       	pop	r7
    59a4:	6f 90       	pop	r6
    59a6:	5f 90       	pop	r5
    59a8:	4f 90       	pop	r4
    59aa:	08 95       	ret

000059ac <_ZN6SI473514getRdsDateTimeEPjS0_S0_S0_S0_>:
    59ac:	2f 92       	push	r2
    59ae:	3f 92       	push	r3
    59b0:	4f 92       	push	r4
    59b2:	5f 92       	push	r5
    59b4:	6f 92       	push	r6
    59b6:	7f 92       	push	r7
    59b8:	8f 92       	push	r8
    59ba:	9f 92       	push	r9
    59bc:	af 92       	push	r10
    59be:	bf 92       	push	r11
    59c0:	cf 92       	push	r12
    59c2:	df 92       	push	r13
    59c4:	ef 92       	push	r14
    59c6:	ff 92       	push	r15
    59c8:	0f 93       	push	r16
    59ca:	1f 93       	push	r17
    59cc:	cf 93       	push	r28
    59ce:	df 93       	push	r29
    59d0:	cd b7       	in	r28, 0x3d	; 61
    59d2:	de b7       	in	r29, 0x3e	; 62
    59d4:	64 97       	sbiw	r28, 0x14	; 20
    59d6:	0f b6       	in	r0, 0x3f	; 63
    59d8:	f8 94       	cli
    59da:	de bf       	out	0x3e, r29	; 62
    59dc:	0f be       	out	0x3f, r0	; 63
    59de:	cd bf       	out	0x3d, r28	; 61
    59e0:	7c 8b       	std	Y+20, r23	; 0x14
    59e2:	6b 8b       	std	Y+19, r22	; 0x13
    59e4:	da 01       	movw	r26, r20
    59e6:	ac 01       	movw	r20, r24
    59e8:	4f 52       	subi	r20, 0x2F	; 47
    59ea:	5f 4f       	sbci	r21, 0xFF	; 255
    59ec:	fa 01       	movw	r30, r20
    59ee:	40 81       	ld	r20, Z
    59f0:	42 95       	swap	r20
    59f2:	4f 70       	andi	r20, 0x0F	; 15
    59f4:	44 30       	cpi	r20, 0x04	; 4
    59f6:	09 f0       	breq	.+2      	; 0x59fa <_ZN6SI473514getRdsDateTimeEPjS0_S0_S0_S0_+0x4e>
    59f8:	be c0       	rjmp	.+380    	; 0x5b76 <_ZN6SI473514getRdsDateTimeEPjS0_S0_S0_S0_+0x1ca>
    59fa:	ac 01       	movw	r20, r24
    59fc:	4e 52       	subi	r20, 0x2E	; 46
    59fe:	5f 4f       	sbci	r21, 0xFF	; 255
    5a00:	fa 01       	movw	r30, r20
    5a02:	40 81       	ld	r20, Z
    5a04:	bc 01       	movw	r22, r24
    5a06:	6c 52       	subi	r22, 0x2C	; 44
    5a08:	7f 4f       	sbci	r23, 0xFF	; 255
    5a0a:	fb 01       	movw	r30, r22
    5a0c:	30 80       	ld	r3, Z
    5a0e:	61 50       	subi	r22, 0x01	; 1
    5a10:	71 09       	sbc	r23, r1
    5a12:	fb 01       	movw	r30, r22
    5a14:	50 81       	ld	r21, Z
    5a16:	6d 5f       	subi	r22, 0xFD	; 253
    5a18:	7f 4f       	sbci	r23, 0xFF	; 255
    5a1a:	fb 01       	movw	r30, r22
    5a1c:	90 80       	ld	r9, Z
    5a1e:	61 50       	subi	r22, 0x01	; 1
    5a20:	71 09       	sbc	r23, r1
    5a22:	fb 01       	movw	r30, r22
    5a24:	80 80       	ld	r8, Z
    5a26:	43 70       	andi	r20, 0x03	; 3
    5a28:	44 2e       	mov	r4, r20
    5a2a:	51 2c       	mov	r5, r1
    5a2c:	61 2c       	mov	r6, r1
    5a2e:	71 2c       	mov	r7, r1
    5a30:	4f e0       	ldi	r20, 0x0F	; 15
    5a32:	44 0c       	add	r4, r4
    5a34:	55 1c       	adc	r5, r5
    5a36:	66 1c       	adc	r6, r6
    5a38:	77 1c       	adc	r7, r7
    5a3a:	4a 95       	dec	r20
    5a3c:	d1 f7       	brne	.-12     	; 0x5a32 <_ZN6SI473514getRdsDateTimeEPjS0_S0_S0_S0_+0x86>
    5a3e:	43 2d       	mov	r20, r3
    5a40:	46 95       	lsr	r20
    5a42:	d5 2e       	mov	r13, r21
    5a44:	d7 94       	ror	r13
    5a46:	dd 24       	eor	r13, r13
    5a48:	d7 94       	ror	r13
    5a4a:	6d 2d       	mov	r22, r13
    5a4c:	64 2b       	or	r22, r20
    5a4e:	75 2f       	mov	r23, r21
    5a50:	76 95       	lsr	r23
    5a52:	ab 01       	movw	r20, r22
    5a54:	60 e0       	ldi	r22, 0x00	; 0
    5a56:	70 e0       	ldi	r23, 0x00	; 0
    5a58:	44 29       	or	r20, r4
    5a5a:	55 29       	or	r21, r5
    5a5c:	66 29       	or	r22, r6
    5a5e:	77 29       	or	r23, r7
    5a60:	f8 2d       	mov	r31, r8
    5a62:	ff 70       	andi	r31, 0x0F	; 15
    5a64:	e4 e0       	ldi	r30, 0x04	; 4
    5a66:	fe 9f       	mul	r31, r30
    5a68:	60 01       	movw	r12, r0
    5a6a:	11 24       	eor	r1, r1
    5a6c:	79 2c       	mov	r7, r9
    5a6e:	72 94       	swap	r7
    5a70:	76 94       	lsr	r7
    5a72:	76 94       	lsr	r7
    5a74:	e3 e0       	ldi	r30, 0x03	; 3
    5a76:	7e 22       	and	r7, r30
    5a78:	f6 01       	movw	r30, r12
    5a7a:	e7 29       	or	r30, r7
    5a7c:	3f 01       	movw	r6, r30
    5a7e:	30 fa       	bst	r3, 0
    5a80:	aa 24       	eor	r10, r10
    5a82:	a0 f8       	bld	r10, 0
    5a84:	b1 2c       	mov	r11, r1
    5a86:	f4 e0       	ldi	r31, 0x04	; 4
    5a88:	aa 0c       	add	r10, r10
    5a8a:	bb 1c       	adc	r11, r11
    5a8c:	fa 95       	dec	r31
    5a8e:	e1 f7       	brne	.-8      	; 0x5a88 <_ZN6SI473514getRdsDateTimeEPjS0_S0_S0_S0_+0xdc>
    5a90:	82 94       	swap	r8
    5a92:	ef e0       	ldi	r30, 0x0F	; 15
    5a94:	8e 22       	and	r8, r30
    5a96:	a8 28       	or	r10, r8
    5a98:	fc e3       	ldi	r31, 0x3C	; 60
    5a9a:	df 2e       	mov	r13, r31
    5a9c:	da 9c       	mul	r13, r10
    5a9e:	20 01       	movw	r4, r0
    5aa0:	db 9c       	mul	r13, r11
    5aa2:	50 0c       	add	r5, r0
    5aa4:	11 24       	eor	r1, r1
    5aa6:	f9 2d       	mov	r31, r9
    5aa8:	ff 71       	andi	r31, 0x1F	; 31
    5aaa:	ee e1       	ldi	r30, 0x1E	; 30
    5aac:	fe 9f       	mul	r31, r30
    5aae:	50 01       	movw	r10, r0
    5ab0:	11 24       	eor	r1, r1
    5ab2:	95 fc       	sbrc	r9, 5
    5ab4:	04 c0       	rjmp	.+8      	; 0x5abe <_ZN6SI473514getRdsDateTimeEPjS0_S0_S0_S0_+0x112>
    5ab6:	cc 24       	eor	r12, r12
    5ab8:	c3 94       	inc	r12
    5aba:	d1 2c       	mov	r13, r1
    5abc:	03 c0       	rjmp	.+6      	; 0x5ac4 <_ZN6SI473514getRdsDateTimeEPjS0_S0_S0_S0_+0x118>
    5abe:	cc 24       	eor	r12, r12
    5ac0:	ca 94       	dec	r12
    5ac2:	dc 2c       	mov	r13, r12
    5ac4:	ca 9c       	mul	r12, r10
    5ac6:	40 01       	movw	r8, r0
    5ac8:	cb 9c       	mul	r12, r11
    5aca:	90 0c       	add	r9, r0
    5acc:	da 9c       	mul	r13, r10
    5ace:	90 0c       	add	r9, r0
    5ad0:	11 24       	eor	r1, r1
    5ad2:	63 01       	movw	r12, r6
    5ad4:	c4 0c       	add	r12, r4
    5ad6:	d5 1c       	adc	r13, r5
    5ad8:	c8 0c       	add	r12, r8
    5ada:	d9 1c       	adc	r13, r9
    5adc:	d7 fe       	sbrs	r13, 7
    5ade:	09 c0       	rjmp	.+18     	; 0x5af2 <_ZN6SI473514getRdsDateTimeEPjS0_S0_S0_S0_+0x146>
    5ae0:	f0 e6       	ldi	r31, 0x60	; 96
    5ae2:	cf 1a       	sub	r12, r31
    5ae4:	fa ef       	ldi	r31, 0xFA	; 250
    5ae6:	df 0a       	sbc	r13, r31
    5ae8:	41 50       	subi	r20, 0x01	; 1
    5aea:	51 09       	sbc	r21, r1
    5aec:	61 09       	sbc	r22, r1
    5aee:	71 09       	sbc	r23, r1
    5af0:	0d c0       	rjmp	.+26     	; 0x5b0c <_ZN6SI473514getRdsDateTimeEPjS0_S0_S0_S0_+0x160>
    5af2:	e1 ea       	ldi	r30, 0xA1	; 161
    5af4:	ce 16       	cp	r12, r30
    5af6:	e5 e0       	ldi	r30, 0x05	; 5
    5af8:	de 06       	cpc	r13, r30
    5afa:	44 f0       	brlt	.+16     	; 0x5b0c <_ZN6SI473514getRdsDateTimeEPjS0_S0_S0_S0_+0x160>
    5afc:	f0 ea       	ldi	r31, 0xA0	; 160
    5afe:	cf 1a       	sub	r12, r31
    5b00:	f5 e0       	ldi	r31, 0x05	; 5
    5b02:	df 0a       	sbc	r13, r31
    5b04:	4f 5f       	subi	r20, 0xFF	; 255
    5b06:	5f 4f       	sbci	r21, 0xFF	; 255
    5b08:	6f 4f       	sbci	r22, 0xFF	; 255
    5b0a:	7f 4f       	sbci	r23, 0xFF	; 255
    5b0c:	17 01       	movw	r2, r14
    5b0e:	28 01       	movw	r4, r16
    5b10:	39 01       	movw	r6, r18
    5b12:	4d 01       	movw	r8, r26
    5b14:	ab 88       	ldd	r10, Y+19	; 0x13
    5b16:	bc 88       	ldd	r11, Y+20	; 0x14
    5b18:	9e 01       	movw	r18, r28
    5b1a:	21 5f       	subi	r18, 0xF1	; 241
    5b1c:	3f 4f       	sbci	r19, 0xFF	; 255
    5b1e:	79 01       	movw	r14, r18
    5b20:	8e 01       	movw	r16, r28
    5b22:	05 5f       	subi	r16, 0xF5	; 245
    5b24:	1f 4f       	sbci	r17, 0xFF	; 255
    5b26:	28 50       	subi	r18, 0x08	; 8
    5b28:	31 09       	sbc	r19, r1
    5b2a:	0e 94 f6 2b 	call	0x57ec	; 0x57ec <_ZN6SI473512mjdConverterEmPmS0_S0_>
    5b2e:	c6 01       	movw	r24, r12
    5b30:	6c e3       	ldi	r22, 0x3C	; 60
    5b32:	70 e0       	ldi	r23, 0x00	; 0
    5b34:	0e 94 83 38 	call	0x7106	; 0x7106 <__udivmodhi4>
    5b38:	8f 81       	ldd	r24, Y+7	; 0x07
    5b3a:	98 85       	ldd	r25, Y+8	; 0x08
    5b3c:	f5 01       	movw	r30, r10
    5b3e:	91 83       	std	Z+1, r25	; 0x01
    5b40:	80 83       	st	Z, r24
    5b42:	8b 85       	ldd	r24, Y+11	; 0x0b
    5b44:	9c 85       	ldd	r25, Y+12	; 0x0c
    5b46:	f4 01       	movw	r30, r8
    5b48:	91 83       	std	Z+1, r25	; 0x01
    5b4a:	80 83       	st	Z, r24
    5b4c:	8f 85       	ldd	r24, Y+15	; 0x0f
    5b4e:	98 89       	ldd	r25, Y+16	; 0x10
    5b50:	f3 01       	movw	r30, r6
    5b52:	91 83       	std	Z+1, r25	; 0x01
    5b54:	80 83       	st	Z, r24
    5b56:	f2 01       	movw	r30, r4
    5b58:	71 83       	std	Z+1, r23	; 0x01
    5b5a:	60 83       	st	Z, r22
    5b5c:	2c e3       	ldi	r18, 0x3C	; 60
    5b5e:	26 9f       	mul	r18, r22
    5b60:	c0 01       	movw	r24, r0
    5b62:	27 9f       	mul	r18, r23
    5b64:	90 0d       	add	r25, r0
    5b66:	11 24       	eor	r1, r1
    5b68:	c8 1a       	sub	r12, r24
    5b6a:	d9 0a       	sbc	r13, r25
    5b6c:	f1 01       	movw	r30, r2
    5b6e:	d1 82       	std	Z+1, r13	; 0x01
    5b70:	c0 82       	st	Z, r12
    5b72:	81 e0       	ldi	r24, 0x01	; 1
    5b74:	01 c0       	rjmp	.+2      	; 0x5b78 <_ZN6SI473514getRdsDateTimeEPjS0_S0_S0_S0_+0x1cc>
    5b76:	80 e0       	ldi	r24, 0x00	; 0
    5b78:	64 96       	adiw	r28, 0x14	; 20
    5b7a:	0f b6       	in	r0, 0x3f	; 63
    5b7c:	f8 94       	cli
    5b7e:	de bf       	out	0x3e, r29	; 62
    5b80:	0f be       	out	0x3f, r0	; 63
    5b82:	cd bf       	out	0x3d, r28	; 61
    5b84:	df 91       	pop	r29
    5b86:	cf 91       	pop	r28
    5b88:	1f 91       	pop	r17
    5b8a:	0f 91       	pop	r16
    5b8c:	ff 90       	pop	r15
    5b8e:	ef 90       	pop	r14
    5b90:	df 90       	pop	r13
    5b92:	cf 90       	pop	r12
    5b94:	bf 90       	pop	r11
    5b96:	af 90       	pop	r10
    5b98:	9f 90       	pop	r9
    5b9a:	8f 90       	pop	r8
    5b9c:	7f 90       	pop	r7
    5b9e:	6f 90       	pop	r6
    5ba0:	5f 90       	pop	r5
    5ba2:	4f 90       	pop	r4
    5ba4:	3f 90       	pop	r3
    5ba6:	2f 90       	pop	r2
    5ba8:	08 95       	ret

00005baa <_ZN6SI473510waitToSendEv>:
    5baa:	cf 93       	push	r28
    5bac:	df 93       	push	r29
    5bae:	ec 01       	movw	r28, r24
    5bb0:	c4 57       	subi	r28, 0x74	; 116
    5bb2:	df 4f       	sbci	r29, 0xFF	; 255
    5bb4:	8c e2       	ldi	r24, 0x2C	; 44
    5bb6:	91 e0       	ldi	r25, 0x01	; 1
    5bb8:	0e 94 dc 28 	call	0x51b8	; 0x51b8 <delayMicroseconds>
    5bbc:	68 81       	ld	r22, Y
    5bbe:	79 81       	ldd	r23, Y+1	; 0x01
    5bc0:	41 e0       	ldi	r20, 0x01	; 1
    5bc2:	50 e0       	ldi	r21, 0x00	; 0
    5bc4:	83 ed       	ldi	r24, 0xD3	; 211
    5bc6:	96 e0       	ldi	r25, 0x06	; 6
    5bc8:	0e 94 8f 34 	call	0x691e	; 0x691e <_ZN7TwoWire11requestFromEii>
    5bcc:	83 ed       	ldi	r24, 0xD3	; 211
    5bce:	96 e0       	ldi	r25, 0x06	; 6
    5bd0:	0e 94 30 33 	call	0x6660	; 0x6660 <_ZN7TwoWire4readEv>
    5bd4:	87 ff       	sbrs	r24, 7
    5bd6:	ee cf       	rjmp	.-36     	; 0x5bb4 <_ZN6SI473510waitToSendEv+0xa>
    5bd8:	df 91       	pop	r29
    5bda:	cf 91       	pop	r28
    5bdc:	08 95       	ret

00005bde <_ZN6SI47359powerDownEv>:
    5bde:	cf 93       	push	r28
    5be0:	df 93       	push	r29
    5be2:	ec 01       	movw	r28, r24
    5be4:	fc 01       	movw	r30, r24
    5be6:	ee 51       	subi	r30, 0x1E	; 30
    5be8:	ff 4f       	sbci	r31, 0xFF	; 255
    5bea:	80 81       	ld	r24, Z
    5bec:	87 fd       	sbrc	r24, 7
    5bee:	07 c0       	rjmp	.+14     	; 0x5bfe <_ZN6SI47359powerDownEv+0x20>
    5bf0:	60 e0       	ldi	r22, 0x00	; 0
    5bf2:	0e 94 87 29 	call	0x530e	; 0x530e <digitalWrite>
    5bf6:	8c e2       	ldi	r24, 0x2C	; 44
    5bf8:	91 e0       	ldi	r25, 0x01	; 1
    5bfa:	0e 94 dc 28 	call	0x51b8	; 0x51b8 <delayMicroseconds>
    5bfe:	ce 01       	movw	r24, r28
    5c00:	0e 94 d5 2d 	call	0x5baa	; 0x5baa <_ZN6SI473510waitToSendEv>
    5c04:	c4 57       	subi	r28, 0x74	; 116
    5c06:	df 4f       	sbci	r29, 0xFF	; 255
    5c08:	68 81       	ld	r22, Y
    5c0a:	79 81       	ldd	r23, Y+1	; 0x01
    5c0c:	83 ed       	ldi	r24, 0xD3	; 211
    5c0e:	96 e0       	ldi	r25, 0x06	; 6
    5c10:	0e 94 16 34 	call	0x682c	; 0x682c <_ZN7TwoWire17beginTransmissionEi>
    5c14:	61 e1       	ldi	r22, 0x11	; 17
    5c16:	70 e0       	ldi	r23, 0x00	; 0
    5c18:	83 ed       	ldi	r24, 0xD3	; 211
    5c1a:	96 e0       	ldi	r25, 0x06	; 6
    5c1c:	0e 94 a8 09 	call	0x1350	; 0x1350 <_ZN7TwoWire5writeEi>
    5c20:	83 ed       	ldi	r24, 0xD3	; 211
    5c22:	96 e0       	ldi	r25, 0x06	; 6
    5c24:	0e 94 94 34 	call	0x6928	; 0x6928 <_ZN7TwoWire15endTransmissionEv>
    5c28:	84 ec       	ldi	r24, 0xC4	; 196
    5c2a:	99 e0       	ldi	r25, 0x09	; 9
    5c2c:	df 91       	pop	r29
    5c2e:	cf 91       	pop	r28
    5c30:	0c 94 dc 28 	jmp	0x51b8	; 0x51b8 <delayMicroseconds>

00005c34 <_ZN6SI473511getFirmwareEv>:
    5c34:	af 92       	push	r10
    5c36:	bf 92       	push	r11
    5c38:	cf 92       	push	r12
    5c3a:	df 92       	push	r13
    5c3c:	ef 92       	push	r14
    5c3e:	ff 92       	push	r15
    5c40:	0f 93       	push	r16
    5c42:	1f 93       	push	r17
    5c44:	cf 93       	push	r28
    5c46:	df 93       	push	r29
    5c48:	ec 01       	movw	r28, r24
    5c4a:	0e 94 d5 2d 	call	0x5baa	; 0x5baa <_ZN6SI473510waitToSendEv>
    5c4e:	7e 01       	movw	r14, r28
    5c50:	8c e8       	ldi	r24, 0x8C	; 140
    5c52:	e8 0e       	add	r14, r24
    5c54:	f1 1c       	adc	r15, r1
    5c56:	f7 01       	movw	r30, r14
    5c58:	60 81       	ld	r22, Z
    5c5a:	71 81       	ldd	r23, Z+1	; 0x01
    5c5c:	83 ed       	ldi	r24, 0xD3	; 211
    5c5e:	96 e0       	ldi	r25, 0x06	; 6
    5c60:	0e 94 16 34 	call	0x682c	; 0x682c <_ZN7TwoWire17beginTransmissionEi>
    5c64:	60 e1       	ldi	r22, 0x10	; 16
    5c66:	70 e0       	ldi	r23, 0x00	; 0
    5c68:	83 ed       	ldi	r24, 0xD3	; 211
    5c6a:	96 e0       	ldi	r25, 0x06	; 6
    5c6c:	0e 94 a8 09 	call	0x1350	; 0x1350 <_ZN7TwoWire5writeEi>
    5c70:	83 ed       	ldi	r24, 0xD3	; 211
    5c72:	96 e0       	ldi	r25, 0x06	; 6
    5c74:	0e 94 94 34 	call	0x6928	; 0x6928 <_ZN7TwoWire15endTransmissionEv>
    5c78:	5e 01       	movw	r10, r28
    5c7a:	fb ec       	ldi	r31, 0xCB	; 203
    5c7c:	af 0e       	add	r10, r31
    5c7e:	b1 1c       	adc	r11, r1
    5c80:	ce 01       	movw	r24, r28
    5c82:	0e 94 d5 2d 	call	0x5baa	; 0x5baa <_ZN6SI473510waitToSendEv>
    5c86:	f7 01       	movw	r30, r14
    5c88:	60 81       	ld	r22, Z
    5c8a:	71 81       	ldd	r23, Z+1	; 0x01
    5c8c:	49 e0       	ldi	r20, 0x09	; 9
    5c8e:	50 e0       	ldi	r21, 0x00	; 0
    5c90:	83 ed       	ldi	r24, 0xD3	; 211
    5c92:	96 e0       	ldi	r25, 0x06	; 6
    5c94:	0e 94 8f 34 	call	0x691e	; 0x691e <_ZN7TwoWire11requestFromEii>
    5c98:	8e 01       	movw	r16, r28
    5c9a:	0e 53       	subi	r16, 0x3E	; 62
    5c9c:	1f 4f       	sbci	r17, 0xFF	; 255
    5c9e:	68 01       	movw	r12, r16
    5ca0:	83 ed       	ldi	r24, 0xD3	; 211
    5ca2:	96 e0       	ldi	r25, 0x06	; 6
    5ca4:	0e 94 30 33 	call	0x6660	; 0x6660 <_ZN7TwoWire4readEv>
    5ca8:	f8 01       	movw	r30, r16
    5caa:	81 93       	st	Z+, r24
    5cac:	8f 01       	movw	r16, r30
    5cae:	ea 15       	cp	r30, r10
    5cb0:	fb 05       	cpc	r31, r11
    5cb2:	b1 f7       	brne	.-20     	; 0x5ca0 <_ZN6SI473511getFirmwareEv+0x6c>
    5cb4:	f6 01       	movw	r30, r12
    5cb6:	80 81       	ld	r24, Z
    5cb8:	86 fd       	sbrc	r24, 6
    5cba:	e2 cf       	rjmp	.-60     	; 0x5c80 <_ZN6SI473511getFirmwareEv+0x4c>
    5cbc:	df 91       	pop	r29
    5cbe:	cf 91       	pop	r28
    5cc0:	1f 91       	pop	r17
    5cc2:	0f 91       	pop	r16
    5cc4:	ff 90       	pop	r15
    5cc6:	ef 90       	pop	r14
    5cc8:	df 90       	pop	r13
    5cca:	cf 90       	pop	r12
    5ccc:	bf 90       	pop	r11
    5cce:	af 90       	pop	r10
    5cd0:	08 95       	ret

00005cd2 <_ZN6SI473512setFrequencyEj>:
    5cd2:	8f 92       	push	r8
    5cd4:	9f 92       	push	r9
    5cd6:	af 92       	push	r10
    5cd8:	bf 92       	push	r11
    5cda:	cf 92       	push	r12
    5cdc:	df 92       	push	r13
    5cde:	ef 92       	push	r14
    5ce0:	ff 92       	push	r15
    5ce2:	0f 93       	push	r16
    5ce4:	1f 93       	push	r17
    5ce6:	cf 93       	push	r28
    5ce8:	df 93       	push	r29
    5cea:	ec 01       	movw	r28, r24
    5cec:	7b 01       	movw	r14, r22
    5cee:	0e 94 d5 2d 	call	0x5baa	; 0x5baa <_ZN6SI473510waitToSendEv>
    5cf2:	fe 01       	movw	r30, r28
    5cf4:	e5 55       	subi	r30, 0x55	; 85
    5cf6:	ff 4f       	sbci	r31, 0xFF	; 255
    5cf8:	f1 82       	std	Z+1, r15	; 0x01
    5cfa:	e0 82       	st	Z, r14
    5cfc:	5e 01       	movw	r10, r28
    5cfe:	8e ea       	ldi	r24, 0xAE	; 174
    5d00:	a8 0e       	add	r10, r24
    5d02:	b1 1c       	adc	r11, r1
    5d04:	de 01       	movw	r26, r28
    5d06:	a4 55       	subi	r26, 0x54	; 84
    5d08:	bf 4f       	sbci	r27, 0xFF	; 255
    5d0a:	8c 91       	ld	r24, X
    5d0c:	d5 01       	movw	r26, r10
    5d0e:	8c 93       	st	X, r24
    5d10:	6e 01       	movw	r12, r28
    5d12:	bf ea       	ldi	r27, 0xAF	; 175
    5d14:	cb 0e       	add	r12, r27
    5d16:	d1 1c       	adc	r13, r1
    5d18:	80 81       	ld	r24, Z
    5d1a:	f6 01       	movw	r30, r12
    5d1c:	80 83       	st	Z, r24
    5d1e:	f2 96       	adiw	r30, 0x32	; 50
    5d20:	80 81       	ld	r24, Z
    5d22:	8e 01       	movw	r16, r28
    5d24:	03 55       	subi	r16, 0x53	; 83
    5d26:	1f 4f       	sbci	r17, 0xFF	; 255
    5d28:	88 23       	and	r24, r24
    5d2a:	59 f0       	breq	.+22     	; 0x5d42 <_ZN6SI473512setFrequencyEj+0x70>
    5d2c:	d8 01       	movw	r26, r16
    5d2e:	9c 91       	ld	r25, X
    5d30:	82 95       	swap	r24
    5d32:	88 0f       	add	r24, r24
    5d34:	88 0f       	add	r24, r24
    5d36:	80 7c       	andi	r24, 0xC0	; 192
    5d38:	93 70       	andi	r25, 0x03	; 3
    5d3a:	89 2b       	or	r24, r25
    5d3c:	81 60       	ori	r24, 0x01	; 1
    5d3e:	8d 7f       	andi	r24, 0xFD	; 253
    5d40:	8c 93       	st	X, r24
    5d42:	fe 01       	movw	r30, r28
    5d44:	e4 57       	subi	r30, 0x74	; 116
    5d46:	ff 4f       	sbci	r31, 0xFF	; 255
    5d48:	60 81       	ld	r22, Z
    5d4a:	71 81       	ldd	r23, Z+1	; 0x01
    5d4c:	83 ed       	ldi	r24, 0xD3	; 211
    5d4e:	96 e0       	ldi	r25, 0x06	; 6
    5d50:	0e 94 16 34 	call	0x682c	; 0x682c <_ZN7TwoWire17beginTransmissionEi>
    5d54:	4e 01       	movw	r8, r28
    5d56:	b8 e9       	ldi	r27, 0x98	; 152
    5d58:	8b 0e       	add	r8, r27
    5d5a:	91 1c       	adc	r9, r1
    5d5c:	f4 01       	movw	r30, r8
    5d5e:	60 81       	ld	r22, Z
    5d60:	83 ed       	ldi	r24, 0xD3	; 211
    5d62:	96 e0       	ldi	r25, 0x06	; 6
    5d64:	0e 94 b7 33 	call	0x676e	; 0x676e <_ZN7TwoWire5writeEh>
    5d68:	d8 01       	movw	r26, r16
    5d6a:	6c 91       	ld	r22, X
    5d6c:	83 ed       	ldi	r24, 0xD3	; 211
    5d6e:	96 e0       	ldi	r25, 0x06	; 6
    5d70:	0e 94 b7 33 	call	0x676e	; 0x676e <_ZN7TwoWire5writeEh>
    5d74:	f5 01       	movw	r30, r10
    5d76:	60 81       	ld	r22, Z
    5d78:	83 ed       	ldi	r24, 0xD3	; 211
    5d7a:	96 e0       	ldi	r25, 0x06	; 6
    5d7c:	0e 94 b7 33 	call	0x676e	; 0x676e <_ZN7TwoWire5writeEh>
    5d80:	d6 01       	movw	r26, r12
    5d82:	6c 91       	ld	r22, X
    5d84:	83 ed       	ldi	r24, 0xD3	; 211
    5d86:	96 e0       	ldi	r25, 0x06	; 6
    5d88:	0e 94 b7 33 	call	0x676e	; 0x676e <_ZN7TwoWire5writeEh>
    5d8c:	fe 01       	movw	r30, r28
    5d8e:	e0 55       	subi	r30, 0x50	; 80
    5d90:	ff 4f       	sbci	r31, 0xFF	; 255
    5d92:	60 81       	ld	r22, Z
    5d94:	83 ed       	ldi	r24, 0xD3	; 211
    5d96:	96 e0       	ldi	r25, 0x06	; 6
    5d98:	0e 94 b7 33 	call	0x676e	; 0x676e <_ZN7TwoWire5writeEh>
    5d9c:	f4 01       	movw	r30, r8
    5d9e:	80 81       	ld	r24, Z
    5da0:	80 34       	cpi	r24, 0x40	; 64
    5da2:	31 f4       	brne	.+12     	; 0x5db0 <_ZN6SI473512setFrequencyEj+0xde>
    5da4:	79 96       	adiw	r30, 0x19	; 25
    5da6:	60 81       	ld	r22, Z
    5da8:	83 ed       	ldi	r24, 0xD3	; 211
    5daa:	96 e0       	ldi	r25, 0x06	; 6
    5dac:	0e 94 b7 33 	call	0x676e	; 0x676e <_ZN7TwoWire5writeEh>
    5db0:	83 ed       	ldi	r24, 0xD3	; 211
    5db2:	96 e0       	ldi	r25, 0x06	; 6
    5db4:	0e 94 94 34 	call	0x6928	; 0x6928 <_ZN7TwoWire15endTransmissionEv>
    5db8:	ce 01       	movw	r24, r28
    5dba:	0e 94 d5 2d 	call	0x5baa	; 0x5baa <_ZN6SI473510waitToSendEv>
    5dbe:	fe 01       	movw	r30, r28
    5dc0:	e3 56       	subi	r30, 0x63	; 99
    5dc2:	ff 4f       	sbci	r31, 0xFF	; 255
    5dc4:	f1 82       	std	Z+1, r15	; 0x01
    5dc6:	e0 82       	st	Z, r14
    5dc8:	c2 57       	subi	r28, 0x72	; 114
    5dca:	df 4f       	sbci	r29, 0xFF	; 255
    5dcc:	68 81       	ld	r22, Y
    5dce:	79 81       	ldd	r23, Y+1	; 0x01
    5dd0:	80 e0       	ldi	r24, 0x00	; 0
    5dd2:	90 e0       	ldi	r25, 0x00	; 0
    5dd4:	df 91       	pop	r29
    5dd6:	cf 91       	pop	r28
    5dd8:	1f 91       	pop	r17
    5dda:	0f 91       	pop	r16
    5ddc:	ff 90       	pop	r15
    5dde:	ef 90       	pop	r14
    5de0:	df 90       	pop	r13
    5de2:	cf 90       	pop	r12
    5de4:	bf 90       	pop	r11
    5de6:	af 90       	pop	r10
    5de8:	9f 90       	pop	r9
    5dea:	8f 90       	pop	r8
    5dec:	0c 94 a0 28 	jmp	0x5140	; 0x5140 <delay>

00005df0 <_ZN6SI473532setTuneFrequencyAntennaCapacitorEj>:
    5df0:	fc 01       	movw	r30, r24
    5df2:	e3 55       	subi	r30, 0x53	; 83
    5df4:	ff 4f       	sbci	r31, 0xFF	; 255
    5df6:	20 81       	ld	r18, Z
    5df8:	23 7c       	andi	r18, 0xC3	; 195
    5dfa:	20 83       	st	Z, r18
    5dfc:	dc 01       	movw	r26, r24
    5dfe:	a8 56       	subi	r26, 0x68	; 104
    5e00:	bf 4f       	sbci	r27, 0xFF	; 255
    5e02:	3c 91       	ld	r19, X
    5e04:	30 34       	cpi	r19, 0x40	; 64
    5e06:	41 f0       	breq	.+16     	; 0x5e18 <_ZN6SI473532setTuneFrequencyAntennaCapacitorEj+0x28>
    5e08:	60 3c       	cpi	r22, 0xC0	; 192
    5e0a:	71 05       	cpc	r23, r1
    5e0c:	08 f0       	brcs	.+2      	; 0x5e10 <_ZN6SI473532setTuneFrequencyAntennaCapacitorEj+0x20>
    5e0e:	60 e0       	ldi	r22, 0x00	; 0
    5e10:	fc 01       	movw	r30, r24
    5e12:	e0 55       	subi	r30, 0x50	; 80
    5e14:	ff 4f       	sbci	r31, 0xFF	; 255
    5e16:	0b c0       	rjmp	.+22     	; 0x5e2e <_ZN6SI473532setTuneFrequencyAntennaCapacitorEj+0x3e>
    5e18:	61 15       	cp	r22, r1
    5e1a:	38 e1       	ldi	r19, 0x18	; 24
    5e1c:	73 07       	cpc	r23, r19
    5e1e:	40 f4       	brcc	.+16     	; 0x5e30 <_ZN6SI473532setTuneFrequencyAntennaCapacitorEj+0x40>
    5e20:	2d 7f       	andi	r18, 0xFD	; 253
    5e22:	20 83       	st	Z, r18
    5e24:	fc 01       	movw	r30, r24
    5e26:	e0 55       	subi	r30, 0x50	; 80
    5e28:	ff 4f       	sbci	r31, 0xFF	; 255
    5e2a:	70 83       	st	Z, r23
    5e2c:	31 96       	adiw	r30, 0x01	; 1
    5e2e:	60 83       	st	Z, r22
    5e30:	fc 01       	movw	r30, r24
    5e32:	e3 56       	subi	r30, 0x63	; 99
    5e34:	ff 4f       	sbci	r31, 0xFF	; 255
    5e36:	60 81       	ld	r22, Z
    5e38:	71 81       	ldd	r23, Z+1	; 0x01
    5e3a:	0c 94 69 2e 	jmp	0x5cd2	; 0x5cd2 <_ZN6SI473512setFrequencyEj>

00005e3e <_ZN6SI473511frequencyUpEv>:
    5e3e:	fc 01       	movw	r30, r24
    5e40:	e3 56       	subi	r30, 0x63	; 99
    5e42:	ff 4f       	sbci	r31, 0xFF	; 255
    5e44:	20 81       	ld	r18, Z
    5e46:	31 81       	ldd	r19, Z+1	; 0x01
    5e48:	dc 01       	movw	r26, r24
    5e4a:	a5 56       	subi	r26, 0x65	; 101
    5e4c:	bf 4f       	sbci	r27, 0xFF	; 255
    5e4e:	4d 91       	ld	r20, X+
    5e50:	5c 91       	ld	r21, X
    5e52:	11 97       	sbiw	r26, 0x01	; 1
    5e54:	24 17       	cp	r18, r20
    5e56:	35 07       	cpc	r19, r21
    5e58:	20 f0       	brcs	.+8      	; 0x5e62 <_ZN6SI473511frequencyUpEv+0x24>
    5e5a:	12 97       	sbiw	r26, 0x02	; 2
    5e5c:	2d 91       	ld	r18, X+
    5e5e:	3c 91       	ld	r19, X
    5e60:	07 c0       	rjmp	.+14     	; 0x5e70 <_ZN6SI473511frequencyUpEv+0x32>
    5e62:	dc 01       	movw	r26, r24
    5e64:	a1 56       	subi	r26, 0x61	; 97
    5e66:	bf 4f       	sbci	r27, 0xFF	; 255
    5e68:	4d 91       	ld	r20, X+
    5e6a:	5c 91       	ld	r21, X
    5e6c:	24 0f       	add	r18, r20
    5e6e:	35 1f       	adc	r19, r21
    5e70:	31 83       	std	Z+1, r19	; 0x01
    5e72:	20 83       	st	Z, r18
    5e74:	60 81       	ld	r22, Z
    5e76:	71 81       	ldd	r23, Z+1	; 0x01
    5e78:	0c 94 69 2e 	jmp	0x5cd2	; 0x5cd2 <_ZN6SI473512setFrequencyEj>

00005e7c <_ZN6SI473513frequencyDownEv>:
    5e7c:	fc 01       	movw	r30, r24
    5e7e:	e3 56       	subi	r30, 0x63	; 99
    5e80:	ff 4f       	sbci	r31, 0xFF	; 255
    5e82:	20 81       	ld	r18, Z
    5e84:	31 81       	ldd	r19, Z+1	; 0x01
    5e86:	dc 01       	movw	r26, r24
    5e88:	a7 56       	subi	r26, 0x67	; 103
    5e8a:	bf 4f       	sbci	r27, 0xFF	; 255
    5e8c:	4d 91       	ld	r20, X+
    5e8e:	5c 91       	ld	r21, X
    5e90:	11 97       	sbiw	r26, 0x01	; 1
    5e92:	42 17       	cp	r20, r18
    5e94:	53 07       	cpc	r21, r19
    5e96:	20 f0       	brcs	.+8      	; 0x5ea0 <_ZN6SI473513frequencyDownEv+0x24>
    5e98:	12 96       	adiw	r26, 0x02	; 2
    5e9a:	2d 91       	ld	r18, X+
    5e9c:	3c 91       	ld	r19, X
    5e9e:	07 c0       	rjmp	.+14     	; 0x5eae <_ZN6SI473513frequencyDownEv+0x32>
    5ea0:	dc 01       	movw	r26, r24
    5ea2:	a1 56       	subi	r26, 0x61	; 97
    5ea4:	bf 4f       	sbci	r27, 0xFF	; 255
    5ea6:	4d 91       	ld	r20, X+
    5ea8:	5c 91       	ld	r21, X
    5eaa:	24 1b       	sub	r18, r20
    5eac:	35 0b       	sbc	r19, r21
    5eae:	31 83       	std	Z+1, r19	; 0x01
    5eb0:	20 83       	st	Z, r18
    5eb2:	60 81       	ld	r22, Z
    5eb4:	71 81       	ldd	r23, Z+1	; 0x01
    5eb6:	0c 94 69 2e 	jmp	0x5cd2	; 0x5cd2 <_ZN6SI473512setFrequencyEj>

00005eba <_ZN6SI473531getCurrentReceivedSignalQualityEh>:
    5eba:	cf 92       	push	r12
    5ebc:	df 92       	push	r13
    5ebe:	ef 92       	push	r14
    5ec0:	ff 92       	push	r15
    5ec2:	0f 93       	push	r16
    5ec4:	1f 93       	push	r17
    5ec6:	cf 93       	push	r28
    5ec8:	df 93       	push	r29
    5eca:	8c 01       	movw	r16, r24
    5ecc:	d6 2f       	mov	r29, r22
    5ece:	fc 01       	movw	r30, r24
    5ed0:	e8 56       	subi	r30, 0x68	; 104
    5ed2:	ff 4f       	sbci	r31, 0xFF	; 255
    5ed4:	80 81       	ld	r24, Z
    5ed6:	80 32       	cpi	r24, 0x20	; 32
    5ed8:	39 f0       	breq	.+14     	; 0x5ee8 <_ZN6SI473531getCurrentReceivedSignalQualityEh+0x2e>
    5eda:	80 35       	cpi	r24, 0x50	; 80
    5edc:	51 f0       	breq	.+20     	; 0x5ef2 <_ZN6SI473531getCurrentReceivedSignalQualityEh+0x38>
    5ede:	26 e0       	ldi	r18, 0x06	; 6
    5ee0:	e2 2e       	mov	r14, r18
    5ee2:	f1 2c       	mov	r15, r1
    5ee4:	c3 e4       	ldi	r28, 0x43	; 67
    5ee6:	09 c0       	rjmp	.+18     	; 0x5efa <_ZN6SI473531getCurrentReceivedSignalQualityEh+0x40>
    5ee8:	98 e0       	ldi	r25, 0x08	; 8
    5eea:	e9 2e       	mov	r14, r25
    5eec:	f1 2c       	mov	r15, r1
    5eee:	c3 e2       	ldi	r28, 0x23	; 35
    5ef0:	04 c0       	rjmp	.+8      	; 0x5efa <_ZN6SI473531getCurrentReceivedSignalQualityEh+0x40>
    5ef2:	88 e0       	ldi	r24, 0x08	; 8
    5ef4:	e8 2e       	mov	r14, r24
    5ef6:	f1 2c       	mov	r15, r1
    5ef8:	c3 e5       	ldi	r28, 0x53	; 83
    5efa:	c8 01       	movw	r24, r16
    5efc:	0e 94 d5 2d 	call	0x5baa	; 0x5baa <_ZN6SI473510waitToSendEv>
    5f00:	68 01       	movw	r12, r16
    5f02:	8c e8       	ldi	r24, 0x8C	; 140
    5f04:	c8 0e       	add	r12, r24
    5f06:	d1 1c       	adc	r13, r1
    5f08:	f6 01       	movw	r30, r12
    5f0a:	60 81       	ld	r22, Z
    5f0c:	71 81       	ldd	r23, Z+1	; 0x01
    5f0e:	83 ed       	ldi	r24, 0xD3	; 211
    5f10:	96 e0       	ldi	r25, 0x06	; 6
    5f12:	0e 94 16 34 	call	0x682c	; 0x682c <_ZN7TwoWire17beginTransmissionEi>
    5f16:	6c 2f       	mov	r22, r28
    5f18:	83 ed       	ldi	r24, 0xD3	; 211
    5f1a:	96 e0       	ldi	r25, 0x06	; 6
    5f1c:	0e 94 b7 33 	call	0x676e	; 0x676e <_ZN7TwoWire5writeEh>
    5f20:	6d 2f       	mov	r22, r29
    5f22:	83 ed       	ldi	r24, 0xD3	; 211
    5f24:	96 e0       	ldi	r25, 0x06	; 6
    5f26:	0e 94 b7 33 	call	0x676e	; 0x676e <_ZN7TwoWire5writeEh>
    5f2a:	83 ed       	ldi	r24, 0xD3	; 211
    5f2c:	96 e0       	ldi	r25, 0x06	; 6
    5f2e:	0e 94 94 34 	call	0x6928	; 0x6928 <_ZN7TwoWire15endTransmissionEv>
    5f32:	c8 01       	movw	r24, r16
    5f34:	0e 94 d5 2d 	call	0x5baa	; 0x5baa <_ZN6SI473510waitToSendEv>
    5f38:	f6 01       	movw	r30, r12
    5f3a:	60 81       	ld	r22, Z
    5f3c:	71 81       	ldd	r23, Z+1	; 0x01
    5f3e:	a7 01       	movw	r20, r14
    5f40:	83 ed       	ldi	r24, 0xD3	; 211
    5f42:	96 e0       	ldi	r25, 0x06	; 6
    5f44:	0e 94 8f 34 	call	0x691e	; 0x691e <_ZN7TwoWire11requestFromEii>
    5f48:	d1 2c       	mov	r13, r1
    5f4a:	cd 2d       	mov	r28, r13
    5f4c:	d0 e0       	ldi	r29, 0x00	; 0
    5f4e:	ce 15       	cp	r28, r14
    5f50:	df 05       	cpc	r29, r15
    5f52:	5c f4       	brge	.+22     	; 0x5f6a <_ZN6SI473531getCurrentReceivedSignalQualityEh+0xb0>
    5f54:	83 ed       	ldi	r24, 0xD3	; 211
    5f56:	96 e0       	ldi	r25, 0x06	; 6
    5f58:	0e 94 30 33 	call	0x6660	; 0x6660 <_ZN7TwoWire4readEv>
    5f5c:	c0 0f       	add	r28, r16
    5f5e:	d1 1f       	adc	r29, r17
    5f60:	ce 54       	subi	r28, 0x4E	; 78
    5f62:	df 4f       	sbci	r29, 0xFF	; 255
    5f64:	88 83       	st	Y, r24
    5f66:	d3 94       	inc	r13
    5f68:	f0 cf       	rjmp	.-32     	; 0x5f4a <_ZN6SI473531getCurrentReceivedSignalQualityEh+0x90>
    5f6a:	df 91       	pop	r29
    5f6c:	cf 91       	pop	r28
    5f6e:	1f 91       	pop	r17
    5f70:	0f 91       	pop	r16
    5f72:	ff 90       	pop	r15
    5f74:	ef 90       	pop	r14
    5f76:	df 90       	pop	r13
    5f78:	cf 90       	pop	r12
    5f7a:	08 95       	ret

00005f7c <_ZN6SI473531getCurrentReceivedSignalQualityEv>:
    5f7c:	60 e0       	ldi	r22, 0x00	; 0
    5f7e:	0c 94 5d 2f 	jmp	0x5eba	; 0x5eba <_ZN6SI473531getCurrentReceivedSignalQualityEh>

00005f82 <_ZN6SI473512sendPropertyEjj>:
    5f82:	ef 92       	push	r14
    5f84:	ff 92       	push	r15
    5f86:	0f 93       	push	r16
    5f88:	1f 93       	push	r17
    5f8a:	cf 93       	push	r28
    5f8c:	df 93       	push	r29
    5f8e:	ec 01       	movw	r28, r24
    5f90:	f6 2e       	mov	r15, r22
    5f92:	e7 2e       	mov	r14, r23
    5f94:	14 2f       	mov	r17, r20
    5f96:	05 2f       	mov	r16, r21
    5f98:	0e 94 d5 2d 	call	0x5baa	; 0x5baa <_ZN6SI473510waitToSendEv>
    5f9c:	c4 57       	subi	r28, 0x74	; 116
    5f9e:	df 4f       	sbci	r29, 0xFF	; 255
    5fa0:	68 81       	ld	r22, Y
    5fa2:	79 81       	ldd	r23, Y+1	; 0x01
    5fa4:	83 ed       	ldi	r24, 0xD3	; 211
    5fa6:	96 e0       	ldi	r25, 0x06	; 6
    5fa8:	0e 94 16 34 	call	0x682c	; 0x682c <_ZN7TwoWire17beginTransmissionEi>
    5fac:	62 e1       	ldi	r22, 0x12	; 18
    5fae:	70 e0       	ldi	r23, 0x00	; 0
    5fb0:	83 ed       	ldi	r24, 0xD3	; 211
    5fb2:	96 e0       	ldi	r25, 0x06	; 6
    5fb4:	0e 94 a8 09 	call	0x1350	; 0x1350 <_ZN7TwoWire5writeEi>
    5fb8:	60 e0       	ldi	r22, 0x00	; 0
    5fba:	70 e0       	ldi	r23, 0x00	; 0
    5fbc:	83 ed       	ldi	r24, 0xD3	; 211
    5fbe:	96 e0       	ldi	r25, 0x06	; 6
    5fc0:	0e 94 a8 09 	call	0x1350	; 0x1350 <_ZN7TwoWire5writeEi>
    5fc4:	6e 2d       	mov	r22, r14
    5fc6:	83 ed       	ldi	r24, 0xD3	; 211
    5fc8:	96 e0       	ldi	r25, 0x06	; 6
    5fca:	0e 94 b7 33 	call	0x676e	; 0x676e <_ZN7TwoWire5writeEh>
    5fce:	6f 2d       	mov	r22, r15
    5fd0:	83 ed       	ldi	r24, 0xD3	; 211
    5fd2:	96 e0       	ldi	r25, 0x06	; 6
    5fd4:	0e 94 b7 33 	call	0x676e	; 0x676e <_ZN7TwoWire5writeEh>
    5fd8:	60 2f       	mov	r22, r16
    5fda:	83 ed       	ldi	r24, 0xD3	; 211
    5fdc:	96 e0       	ldi	r25, 0x06	; 6
    5fde:	0e 94 b7 33 	call	0x676e	; 0x676e <_ZN7TwoWire5writeEh>
    5fe2:	61 2f       	mov	r22, r17
    5fe4:	83 ed       	ldi	r24, 0xD3	; 211
    5fe6:	96 e0       	ldi	r25, 0x06	; 6
    5fe8:	0e 94 b7 33 	call	0x676e	; 0x676e <_ZN7TwoWire5writeEh>
    5fec:	83 ed       	ldi	r24, 0xD3	; 211
    5fee:	96 e0       	ldi	r25, 0x06	; 6
    5ff0:	0e 94 94 34 	call	0x6928	; 0x6928 <_ZN7TwoWire15endTransmissionEv>
    5ff4:	86 e2       	ldi	r24, 0x26	; 38
    5ff6:	92 e0       	ldi	r25, 0x02	; 2
    5ff8:	df 91       	pop	r29
    5ffa:	cf 91       	pop	r28
    5ffc:	1f 91       	pop	r17
    5ffe:	0f 91       	pop	r16
    6000:	ff 90       	pop	r15
    6002:	ef 90       	pop	r14
    6004:	0c 94 dc 28 	jmp	0x51b8	; 0x51b8 <delayMicroseconds>

00006008 <_ZN6SI473511setRefClockEj>:
    6008:	0f 93       	push	r16
    600a:	1f 93       	push	r17
    600c:	cf 93       	push	r28
    600e:	df 93       	push	r29
    6010:	ec 01       	movw	r28, r24
    6012:	8b 01       	movw	r16, r22
    6014:	ab 01       	movw	r20, r22
    6016:	61 e0       	ldi	r22, 0x01	; 1
    6018:	72 e0       	ldi	r23, 0x02	; 2
    601a:	0e 94 c1 2f 	call	0x5f82	; 0x5f82 <_ZN6SI473512sendPropertyEjj>
    601e:	ca 55       	subi	r28, 0x5A	; 90
    6020:	df 4f       	sbci	r29, 0xFF	; 255
    6022:	19 83       	std	Y+1, r17	; 0x01
    6024:	08 83       	st	Y, r16
    6026:	df 91       	pop	r29
    6028:	cf 91       	pop	r28
    602a:	1f 91       	pop	r17
    602c:	0f 91       	pop	r16
    602e:	08 95       	ret

00006030 <_ZN6SI473520setRefClockPrescalerEjh>:
    6030:	ff 92       	push	r15
    6032:	0f 93       	push	r16
    6034:	1f 93       	push	r17
    6036:	cf 93       	push	r28
    6038:	df 93       	push	r29
    603a:	ec 01       	movw	r28, r24
    603c:	8b 01       	movw	r16, r22
    603e:	f4 2e       	mov	r15, r20
    6040:	ab 01       	movw	r20, r22
    6042:	62 e0       	ldi	r22, 0x02	; 2
    6044:	72 e0       	ldi	r23, 0x02	; 2
    6046:	0e 94 c1 2f 	call	0x5f82	; 0x5f82 <_ZN6SI473512sendPropertyEjj>
    604a:	fe 01       	movw	r30, r28
    604c:	e8 55       	subi	r30, 0x58	; 88
    604e:	ff 4f       	sbci	r31, 0xFF	; 255
    6050:	11 83       	std	Z+1, r17	; 0x01
    6052:	00 83       	st	Z, r16
    6054:	c6 55       	subi	r28, 0x56	; 86
    6056:	df 4f       	sbci	r29, 0xFF	; 255
    6058:	f8 82       	st	Y, r15
    605a:	df 91       	pop	r29
    605c:	cf 91       	pop	r28
    605e:	1f 91       	pop	r17
    6060:	0f 91       	pop	r16
    6062:	ff 90       	pop	r15
    6064:	08 95       	ret

00006066 <_ZN6SI473515setAvcAmMaxGainEh>:
    6066:	24 ef       	ldi	r18, 0xF4	; 244
    6068:	26 0f       	add	r18, r22
    606a:	2f 34       	cpi	r18, 0x4F	; 79
    606c:	78 f4       	brcc	.+30     	; 0x608c <_ZN6SI473515setAvcAmMaxGainEh+0x26>
    606e:	fc 01       	movw	r30, r24
    6070:	ee 55       	subi	r30, 0x5E	; 94
    6072:	ff 4f       	sbci	r31, 0xFF	; 255
    6074:	60 83       	st	Z, r22
    6076:	24 e5       	ldi	r18, 0x54	; 84
    6078:	31 e0       	ldi	r19, 0x01	; 1
    607a:	62 9f       	mul	r22, r18
    607c:	a0 01       	movw	r20, r0
    607e:	63 9f       	mul	r22, r19
    6080:	50 0d       	add	r21, r0
    6082:	11 24       	eor	r1, r1
    6084:	63 e0       	ldi	r22, 0x03	; 3
    6086:	71 e3       	ldi	r23, 0x31	; 49
    6088:	0c 94 c1 2f 	jmp	0x5f82	; 0x5f82 <_ZN6SI473512sendPropertyEjj>
    608c:	08 95       	ret

0000608e <_ZN6SI473515setSeekAmLimitsEjj>:
    608e:	0f 93       	push	r16
    6090:	1f 93       	push	r17
    6092:	cf 93       	push	r28
    6094:	df 93       	push	r29
    6096:	ec 01       	movw	r28, r24
    6098:	8a 01       	movw	r16, r20
    609a:	ab 01       	movw	r20, r22
    609c:	60 e0       	ldi	r22, 0x00	; 0
    609e:	74 e3       	ldi	r23, 0x34	; 52
    60a0:	0e 94 c1 2f 	call	0x5f82	; 0x5f82 <_ZN6SI473512sendPropertyEjj>
    60a4:	a8 01       	movw	r20, r16
    60a6:	61 e0       	ldi	r22, 0x01	; 1
    60a8:	74 e3       	ldi	r23, 0x34	; 52
    60aa:	ce 01       	movw	r24, r28
    60ac:	df 91       	pop	r29
    60ae:	cf 91       	pop	r28
    60b0:	1f 91       	pop	r17
    60b2:	0f 91       	pop	r16
    60b4:	0c 94 c1 2f 	jmp	0x5f82	; 0x5f82 <_ZN6SI473512sendPropertyEjj>

000060b8 <_ZN6SI473515setSeekFmLimitsEjj>:
    60b8:	0f 93       	push	r16
    60ba:	1f 93       	push	r17
    60bc:	cf 93       	push	r28
    60be:	df 93       	push	r29
    60c0:	ec 01       	movw	r28, r24
    60c2:	8a 01       	movw	r16, r20
    60c4:	ab 01       	movw	r20, r22
    60c6:	60 e0       	ldi	r22, 0x00	; 0
    60c8:	74 e1       	ldi	r23, 0x14	; 20
    60ca:	0e 94 c1 2f 	call	0x5f82	; 0x5f82 <_ZN6SI473512sendPropertyEjj>
    60ce:	a8 01       	movw	r20, r16
    60d0:	61 e0       	ldi	r22, 0x01	; 1
    60d2:	74 e1       	ldi	r23, 0x14	; 20
    60d4:	ce 01       	movw	r24, r28
    60d6:	df 91       	pop	r29
    60d8:	cf 91       	pop	r28
    60da:	1f 91       	pop	r17
    60dc:	0f 91       	pop	r16
    60de:	0c 94 c1 2f 	jmp	0x5f82	; 0x5f82 <_ZN6SI473512sendPropertyEjj>

000060e2 <_ZN6SI473516setSeekAmSpacingEj>:
    60e2:	ab 01       	movw	r20, r22
    60e4:	62 e0       	ldi	r22, 0x02	; 2
    60e6:	74 e3       	ldi	r23, 0x34	; 52
    60e8:	0c 94 c1 2f 	jmp	0x5f82	; 0x5f82 <_ZN6SI473512sendPropertyEjj>

000060ec <_ZN6SI473516setSeekFmSpacingEj>:
    60ec:	ab 01       	movw	r20, r22
    60ee:	62 e0       	ldi	r22, 0x02	; 2
    60f0:	74 e1       	ldi	r23, 0x14	; 20
    60f2:	0c 94 c1 2f 	jmp	0x5f82	; 0x5f82 <_ZN6SI473512sendPropertyEjj>

000060f6 <_ZN6SI473525setFmBlendStereoThresholdEh>:
    60f6:	46 2f       	mov	r20, r22
    60f8:	50 e0       	ldi	r21, 0x00	; 0
    60fa:	65 e0       	ldi	r22, 0x05	; 5
    60fc:	71 e1       	ldi	r23, 0x11	; 17
    60fe:	0c 94 c1 2f 	jmp	0x5f82	; 0x5f82 <_ZN6SI473512sendPropertyEjj>

00006102 <_ZN6SI47359setVolumeEh>:
    6102:	1f 93       	push	r17
    6104:	cf 93       	push	r28
    6106:	df 93       	push	r29
    6108:	ec 01       	movw	r28, r24
    610a:	16 2f       	mov	r17, r22
    610c:	46 2f       	mov	r20, r22
    610e:	50 e0       	ldi	r21, 0x00	; 0
    6110:	60 e0       	ldi	r22, 0x00	; 0
    6112:	70 e4       	ldi	r23, 0x40	; 64
    6114:	0e 94 c1 2f 	call	0x5f82	; 0x5f82 <_ZN6SI473512sendPropertyEjj>
    6118:	c1 52       	subi	r28, 0x21	; 33
    611a:	df 4f       	sbci	r29, 0xFF	; 255
    611c:	18 83       	st	Y, r17
    611e:	df 91       	pop	r29
    6120:	cf 91       	pop	r28
    6122:	1f 91       	pop	r17
    6124:	08 95       	ret

00006126 <_ZN6SI473512radioPowerUpEv>:
    6126:	cf 93       	push	r28
    6128:	df 93       	push	r29
    612a:	ec 01       	movw	r28, r24
    612c:	0e 94 d5 2d 	call	0x5baa	; 0x5baa <_ZN6SI473510waitToSendEv>
    6130:	fe 01       	movw	r30, r28
    6132:	e4 57       	subi	r30, 0x74	; 116
    6134:	ff 4f       	sbci	r31, 0xFF	; 255
    6136:	60 81       	ld	r22, Z
    6138:	71 81       	ldd	r23, Z+1	; 0x01
    613a:	83 ed       	ldi	r24, 0xD3	; 211
    613c:	96 e0       	ldi	r25, 0x06	; 6
    613e:	0e 94 16 34 	call	0x682c	; 0x682c <_ZN7TwoWire17beginTransmissionEi>
    6142:	61 e0       	ldi	r22, 0x01	; 1
    6144:	70 e0       	ldi	r23, 0x00	; 0
    6146:	83 ed       	ldi	r24, 0xD3	; 211
    6148:	96 e0       	ldi	r25, 0x06	; 6
    614a:	0e 94 a8 09 	call	0x1350	; 0x1350 <_ZN7TwoWire5writeEi>
    614e:	fe 01       	movw	r30, r28
    6150:	e3 52       	subi	r30, 0x23	; 35
    6152:	ff 4f       	sbci	r31, 0xFF	; 255
    6154:	60 81       	ld	r22, Z
    6156:	83 ed       	ldi	r24, 0xD3	; 211
    6158:	96 e0       	ldi	r25, 0x06	; 6
    615a:	0e 94 b7 33 	call	0x676e	; 0x676e <_ZN7TwoWire5writeEh>
    615e:	fe 01       	movw	r30, r28
    6160:	e2 52       	subi	r30, 0x22	; 34
    6162:	ff 4f       	sbci	r31, 0xFF	; 255
    6164:	60 81       	ld	r22, Z
    6166:	83 ed       	ldi	r24, 0xD3	; 211
    6168:	96 e0       	ldi	r25, 0x06	; 6
    616a:	0e 94 b7 33 	call	0x676e	; 0x676e <_ZN7TwoWire5writeEh>
    616e:	83 ed       	ldi	r24, 0xD3	; 211
    6170:	96 e0       	ldi	r25, 0x06	; 6
    6172:	0e 94 94 34 	call	0x6928	; 0x6928 <_ZN7TwoWire15endTransmissionEv>
    6176:	ce 01       	movw	r24, r28
    6178:	0e 94 d5 2d 	call	0x5baa	; 0x5baa <_ZN6SI473510waitToSendEv>
    617c:	fe 01       	movw	r30, r28
    617e:	e0 57       	subi	r30, 0x70	; 112
    6180:	ff 4f       	sbci	r31, 0xFF	; 255
    6182:	60 81       	ld	r22, Z
    6184:	71 81       	ldd	r23, Z+1	; 0x01
    6186:	80 e0       	ldi	r24, 0x00	; 0
    6188:	90 e0       	ldi	r25, 0x00	; 0
    618a:	0e 94 a0 28 	call	0x5140	; 0x5140 <delay>
    618e:	fe 01       	movw	r30, r28
    6190:	ee 51       	subi	r30, 0x1E	; 30
    6192:	ff 4f       	sbci	r31, 0xFF	; 255
    6194:	80 81       	ld	r24, Z
    6196:	87 fd       	sbrc	r24, 7
    6198:	07 c0       	rjmp	.+14     	; 0x61a8 <_ZN6SI473512radioPowerUpEv+0x82>
    619a:	61 e0       	ldi	r22, 0x01	; 1
    619c:	0e 94 87 29 	call	0x530e	; 0x530e <digitalWrite>
    61a0:	8c e2       	ldi	r24, 0x2C	; 44
    61a2:	91 e0       	ldi	r25, 0x01	; 1
    61a4:	0e 94 dc 28 	call	0x51b8	; 0x51b8 <delayMicroseconds>
    61a8:	fe 01       	movw	r30, r28
    61aa:	ed 55       	subi	r30, 0x5D	; 93
    61ac:	ff 4f       	sbci	r31, 0xFF	; 255
    61ae:	80 81       	ld	r24, Z
    61b0:	81 11       	cpse	r24, r1
    61b2:	14 c0       	rjmp	.+40     	; 0x61dc <_ZN6SI473512radioPowerUpEv+0xb6>
    61b4:	33 96       	adiw	r30, 0x03	; 3
    61b6:	60 81       	ld	r22, Z
    61b8:	71 81       	ldd	r23, Z+1	; 0x01
    61ba:	ce 01       	movw	r24, r28
    61bc:	0e 94 04 30 	call	0x6008	; 0x6008 <_ZN6SI473511setRefClockEj>
    61c0:	fe 01       	movw	r30, r28
    61c2:	e6 55       	subi	r30, 0x56	; 86
    61c4:	ff 4f       	sbci	r31, 0xFF	; 255
    61c6:	de 01       	movw	r26, r28
    61c8:	a8 55       	subi	r26, 0x58	; 88
    61ca:	bf 4f       	sbci	r27, 0xFF	; 255
    61cc:	6d 91       	ld	r22, X+
    61ce:	7c 91       	ld	r23, X
    61d0:	40 81       	ld	r20, Z
    61d2:	ce 01       	movw	r24, r28
    61d4:	df 91       	pop	r29
    61d6:	cf 91       	pop	r28
    61d8:	0c 94 18 30 	jmp	0x6030	; 0x6030 <_ZN6SI473520setRefClockPrescalerEjh>
    61dc:	df 91       	pop	r29
    61de:	cf 91       	pop	r28
    61e0:	08 95       	ret

000061e2 <_ZN6SI47355setupEhhhhhh>:
    61e2:	af 92       	push	r10
    61e4:	bf 92       	push	r11
    61e6:	cf 92       	push	r12
    61e8:	df 92       	push	r13
    61ea:	ef 92       	push	r14
    61ec:	ff 92       	push	r15
    61ee:	0f 93       	push	r16
    61f0:	1f 93       	push	r17
    61f2:	cf 93       	push	r28
    61f4:	df 93       	push	r29
    61f6:	ec 01       	movw	r28, r24
    61f8:	a6 2e       	mov	r10, r22
    61fa:	14 2f       	mov	r17, r20
    61fc:	b2 2e       	mov	r11, r18
    61fe:	de 2c       	mov	r13, r14
    6200:	fc 2c       	mov	r15, r12
    6202:	83 ed       	ldi	r24, 0xD3	; 211
    6204:	96 e0       	ldi	r25, 0x06	; 6
    6206:	0e 94 f6 33 	call	0x67ec	; 0x67ec <_ZN7TwoWire5beginEv>
    620a:	fe 01       	movw	r30, r28
    620c:	e9 56       	subi	r30, 0x69	; 105
    620e:	ff 4f       	sbci	r31, 0xFF	; 255
    6210:	a0 82       	st	Z, r10
    6212:	3d 96       	adiw	r30, 0x0d	; 13
    6214:	81 e0       	ldi	r24, 0x01	; 1
    6216:	11 11       	cpse	r17, r1
    6218:	01 c0       	rjmp	.+2      	; 0x621c <_ZN6SI47355setupEhhhhhh+0x3a>
    621a:	80 e0       	ldi	r24, 0x00	; 0
    621c:	80 83       	st	Z, r24
    621e:	fe 01       	movw	r30, r28
    6220:	eb 55       	subi	r30, 0x5B	; 91
    6222:	ff 4f       	sbci	r31, 0xFF	; 255
    6224:	f0 82       	st	Z, r15
    6226:	fb 96       	adiw	r30, 0x3b	; 59
    6228:	00 83       	st	Z, r16
    622a:	c0 2e       	mov	r12, r16
    622c:	eb 2c       	mov	r14, r11
    622e:	0d 2d       	mov	r16, r13
    6230:	20 e0       	ldi	r18, 0x00	; 0
    6232:	4f 2d       	mov	r20, r15
    6234:	61 2f       	mov	r22, r17
    6236:	ce 01       	movw	r24, r28
    6238:	0e 94 46 2a 	call	0x548c	; 0x548c <_ZN6SI473510setPowerUpEhhhhhh>
    623c:	fe 01       	movw	r30, r28
    623e:	ee 51       	subi	r30, 0x1E	; 30
    6240:	ff 4f       	sbci	r31, 0xFF	; 255
    6242:	80 81       	ld	r24, Z
    6244:	87 fd       	sbrc	r24, 7
    6246:	07 c0       	rjmp	.+14     	; 0x6256 <_ZN6SI47355setupEhhhhhh+0x74>
    6248:	60 e0       	ldi	r22, 0x00	; 0
    624a:	0e 94 87 29 	call	0x530e	; 0x530e <digitalWrite>
    624e:	8c e2       	ldi	r24, 0x2C	; 44
    6250:	91 e0       	ldi	r25, 0x01	; 1
    6252:	0e 94 dc 28 	call	0x51b8	; 0x51b8 <delayMicroseconds>
    6256:	ce 01       	movw	r24, r28
    6258:	0e 94 21 2a 	call	0x5442	; 0x5442 <_ZN6SI47355resetEv>
    625c:	ce 01       	movw	r24, r28
    625e:	0e 94 93 30 	call	0x6126	; 0x6126 <_ZN6SI473512radioPowerUpEv>
    6262:	6e e1       	ldi	r22, 0x1E	; 30
    6264:	ce 01       	movw	r24, r28
    6266:	0e 94 81 30 	call	0x6102	; 0x6102 <_ZN6SI47359setVolumeEh>
    626a:	ce 01       	movw	r24, r28
    626c:	df 91       	pop	r29
    626e:	cf 91       	pop	r28
    6270:	1f 91       	pop	r17
    6272:	0f 91       	pop	r16
    6274:	ff 90       	pop	r15
    6276:	ef 90       	pop	r14
    6278:	df 90       	pop	r13
    627a:	cf 90       	pop	r12
    627c:	bf 90       	pop	r11
    627e:	af 90       	pop	r10
    6280:	0c 94 1a 2e 	jmp	0x5c34	; 0x5c34 <_ZN6SI473511getFirmwareEv>

00006284 <_ZN6SI47355setupEhh>:
    6284:	cf 92       	push	r12
    6286:	ef 92       	push	r14
    6288:	0f 93       	push	r16
    628a:	24 2f       	mov	r18, r20
    628c:	c1 2c       	mov	r12, r1
    628e:	ee 24       	eor	r14, r14
    6290:	e3 94       	inc	r14
    6292:	05 e0       	ldi	r16, 0x05	; 5
    6294:	40 e0       	ldi	r20, 0x00	; 0
    6296:	0e 94 f1 30 	call	0x61e2	; 0x61e2 <_ZN6SI47355setupEhhhhhh>
    629a:	6a ef       	ldi	r22, 0xFA	; 250
    629c:	70 e0       	ldi	r23, 0x00	; 0
    629e:	80 e0       	ldi	r24, 0x00	; 0
    62a0:	90 e0       	ldi	r25, 0x00	; 0
    62a2:	0f 91       	pop	r16
    62a4:	ef 90       	pop	r14
    62a6:	cf 90       	pop	r12
    62a8:	0c 94 a0 28 	jmp	0x5140	; 0x5140 <delay>

000062ac <_ZN6SI47355setAMEv>:
    62ac:	0f 93       	push	r16
    62ae:	1f 93       	push	r17
    62b0:	cf 93       	push	r28
    62b2:	df 93       	push	r29
    62b4:	ec 01       	movw	r28, r24
    62b6:	8c 01       	movw	r16, r24
    62b8:	0f 55       	subi	r16, 0x5F	; 95
    62ba:	1f 4f       	sbci	r17, 0xFF	; 255
    62bc:	f8 01       	movw	r30, r16
    62be:	80 81       	ld	r24, Z
    62c0:	81 30       	cpi	r24, 0x01	; 1
    62c2:	c1 f1       	breq	.+112    	; 0x6334 <_ZN6SI47355setAMEv+0x88>
    62c4:	ce 01       	movw	r24, r28
    62c6:	0e 94 ef 2d 	call	0x5bde	; 0x5bde <_ZN6SI47359powerDownEv>
    62ca:	fe 01       	movw	r30, r28
    62cc:	e0 52       	subi	r30, 0x20	; 32
    62ce:	ff 4f       	sbci	r31, 0xFF	; 255
    62d0:	90 81       	ld	r25, Z
    62d2:	fd 97       	sbiw	r30, 0x3d	; 61
    62d4:	20 81       	ld	r18, Z
    62d6:	de 01       	movw	r26, r28
    62d8:	a3 52       	subi	r26, 0x23	; 35
    62da:	bf 4f       	sbci	r27, 0xFF	; 255
    62dc:	8c 91       	ld	r24, X
    62de:	31 96       	adiw	r30, 0x01	; 1
    62e0:	30 81       	ld	r19, Z
    62e2:	30 fb       	bst	r19, 0
    62e4:	87 f9       	bld	r24, 7
    62e6:	8f 79       	andi	r24, 0x9F	; 159
    62e8:	20 fb       	bst	r18, 0
    62ea:	84 f9       	bld	r24, 4
    62ec:	80 7f       	andi	r24, 0xF0	; 240
    62ee:	81 60       	ori	r24, 0x01	; 1
    62f0:	8c 93       	st	X, r24
    62f2:	fa 96       	adiw	r30, 0x3a	; 58
    62f4:	90 83       	st	Z, r25
    62f6:	80 e4       	ldi	r24, 0x40	; 64
    62f8:	e6 54       	subi	r30, 0x46	; 70
    62fa:	f1 09       	sbc	r31, r1
    62fc:	80 83       	st	Z, r24
    62fe:	75 96       	adiw	r30, 0x15	; 21
    6300:	80 81       	ld	r24, Z
    6302:	80 7c       	andi	r24, 0xC0	; 192
    6304:	81 60       	ori	r24, 0x01	; 1
    6306:	80 83       	st	Z, r24
    6308:	33 96       	adiw	r30, 0x03	; 3
    630a:	10 82       	st	Z, r1
    630c:	81 e0       	ldi	r24, 0x01	; 1
    630e:	31 96       	adiw	r30, 0x01	; 1
    6310:	80 83       	st	Z, r24
    6312:	ce 01       	movw	r24, r28
    6314:	0e 94 93 30 	call	0x6126	; 0x6126 <_ZN6SI473512radioPowerUpEv>
    6318:	fe 01       	movw	r30, r28
    631a:	ee 55       	subi	r30, 0x5E	; 94
    631c:	ff 4f       	sbci	r31, 0xFF	; 255
    631e:	60 81       	ld	r22, Z
    6320:	ce 01       	movw	r24, r28
    6322:	0e 94 33 30 	call	0x6066	; 0x6066 <_ZN6SI473515setAvcAmMaxGainEh>
    6326:	fe 01       	movw	r30, r28
    6328:	e1 52       	subi	r30, 0x21	; 33
    632a:	ff 4f       	sbci	r31, 0xFF	; 255
    632c:	60 81       	ld	r22, Z
    632e:	ce 01       	movw	r24, r28
    6330:	0e 94 81 30 	call	0x6102	; 0x6102 <_ZN6SI47359setVolumeEh>
    6334:	cf 51       	subi	r28, 0x1F	; 31
    6336:	df 4f       	sbci	r29, 0xFF	; 255
    6338:	18 82       	st	Y, r1
    633a:	81 e0       	ldi	r24, 0x01	; 1
    633c:	f8 01       	movw	r30, r16
    633e:	80 83       	st	Z, r24
    6340:	df 91       	pop	r29
    6342:	cf 91       	pop	r28
    6344:	1f 91       	pop	r17
    6346:	0f 91       	pop	r16
    6348:	08 95       	ret

0000634a <_ZN6SI47355setAMEjjjj>:
    634a:	ef 92       	push	r14
    634c:	ff 92       	push	r15
    634e:	0f 93       	push	r16
    6350:	1f 93       	push	r17
    6352:	cf 93       	push	r28
    6354:	df 93       	push	r29
    6356:	ec 01       	movw	r28, r24
    6358:	79 01       	movw	r14, r18
    635a:	fc 01       	movw	r30, r24
    635c:	e7 56       	subi	r30, 0x67	; 103
    635e:	ff 4f       	sbci	r31, 0xFF	; 255
    6360:	71 83       	std	Z+1, r23	; 0x01
    6362:	60 83       	st	Z, r22
    6364:	32 96       	adiw	r30, 0x02	; 2
    6366:	51 83       	std	Z+1, r21	; 0x01
    6368:	40 83       	st	Z, r20
    636a:	34 96       	adiw	r30, 0x04	; 4
    636c:	11 83       	std	Z+1, r17	; 0x01
    636e:	00 83       	st	Z, r16
    6370:	26 17       	cp	r18, r22
    6372:	37 07       	cpc	r19, r23
    6374:	18 f0       	brcs	.+6      	; 0x637c <_ZN6SI47355setAMEjjjj+0x32>
    6376:	42 17       	cp	r20, r18
    6378:	53 07       	cpc	r21, r19
    637a:	08 f4       	brcc	.+2      	; 0x637e <_ZN6SI47355setAMEjjjj+0x34>
    637c:	7b 01       	movw	r14, r22
    637e:	ce 01       	movw	r24, r28
    6380:	0e 94 56 31 	call	0x62ac	; 0x62ac <_ZN6SI47355setAMEv>
    6384:	fe 01       	movw	r30, r28
    6386:	e3 56       	subi	r30, 0x63	; 99
    6388:	ff 4f       	sbci	r31, 0xFF	; 255
    638a:	f1 82       	std	Z+1, r15	; 0x01
    638c:	e0 82       	st	Z, r14
    638e:	b7 01       	movw	r22, r14
    6390:	ce 01       	movw	r24, r28
    6392:	df 91       	pop	r29
    6394:	cf 91       	pop	r28
    6396:	1f 91       	pop	r17
    6398:	0f 91       	pop	r16
    639a:	ff 90       	pop	r15
    639c:	ef 90       	pop	r14
    639e:	0c 94 69 2e 	jmp	0x5cd2	; 0x5cd2 <_ZN6SI473512setFrequencyEj>

000063a2 <_ZN6SI47355setFMEv>:
    63a2:	cf 93       	push	r28
    63a4:	df 93       	push	r29
    63a6:	ec 01       	movw	r28, r24
    63a8:	0e 94 ef 2d 	call	0x5bde	; 0x5bde <_ZN6SI47359powerDownEv>
    63ac:	fe 01       	movw	r30, r28
    63ae:	e0 52       	subi	r30, 0x20	; 32
    63b0:	ff 4f       	sbci	r31, 0xFF	; 255
    63b2:	90 81       	ld	r25, Z
    63b4:	fd 97       	sbiw	r30, 0x3d	; 61
    63b6:	20 81       	ld	r18, Z
    63b8:	32 96       	adiw	r30, 0x02	; 2
    63ba:	30 81       	ld	r19, Z
    63bc:	de 01       	movw	r26, r28
    63be:	ac 55       	subi	r26, 0x5C	; 92
    63c0:	bf 4f       	sbci	r27, 0xFF	; 255
    63c2:	f8 96       	adiw	r30, 0x38	; 56
    63c4:	80 81       	ld	r24, Z
    63c6:	4c 91       	ld	r20, X
    63c8:	40 fb       	bst	r20, 0
    63ca:	87 f9       	bld	r24, 7
    63cc:	30 fb       	bst	r19, 0
    63ce:	86 f9       	bld	r24, 6
    63d0:	8f 7d       	andi	r24, 0xDF	; 223
    63d2:	20 fb       	bst	r18, 0
    63d4:	84 f9       	bld	r24, 4
    63d6:	80 7f       	andi	r24, 0xF0	; 240
    63d8:	80 83       	st	Z, r24
    63da:	31 96       	adiw	r30, 0x01	; 1
    63dc:	90 83       	st	Z, r25
    63de:	e6 54       	subi	r30, 0x46	; 70
    63e0:	f1 09       	sbc	r31, r1
    63e2:	80 e2       	ldi	r24, 0x20	; 32
    63e4:	80 83       	st	Z, r24
    63e6:	75 96       	adiw	r30, 0x15	; 21
    63e8:	80 81       	ld	r24, Z
    63ea:	80 7c       	andi	r24, 0xC0	; 192
    63ec:	83 60       	ori	r24, 0x03	; 3
    63ee:	80 83       	st	Z, r24
    63f0:	33 96       	adiw	r30, 0x03	; 3
    63f2:	10 82       	st	Z, r1
    63f4:	31 96       	adiw	r30, 0x01	; 1
    63f6:	81 e0       	ldi	r24, 0x01	; 1
    63f8:	80 83       	st	Z, r24
    63fa:	ce 01       	movw	r24, r28
    63fc:	0e 94 93 30 	call	0x6126	; 0x6126 <_ZN6SI473512radioPowerUpEv>
    6400:	fe 01       	movw	r30, r28
    6402:	e1 52       	subi	r30, 0x21	; 33
    6404:	ff 4f       	sbci	r31, 0xFF	; 255
    6406:	60 81       	ld	r22, Z
    6408:	ce 01       	movw	r24, r28
    640a:	0e 94 81 30 	call	0x6102	; 0x6102 <_ZN6SI47359setVolumeEh>
    640e:	fe 01       	movw	r30, r28
    6410:	ef 51       	subi	r30, 0x1F	; 31
    6412:	ff 4f       	sbci	r31, 0xFF	; 255
    6414:	10 82       	st	Z, r1
    6416:	ce 01       	movw	r24, r28
    6418:	0e 94 83 2a 	call	0x5506	; 0x5506 <_ZN6SI473514disableFmDebugEv>
    641c:	cf 55       	subi	r28, 0x5F	; 95
    641e:	df 4f       	sbci	r29, 0xFF	; 255
    6420:	18 82       	st	Y, r1
    6422:	df 91       	pop	r29
    6424:	cf 91       	pop	r28
    6426:	08 95       	ret

00006428 <_ZN6SI47355setFMEjjjj>:
    6428:	ef 92       	push	r14
    642a:	ff 92       	push	r15
    642c:	0f 93       	push	r16
    642e:	1f 93       	push	r17
    6430:	cf 93       	push	r28
    6432:	df 93       	push	r29
    6434:	ec 01       	movw	r28, r24
    6436:	79 01       	movw	r14, r18
    6438:	fc 01       	movw	r30, r24
    643a:	e7 56       	subi	r30, 0x67	; 103
    643c:	ff 4f       	sbci	r31, 0xFF	; 255
    643e:	71 83       	std	Z+1, r23	; 0x01
    6440:	60 83       	st	Z, r22
    6442:	32 96       	adiw	r30, 0x02	; 2
    6444:	51 83       	std	Z+1, r21	; 0x01
    6446:	40 83       	st	Z, r20
    6448:	34 96       	adiw	r30, 0x04	; 4
    644a:	11 83       	std	Z+1, r17	; 0x01
    644c:	00 83       	st	Z, r16
    644e:	26 17       	cp	r18, r22
    6450:	37 07       	cpc	r19, r23
    6452:	18 f0       	brcs	.+6      	; 0x645a <_ZN6SI47355setFMEjjjj+0x32>
    6454:	42 17       	cp	r20, r18
    6456:	53 07       	cpc	r21, r19
    6458:	08 f4       	brcc	.+2      	; 0x645c <_ZN6SI47355setFMEjjjj+0x34>
    645a:	7b 01       	movw	r14, r22
    645c:	ce 01       	movw	r24, r28
    645e:	0e 94 d1 31 	call	0x63a2	; 0x63a2 <_ZN6SI47355setFMEv>
    6462:	fe 01       	movw	r30, r28
    6464:	e3 56       	subi	r30, 0x63	; 99
    6466:	ff 4f       	sbci	r31, 0xFF	; 255
    6468:	f1 82       	std	Z+1, r15	; 0x01
    646a:	e0 82       	st	Z, r14
    646c:	b7 01       	movw	r22, r14
    646e:	ce 01       	movw	r24, r28
    6470:	df 91       	pop	r29
    6472:	cf 91       	pop	r28
    6474:	1f 91       	pop	r17
    6476:	0f 91       	pop	r16
    6478:	ff 90       	pop	r15
    647a:	ef 90       	pop	r14
    647c:	0c 94 69 2e 	jmp	0x5cd2	; 0x5cd2 <_ZN6SI473512setFrequencyEj>

00006480 <_ZN6SI473512setRdsConfigEhhhhh>:
    6480:	cf 92       	push	r12
    6482:	df 92       	push	r13
    6484:	ef 92       	push	r14
    6486:	0f 93       	push	r16
    6488:	1f 93       	push	r17
    648a:	cf 93       	push	r28
    648c:	df 93       	push	r29
    648e:	6c 01       	movw	r12, r24
    6490:	d6 2f       	mov	r29, r22
    6492:	14 2f       	mov	r17, r20
    6494:	c2 2f       	mov	r28, r18
    6496:	0e 94 d5 2d 	call	0x5baa	; 0x5baa <_ZN6SI473510waitToSendEv>
    649a:	c3 70       	andi	r28, 0x03	; 3
    649c:	c2 95       	swap	r28
    649e:	c0 7f       	andi	r28, 0xF0	; 240
    64a0:	12 95       	swap	r17
    64a2:	11 0f       	add	r17, r17
    64a4:	11 0f       	add	r17, r17
    64a6:	10 7c       	andi	r17, 0xC0	; 192
    64a8:	03 70       	andi	r16, 0x03	; 3
    64aa:	80 2f       	mov	r24, r16
    64ac:	88 0f       	add	r24, r24
    64ae:	88 0f       	add	r24, r24
    64b0:	01 2f       	mov	r16, r17
    64b2:	0c 2b       	or	r16, r28
    64b4:	9e 2d       	mov	r25, r14
    64b6:	93 70       	andi	r25, 0x03	; 3
    64b8:	08 2b       	or	r16, r24
    64ba:	09 2b       	or	r16, r25
    64bc:	d1 70       	andi	r29, 0x01	; 1
    64be:	f6 01       	movw	r30, r12
    64c0:	e4 57       	subi	r30, 0x74	; 116
    64c2:	ff 4f       	sbci	r31, 0xFF	; 255
    64c4:	60 81       	ld	r22, Z
    64c6:	71 81       	ldd	r23, Z+1	; 0x01
    64c8:	83 ed       	ldi	r24, 0xD3	; 211
    64ca:	96 e0       	ldi	r25, 0x06	; 6
    64cc:	0e 94 16 34 	call	0x682c	; 0x682c <_ZN7TwoWire17beginTransmissionEi>
    64d0:	62 e1       	ldi	r22, 0x12	; 18
    64d2:	70 e0       	ldi	r23, 0x00	; 0
    64d4:	83 ed       	ldi	r24, 0xD3	; 211
    64d6:	96 e0       	ldi	r25, 0x06	; 6
    64d8:	0e 94 a8 09 	call	0x1350	; 0x1350 <_ZN7TwoWire5writeEi>
    64dc:	60 e0       	ldi	r22, 0x00	; 0
    64de:	70 e0       	ldi	r23, 0x00	; 0
    64e0:	83 ed       	ldi	r24, 0xD3	; 211
    64e2:	96 e0       	ldi	r25, 0x06	; 6
    64e4:	0e 94 a8 09 	call	0x1350	; 0x1350 <_ZN7TwoWire5writeEi>
    64e8:	65 e1       	ldi	r22, 0x15	; 21
    64ea:	83 ed       	ldi	r24, 0xD3	; 211
    64ec:	96 e0       	ldi	r25, 0x06	; 6
    64ee:	0e 94 b7 33 	call	0x676e	; 0x676e <_ZN7TwoWire5writeEh>
    64f2:	62 e0       	ldi	r22, 0x02	; 2
    64f4:	83 ed       	ldi	r24, 0xD3	; 211
    64f6:	96 e0       	ldi	r25, 0x06	; 6
    64f8:	0e 94 b7 33 	call	0x676e	; 0x676e <_ZN7TwoWire5writeEh>
    64fc:	60 2f       	mov	r22, r16
    64fe:	83 ed       	ldi	r24, 0xD3	; 211
    6500:	96 e0       	ldi	r25, 0x06	; 6
    6502:	0e 94 b7 33 	call	0x676e	; 0x676e <_ZN7TwoWire5writeEh>
    6506:	6d 2f       	mov	r22, r29
    6508:	83 ed       	ldi	r24, 0xD3	; 211
    650a:	96 e0       	ldi	r25, 0x06	; 6
    650c:	0e 94 b7 33 	call	0x676e	; 0x676e <_ZN7TwoWire5writeEh>
    6510:	83 ed       	ldi	r24, 0xD3	; 211
    6512:	96 e0       	ldi	r25, 0x06	; 6
    6514:	0e 94 94 34 	call	0x6928	; 0x6928 <_ZN7TwoWire15endTransmissionEv>
    6518:	86 e2       	ldi	r24, 0x26	; 38
    651a:	92 e0       	ldi	r25, 0x02	; 2
    651c:	0e 94 dc 28 	call	0x51b8	; 0x51b8 <delayMicroseconds>
    6520:	c6 01       	movw	r24, r12
    6522:	df 91       	pop	r29
    6524:	cf 91       	pop	r28
    6526:	1f 91       	pop	r17
    6528:	0f 91       	pop	r16
    652a:	ef 90       	pop	r14
    652c:	df 90       	pop	r13
    652e:	cf 90       	pop	r12
    6530:	0c 94 e6 2a 	jmp	0x55cc	; 0x55cc <_ZN6SI47357RdsInitEv>

00006534 <_ZN6SI473512getRdsStatusEhhh>:
    6534:	af 92       	push	r10
    6536:	bf 92       	push	r11
    6538:	cf 92       	push	r12
    653a:	df 92       	push	r13
    653c:	ef 92       	push	r14
    653e:	ff 92       	push	r15
    6540:	0f 93       	push	r16
    6542:	1f 93       	push	r17
    6544:	cf 93       	push	r28
    6546:	df 93       	push	r29
    6548:	fc 01       	movw	r30, r24
    654a:	e8 56       	subi	r30, 0x68	; 104
    654c:	ff 4f       	sbci	r31, 0xFF	; 255
    654e:	30 81       	ld	r19, Z
    6550:	30 32       	cpi	r19, 0x20	; 32
    6552:	09 f0       	breq	.+2      	; 0x6556 <_ZN6SI473512getRdsStatusEhhh+0x22>
    6554:	6f c0       	rjmp	.+222    	; 0x6634 <_ZN6SI473512getRdsStatusEhhh+0x100>
    6556:	02 2f       	mov	r16, r18
    6558:	f4 2e       	mov	r15, r20
    655a:	e6 2e       	mov	r14, r22
    655c:	ec 01       	movw	r28, r24
    655e:	35 96       	adiw	r30, 0x05	; 5
    6560:	80 81       	ld	r24, Z
    6562:	91 81       	ldd	r25, Z+1	; 0x01
    6564:	20 91 d1 06 	lds	r18, 0x06D1	; 0x8006d1 <_ZZN6SI473512getRdsStatusEhhhE8lastFreq>
    6568:	30 91 d2 06 	lds	r19, 0x06D2	; 0x8006d2 <_ZZN6SI473512getRdsStatusEhhhE8lastFreq+0x1>
    656c:	82 17       	cp	r24, r18
    656e:	93 07       	cpc	r25, r19
    6570:	69 f0       	breq	.+26     	; 0x658c <_ZN6SI473512getRdsStatusEhhh+0x58>
    6572:	90 93 d2 06 	sts	0x06D2, r25	; 0x8006d2 <_ZZN6SI473512getRdsStatusEhhhE8lastFreq+0x1>
    6576:	80 93 d1 06 	sts	0x06D1, r24	; 0x8006d1 <_ZZN6SI473512getRdsStatusEhhhE8lastFreq>
    657a:	ce 01       	movw	r24, r28
    657c:	0e 94 b8 2a 	call	0x5570	; 0x5570 <_ZN6SI473516clearRdsBuffer2AEv>
    6580:	ce 01       	movw	r24, r28
    6582:	0e 94 c6 2a 	call	0x558c	; 0x558c <_ZN6SI473516clearRdsBuffer2BEv>
    6586:	ce 01       	movw	r24, r28
    6588:	0e 94 d6 2a 	call	0x55ac	; 0x55ac <_ZN6SI473516clearRdsBuffer0AEv>
    658c:	ce 01       	movw	r24, r28
    658e:	0e 94 d5 2d 	call	0x5baa	; 0x5baa <_ZN6SI473510waitToSendEv>
    6592:	10 e0       	ldi	r17, 0x00	; 0
    6594:	e0 fa       	bst	r14, 0
    6596:	10 f9       	bld	r17, 0
    6598:	f0 fa       	bst	r15, 0
    659a:	11 f9       	bld	r17, 1
    659c:	00 fb       	bst	r16, 0
    659e:	12 f9       	bld	r17, 2
    65a0:	7e 01       	movw	r14, r28
    65a2:	8c e8       	ldi	r24, 0x8C	; 140
    65a4:	e8 0e       	add	r14, r24
    65a6:	f1 1c       	adc	r15, r1
    65a8:	f7 01       	movw	r30, r14
    65aa:	60 81       	ld	r22, Z
    65ac:	71 81       	ldd	r23, Z+1	; 0x01
    65ae:	83 ed       	ldi	r24, 0xD3	; 211
    65b0:	96 e0       	ldi	r25, 0x06	; 6
    65b2:	0e 94 16 34 	call	0x682c	; 0x682c <_ZN7TwoWire17beginTransmissionEi>
    65b6:	64 e2       	ldi	r22, 0x24	; 36
    65b8:	70 e0       	ldi	r23, 0x00	; 0
    65ba:	83 ed       	ldi	r24, 0xD3	; 211
    65bc:	96 e0       	ldi	r25, 0x06	; 6
    65be:	0e 94 a8 09 	call	0x1350	; 0x1350 <_ZN7TwoWire5writeEi>
    65c2:	61 2f       	mov	r22, r17
    65c4:	83 ed       	ldi	r24, 0xD3	; 211
    65c6:	96 e0       	ldi	r25, 0x06	; 6
    65c8:	0e 94 b7 33 	call	0x676e	; 0x676e <_ZN7TwoWire5writeEh>
    65cc:	83 ed       	ldi	r24, 0xD3	; 211
    65ce:	96 e0       	ldi	r25, 0x06	; 6
    65d0:	0e 94 94 34 	call	0x6928	; 0x6928 <_ZN7TwoWire15endTransmissionEv>
    65d4:	5e 01       	movw	r10, r28
    65d6:	f8 ed       	ldi	r31, 0xD8	; 216
    65d8:	af 0e       	add	r10, r31
    65da:	b1 1c       	adc	r11, r1
    65dc:	ce 01       	movw	r24, r28
    65de:	0e 94 d5 2d 	call	0x5baa	; 0x5baa <_ZN6SI473510waitToSendEv>
    65e2:	f7 01       	movw	r30, r14
    65e4:	60 81       	ld	r22, Z
    65e6:	71 81       	ldd	r23, Z+1	; 0x01
    65e8:	4d e0       	ldi	r20, 0x0D	; 13
    65ea:	50 e0       	ldi	r21, 0x00	; 0
    65ec:	83 ed       	ldi	r24, 0xD3	; 211
    65ee:	96 e0       	ldi	r25, 0x06	; 6
    65f0:	0e 94 8f 34 	call	0x691e	; 0x691e <_ZN7TwoWire11requestFromEii>
    65f4:	8e 01       	movw	r16, r28
    65f6:	05 53       	subi	r16, 0x35	; 53
    65f8:	1f 4f       	sbci	r17, 0xFF	; 255
    65fa:	68 01       	movw	r12, r16
    65fc:	83 ed       	ldi	r24, 0xD3	; 211
    65fe:	96 e0       	ldi	r25, 0x06	; 6
    6600:	0e 94 30 33 	call	0x6660	; 0x6660 <_ZN7TwoWire4readEv>
    6604:	f8 01       	movw	r30, r16
    6606:	81 93       	st	Z+, r24
    6608:	8f 01       	movw	r16, r30
    660a:	ea 15       	cp	r30, r10
    660c:	fb 05       	cpc	r31, r11
    660e:	b1 f7       	brne	.-20     	; 0x65fc <_ZN6SI473512getRdsStatusEhhh+0xc8>
    6610:	f6 01       	movw	r30, r12
    6612:	80 81       	ld	r24, Z
    6614:	86 fd       	sbrc	r24, 6
    6616:	e2 cf       	rjmp	.-60     	; 0x65dc <_ZN6SI473512getRdsStatusEhhh+0xa8>
    6618:	86 e2       	ldi	r24, 0x26	; 38
    661a:	92 e0       	ldi	r25, 0x02	; 2
    661c:	df 91       	pop	r29
    661e:	cf 91       	pop	r28
    6620:	1f 91       	pop	r17
    6622:	0f 91       	pop	r16
    6624:	ff 90       	pop	r15
    6626:	ef 90       	pop	r14
    6628:	df 90       	pop	r13
    662a:	cf 90       	pop	r12
    662c:	bf 90       	pop	r11
    662e:	af 90       	pop	r10
    6630:	0c 94 dc 28 	jmp	0x51b8	; 0x51b8 <delayMicroseconds>
    6634:	df 91       	pop	r29
    6636:	cf 91       	pop	r28
    6638:	1f 91       	pop	r17
    663a:	0f 91       	pop	r16
    663c:	ff 90       	pop	r15
    663e:	ef 90       	pop	r14
    6640:	df 90       	pop	r13
    6642:	cf 90       	pop	r12
    6644:	bf 90       	pop	r11
    6646:	af 90       	pop	r10
    6648:	08 95       	ret

0000664a <_ZN5Print17availableForWriteEv>:
    664a:	80 e0       	ldi	r24, 0x00	; 0
    664c:	90 e0       	ldi	r25, 0x00	; 0
    664e:	08 95       	ret

00006650 <_ZN7TwoWire9availableEv>:
    6650:	80 91 07 07 	lds	r24, 0x0707	; 0x800707 <_ZN7TwoWire14rxBufferLengthE>
    6654:	90 e0       	ldi	r25, 0x00	; 0
    6656:	20 91 08 07 	lds	r18, 0x0708	; 0x800708 <_ZN7TwoWire13rxBufferIndexE>
    665a:	82 1b       	sub	r24, r18
    665c:	91 09       	sbc	r25, r1
    665e:	08 95       	ret

00006660 <_ZN7TwoWire4readEv>:
    6660:	90 91 08 07 	lds	r25, 0x0708	; 0x800708 <_ZN7TwoWire13rxBufferIndexE>
    6664:	80 91 07 07 	lds	r24, 0x0707	; 0x800707 <_ZN7TwoWire14rxBufferLengthE>
    6668:	98 17       	cp	r25, r24
    666a:	50 f4       	brcc	.+20     	; 0x6680 <_ZN7TwoWire4readEv+0x20>
    666c:	e9 2f       	mov	r30, r25
    666e:	f0 e0       	ldi	r31, 0x00	; 0
    6670:	e7 5f       	subi	r30, 0xF7	; 247
    6672:	f8 4f       	sbci	r31, 0xF8	; 248
    6674:	20 81       	ld	r18, Z
    6676:	30 e0       	ldi	r19, 0x00	; 0
    6678:	9f 5f       	subi	r25, 0xFF	; 255
    667a:	90 93 08 07 	sts	0x0708, r25	; 0x800708 <_ZN7TwoWire13rxBufferIndexE>
    667e:	02 c0       	rjmp	.+4      	; 0x6684 <_ZN7TwoWire4readEv+0x24>
    6680:	2f ef       	ldi	r18, 0xFF	; 255
    6682:	3f ef       	ldi	r19, 0xFF	; 255
    6684:	c9 01       	movw	r24, r18
    6686:	08 95       	ret

00006688 <_ZN7TwoWire4peekEv>:
    6688:	e0 91 08 07 	lds	r30, 0x0708	; 0x800708 <_ZN7TwoWire13rxBufferIndexE>
    668c:	80 91 07 07 	lds	r24, 0x0707	; 0x800707 <_ZN7TwoWire14rxBufferLengthE>
    6690:	e8 17       	cp	r30, r24
    6692:	30 f4       	brcc	.+12     	; 0x66a0 <_ZN7TwoWire4peekEv+0x18>
    6694:	f0 e0       	ldi	r31, 0x00	; 0
    6696:	e7 5f       	subi	r30, 0xF7	; 247
    6698:	f8 4f       	sbci	r31, 0xF8	; 248
    669a:	80 81       	ld	r24, Z
    669c:	90 e0       	ldi	r25, 0x00	; 0
    669e:	08 95       	ret
    66a0:	8f ef       	ldi	r24, 0xFF	; 255
    66a2:	9f ef       	ldi	r25, 0xFF	; 255
    66a4:	08 95       	ret

000066a6 <_ZN7TwoWire5flushEv>:
    66a6:	08 95       	ret

000066a8 <_ZN7TwoWire16onReceiveServiceEPhi>:
    66a8:	cf 93       	push	r28
    66aa:	df 93       	push	r29
    66ac:	ec 01       	movw	r28, r24
    66ae:	e0 91 df 06 	lds	r30, 0x06DF	; 0x8006df <_ZN7TwoWire14user_onReceiveE>
    66b2:	f0 91 e0 06 	lds	r31, 0x06E0	; 0x8006e0 <_ZN7TwoWire14user_onReceiveE+0x1>
    66b6:	30 97       	sbiw	r30, 0x00	; 0
    66b8:	f1 f0       	breq	.+60     	; 0x66f6 <_ZN7TwoWire16onReceiveServiceEPhi+0x4e>
    66ba:	90 91 08 07 	lds	r25, 0x0708	; 0x800708 <_ZN7TwoWire13rxBufferIndexE>
    66be:	80 91 07 07 	lds	r24, 0x0707	; 0x800707 <_ZN7TwoWire14rxBufferLengthE>
    66c2:	98 17       	cp	r25, r24
    66c4:	c0 f0       	brcs	.+48     	; 0x66f6 <_ZN7TwoWire16onReceiveServiceEPhi+0x4e>
    66c6:	90 e0       	ldi	r25, 0x00	; 0
    66c8:	29 2f       	mov	r18, r25
    66ca:	30 e0       	ldi	r19, 0x00	; 0
    66cc:	26 17       	cp	r18, r22
    66ce:	37 07       	cpc	r19, r23
    66d0:	54 f4       	brge	.+20     	; 0x66e6 <_ZN7TwoWire16onReceiveServiceEPhi+0x3e>
    66d2:	de 01       	movw	r26, r28
    66d4:	a2 0f       	add	r26, r18
    66d6:	b3 1f       	adc	r27, r19
    66d8:	4c 91       	ld	r20, X
    66da:	d9 01       	movw	r26, r18
    66dc:	a7 5f       	subi	r26, 0xF7	; 247
    66de:	b8 4f       	sbci	r27, 0xF8	; 248
    66e0:	4c 93       	st	X, r20
    66e2:	9f 5f       	subi	r25, 0xFF	; 255
    66e4:	f1 cf       	rjmp	.-30     	; 0x66c8 <_ZN7TwoWire16onReceiveServiceEPhi+0x20>
    66e6:	10 92 08 07 	sts	0x0708, r1	; 0x800708 <_ZN7TwoWire13rxBufferIndexE>
    66ea:	60 93 07 07 	sts	0x0707, r22	; 0x800707 <_ZN7TwoWire14rxBufferLengthE>
    66ee:	cb 01       	movw	r24, r22
    66f0:	df 91       	pop	r29
    66f2:	cf 91       	pop	r28
    66f4:	09 94       	ijmp
    66f6:	df 91       	pop	r29
    66f8:	cf 91       	pop	r28
    66fa:	08 95       	ret

000066fc <_ZN7TwoWire16onRequestServiceEv>:
    66fc:	e0 91 e1 06 	lds	r30, 0x06E1	; 0x8006e1 <_ZN7TwoWire14user_onRequestE>
    6700:	f0 91 e2 06 	lds	r31, 0x06E2	; 0x8006e2 <_ZN7TwoWire14user_onRequestE+0x1>
    6704:	30 97       	sbiw	r30, 0x00	; 0
    6706:	29 f0       	breq	.+10     	; 0x6712 <_ZN7TwoWire16onRequestServiceEv+0x16>
    6708:	10 92 e5 06 	sts	0x06E5, r1	; 0x8006e5 <_ZN7TwoWire13txBufferIndexE>
    670c:	10 92 e4 06 	sts	0x06E4, r1	; 0x8006e4 <_ZN7TwoWire14txBufferLengthE>
    6710:	09 94       	ijmp
    6712:	08 95       	ret

00006714 <_ZN7TwoWire5writeEPKhj>:
    6714:	cf 92       	push	r12
    6716:	df 92       	push	r13
    6718:	ef 92       	push	r14
    671a:	ff 92       	push	r15
    671c:	0f 93       	push	r16
    671e:	1f 93       	push	r17
    6720:	cf 93       	push	r28
    6722:	df 93       	push	r29
    6724:	7c 01       	movw	r14, r24
    6726:	cb 01       	movw	r24, r22
    6728:	8a 01       	movw	r16, r20
    672a:	20 91 e3 06 	lds	r18, 0x06E3	; 0x8006e3 <_ZN7TwoWire12transmittingE>
    672e:	22 23       	and	r18, r18
    6730:	89 f0       	breq	.+34     	; 0x6754 <_ZN7TwoWire5writeEPKhj+0x40>
    6732:	eb 01       	movw	r28, r22
    6734:	6b 01       	movw	r12, r22
    6736:	c4 0e       	add	r12, r20
    6738:	d5 1e       	adc	r13, r21
    673a:	cc 15       	cp	r28, r12
    673c:	dd 05       	cpc	r29, r13
    673e:	69 f0       	breq	.+26     	; 0x675a <_ZN7TwoWire5writeEPKhj+0x46>
    6740:	69 91       	ld	r22, Y+
    6742:	d7 01       	movw	r26, r14
    6744:	ed 91       	ld	r30, X+
    6746:	fc 91       	ld	r31, X
    6748:	01 90       	ld	r0, Z+
    674a:	f0 81       	ld	r31, Z
    674c:	e0 2d       	mov	r30, r0
    674e:	c7 01       	movw	r24, r14
    6750:	09 95       	icall
    6752:	f3 cf       	rjmp	.-26     	; 0x673a <_ZN7TwoWire5writeEPKhj+0x26>
    6754:	64 2f       	mov	r22, r20
    6756:	0e 94 db 34 	call	0x69b6	; 0x69b6 <twi_transmit>
    675a:	c8 01       	movw	r24, r16
    675c:	df 91       	pop	r29
    675e:	cf 91       	pop	r28
    6760:	1f 91       	pop	r17
    6762:	0f 91       	pop	r16
    6764:	ff 90       	pop	r15
    6766:	ef 90       	pop	r14
    6768:	df 90       	pop	r13
    676a:	cf 90       	pop	r12
    676c:	08 95       	ret

0000676e <_ZN7TwoWire5writeEh>:
    676e:	cf 93       	push	r28
    6770:	df 93       	push	r29
    6772:	1f 92       	push	r1
    6774:	cd b7       	in	r28, 0x3d	; 61
    6776:	de b7       	in	r29, 0x3e	; 62
    6778:	69 83       	std	Y+1, r22	; 0x01
    677a:	20 91 e3 06 	lds	r18, 0x06E3	; 0x8006e3 <_ZN7TwoWire12transmittingE>
    677e:	22 23       	and	r18, r18
    6780:	d1 f0       	breq	.+52     	; 0x67b6 <_ZN7TwoWire5writeEh+0x48>
    6782:	20 91 e4 06 	lds	r18, 0x06E4	; 0x8006e4 <_ZN7TwoWire14txBufferLengthE>
    6786:	20 32       	cpi	r18, 0x20	; 32
    6788:	40 f0       	brcs	.+16     	; 0x679a <_ZN7TwoWire5writeEh+0x2c>
    678a:	21 e0       	ldi	r18, 0x01	; 1
    678c:	30 e0       	ldi	r19, 0x00	; 0
    678e:	fc 01       	movw	r30, r24
    6790:	33 83       	std	Z+3, r19	; 0x03
    6792:	22 83       	std	Z+2, r18	; 0x02
    6794:	80 e0       	ldi	r24, 0x00	; 0
    6796:	90 e0       	ldi	r25, 0x00	; 0
    6798:	15 c0       	rjmp	.+42     	; 0x67c4 <_ZN7TwoWire5writeEh+0x56>
    679a:	80 91 e5 06 	lds	r24, 0x06E5	; 0x8006e5 <_ZN7TwoWire13txBufferIndexE>
    679e:	e8 2f       	mov	r30, r24
    67a0:	f0 e0       	ldi	r31, 0x00	; 0
    67a2:	ea 51       	subi	r30, 0x1A	; 26
    67a4:	f9 4f       	sbci	r31, 0xF9	; 249
    67a6:	99 81       	ldd	r25, Y+1	; 0x01
    67a8:	90 83       	st	Z, r25
    67aa:	8f 5f       	subi	r24, 0xFF	; 255
    67ac:	80 93 e5 06 	sts	0x06E5, r24	; 0x8006e5 <_ZN7TwoWire13txBufferIndexE>
    67b0:	80 93 e4 06 	sts	0x06E4, r24	; 0x8006e4 <_ZN7TwoWire14txBufferLengthE>
    67b4:	05 c0       	rjmp	.+10     	; 0x67c0 <_ZN7TwoWire5writeEh+0x52>
    67b6:	61 e0       	ldi	r22, 0x01	; 1
    67b8:	ce 01       	movw	r24, r28
    67ba:	01 96       	adiw	r24, 0x01	; 1
    67bc:	0e 94 db 34 	call	0x69b6	; 0x69b6 <twi_transmit>
    67c0:	81 e0       	ldi	r24, 0x01	; 1
    67c2:	90 e0       	ldi	r25, 0x00	; 0
    67c4:	0f 90       	pop	r0
    67c6:	df 91       	pop	r29
    67c8:	cf 91       	pop	r28
    67ca:	08 95       	ret

000067cc <_ZN7TwoWireC1Ev>:
    67cc:	fc 01       	movw	r30, r24
    67ce:	13 82       	std	Z+3, r1	; 0x03
    67d0:	12 82       	std	Z+2, r1	; 0x02
    67d2:	88 ee       	ldi	r24, 0xE8	; 232
    67d4:	93 e0       	ldi	r25, 0x03	; 3
    67d6:	a0 e0       	ldi	r26, 0x00	; 0
    67d8:	b0 e0       	ldi	r27, 0x00	; 0
    67da:	84 83       	std	Z+4, r24	; 0x04
    67dc:	95 83       	std	Z+5, r25	; 0x05
    67de:	a6 83       	std	Z+6, r26	; 0x06
    67e0:	b7 83       	std	Z+7, r27	; 0x07
    67e2:	88 e0       	ldi	r24, 0x08	; 8
    67e4:	94 e0       	ldi	r25, 0x04	; 4
    67e6:	91 83       	std	Z+1, r25	; 0x01
    67e8:	80 83       	st	Z, r24
    67ea:	08 95       	ret

000067ec <_ZN7TwoWire5beginEv>:
    67ec:	10 92 08 07 	sts	0x0708, r1	; 0x800708 <_ZN7TwoWire13rxBufferIndexE>
    67f0:	10 92 07 07 	sts	0x0707, r1	; 0x800707 <_ZN7TwoWire14rxBufferLengthE>
    67f4:	10 92 e5 06 	sts	0x06E5, r1	; 0x8006e5 <_ZN7TwoWire13txBufferIndexE>
    67f8:	10 92 e4 06 	sts	0x06E4, r1	; 0x8006e4 <_ZN7TwoWire14txBufferLengthE>
    67fc:	0e 94 9c 34 	call	0x6938	; 0x6938 <twi_init>
    6800:	8e e7       	ldi	r24, 0x7E	; 126
    6802:	93 e3       	ldi	r25, 0x33	; 51
    6804:	0e 94 08 35 	call	0x6a10	; 0x6a10 <twi_attachSlaveTxEvent>
    6808:	84 e5       	ldi	r24, 0x54	; 84
    680a:	93 e3       	ldi	r25, 0x33	; 51
    680c:	0c 94 03 35 	jmp	0x6a06	; 0x6a06 <twi_attachSlaveRxEvent>

00006810 <_ZN7TwoWire8setClockEm>:
    6810:	cb 01       	movw	r24, r22
    6812:	ba 01       	movw	r22, r20
    6814:	0c 94 c7 34 	jmp	0x698e	; 0x698e <twi_setFrequency>

00006818 <_ZN7TwoWire17beginTransmissionEh>:
    6818:	81 e0       	ldi	r24, 0x01	; 1
    681a:	80 93 e3 06 	sts	0x06E3, r24	; 0x8006e3 <_ZN7TwoWire12transmittingE>
    681e:	60 93 06 07 	sts	0x0706, r22	; 0x800706 <_ZN7TwoWire9txAddressE>
    6822:	10 92 e5 06 	sts	0x06E5, r1	; 0x8006e5 <_ZN7TwoWire13txBufferIndexE>
    6826:	10 92 e4 06 	sts	0x06E4, r1	; 0x8006e4 <_ZN7TwoWire14txBufferLengthE>
    682a:	08 95       	ret

0000682c <_ZN7TwoWire17beginTransmissionEi>:
    682c:	0c 94 0c 34 	jmp	0x6818	; 0x6818 <_ZN7TwoWire17beginTransmissionEh>

00006830 <_ZN7TwoWire15endTransmissionEh>:
    6830:	0f 93       	push	r16
    6832:	06 2f       	mov	r16, r22
    6834:	21 e0       	ldi	r18, 0x01	; 1
    6836:	40 91 e4 06 	lds	r20, 0x06E4	; 0x8006e4 <_ZN7TwoWire14txBufferLengthE>
    683a:	66 ee       	ldi	r22, 0xE6	; 230
    683c:	76 e0       	ldi	r23, 0x06	; 6
    683e:	80 91 06 07 	lds	r24, 0x0706	; 0x800706 <_ZN7TwoWire9txAddressE>
    6842:	0e 94 12 36 	call	0x6c24	; 0x6c24 <twi_writeTo>
    6846:	10 92 e5 06 	sts	0x06E5, r1	; 0x8006e5 <_ZN7TwoWire13txBufferIndexE>
    684a:	10 92 e4 06 	sts	0x06E4, r1	; 0x8006e4 <_ZN7TwoWire14txBufferLengthE>
    684e:	10 92 e3 06 	sts	0x06E3, r1	; 0x8006e3 <_ZN7TwoWire12transmittingE>
    6852:	0f 91       	pop	r16
    6854:	08 95       	ret

00006856 <_ZN7TwoWire11requestFromEhhmhh>:
    6856:	4f 92       	push	r4
    6858:	5f 92       	push	r5
    685a:	6f 92       	push	r6
    685c:	7f 92       	push	r7
    685e:	af 92       	push	r10
    6860:	bf 92       	push	r11
    6862:	cf 92       	push	r12
    6864:	ef 92       	push	r14
    6866:	ff 92       	push	r15
    6868:	0f 93       	push	r16
    686a:	1f 93       	push	r17
    686c:	cf 93       	push	r28
    686e:	df 93       	push	r29
    6870:	5c 01       	movw	r10, r24
    6872:	f6 2e       	mov	r15, r22
    6874:	d4 2f       	mov	r29, r20
    6876:	28 01       	movw	r4, r16
    6878:	39 01       	movw	r6, r18
    687a:	ee 20       	and	r14, r14
    687c:	21 f1       	breq	.+72     	; 0x68c6 <_ZN7TwoWire11requestFromEhhmhh+0x70>
    687e:	0e 94 0c 34 	call	0x6818	; 0x6818 <_ZN7TwoWire17beginTransmissionEh>
    6882:	ce 2d       	mov	r28, r14
    6884:	c4 30       	cpi	r28, 0x04	; 4
    6886:	08 f0       	brcs	.+2      	; 0x688a <_ZN7TwoWire11requestFromEhhmhh+0x34>
    6888:	c3 e0       	ldi	r28, 0x03	; 3
    688a:	c1 50       	subi	r28, 0x01	; 1
    688c:	c0 f0       	brcs	.+48     	; 0x68be <_ZN7TwoWire11requestFromEhhmhh+0x68>
    688e:	28 e0       	ldi	r18, 0x08	; 8
    6890:	c2 9f       	mul	r28, r18
    6892:	c0 01       	movw	r24, r0
    6894:	11 24       	eor	r1, r1
    6896:	a3 01       	movw	r20, r6
    6898:	92 01       	movw	r18, r4
    689a:	04 c0       	rjmp	.+8      	; 0x68a4 <_ZN7TwoWire11requestFromEhhmhh+0x4e>
    689c:	56 95       	lsr	r21
    689e:	47 95       	ror	r20
    68a0:	37 95       	ror	r19
    68a2:	27 95       	ror	r18
    68a4:	8a 95       	dec	r24
    68a6:	d2 f7       	brpl	.-12     	; 0x689c <_ZN7TwoWire11requestFromEhhmhh+0x46>
    68a8:	ca 01       	movw	r24, r20
    68aa:	b9 01       	movw	r22, r18
    68ac:	d5 01       	movw	r26, r10
    68ae:	ed 91       	ld	r30, X+
    68b0:	fc 91       	ld	r31, X
    68b2:	01 90       	ld	r0, Z+
    68b4:	f0 81       	ld	r31, Z
    68b6:	e0 2d       	mov	r30, r0
    68b8:	c5 01       	movw	r24, r10
    68ba:	09 95       	icall
    68bc:	e6 cf       	rjmp	.-52     	; 0x688a <_ZN7TwoWire11requestFromEhhmhh+0x34>
    68be:	60 e0       	ldi	r22, 0x00	; 0
    68c0:	c5 01       	movw	r24, r10
    68c2:	0e 94 18 34 	call	0x6830	; 0x6830 <_ZN7TwoWire15endTransmissionEh>
    68c6:	4d 2f       	mov	r20, r29
    68c8:	d1 32       	cpi	r29, 0x21	; 33
    68ca:	08 f0       	brcs	.+2      	; 0x68ce <_ZN7TwoWire11requestFromEhhmhh+0x78>
    68cc:	40 e2       	ldi	r20, 0x20	; 32
    68ce:	2c 2d       	mov	r18, r12
    68d0:	69 e0       	ldi	r22, 0x09	; 9
    68d2:	77 e0       	ldi	r23, 0x07	; 7
    68d4:	8f 2d       	mov	r24, r15
    68d6:	0e 94 29 35 	call	0x6a52	; 0x6a52 <twi_readFrom>
    68da:	10 92 08 07 	sts	0x0708, r1	; 0x800708 <_ZN7TwoWire13rxBufferIndexE>
    68de:	80 93 07 07 	sts	0x0707, r24	; 0x800707 <_ZN7TwoWire14rxBufferLengthE>
    68e2:	df 91       	pop	r29
    68e4:	cf 91       	pop	r28
    68e6:	1f 91       	pop	r17
    68e8:	0f 91       	pop	r16
    68ea:	ff 90       	pop	r15
    68ec:	ef 90       	pop	r14
    68ee:	cf 90       	pop	r12
    68f0:	bf 90       	pop	r11
    68f2:	af 90       	pop	r10
    68f4:	7f 90       	pop	r7
    68f6:	6f 90       	pop	r6
    68f8:	5f 90       	pop	r5
    68fa:	4f 90       	pop	r4
    68fc:	08 95       	ret

000068fe <_ZN7TwoWire11requestFromEhhh>:
    68fe:	cf 92       	push	r12
    6900:	ef 92       	push	r14
    6902:	0f 93       	push	r16
    6904:	1f 93       	push	r17
    6906:	c2 2e       	mov	r12, r18
    6908:	e1 2c       	mov	r14, r1
    690a:	00 e0       	ldi	r16, 0x00	; 0
    690c:	10 e0       	ldi	r17, 0x00	; 0
    690e:	98 01       	movw	r18, r16
    6910:	0e 94 2b 34 	call	0x6856	; 0x6856 <_ZN7TwoWire11requestFromEhhmhh>
    6914:	1f 91       	pop	r17
    6916:	0f 91       	pop	r16
    6918:	ef 90       	pop	r14
    691a:	cf 90       	pop	r12
    691c:	08 95       	ret

0000691e <_ZN7TwoWire11requestFromEii>:
    691e:	21 e0       	ldi	r18, 0x01	; 1
    6920:	0c 94 7f 34 	jmp	0x68fe	; 0x68fe <_ZN7TwoWire11requestFromEhhh>

00006924 <_ZN7TwoWire11requestFromEiii>:
    6924:	0c 94 7f 34 	jmp	0x68fe	; 0x68fe <_ZN7TwoWire11requestFromEhhh>

00006928 <_ZN7TwoWire15endTransmissionEv>:
    6928:	61 e0       	ldi	r22, 0x01	; 1
    692a:	0c 94 18 34 	jmp	0x6830	; 0x6830 <_ZN7TwoWire15endTransmissionEh>

0000692e <_GLOBAL__sub_I__ZN7TwoWire8rxBufferE>:
    692e:	83 ed       	ldi	r24, 0xD3	; 211
    6930:	96 e0       	ldi	r25, 0x06	; 6
    6932:	0c 94 e6 33 	jmp	0x67cc	; 0x67cc <_ZN7TwoWireC1Ev>

00006936 <yield>:
    6936:	08 95       	ret

00006938 <twi_init>:
    6938:	10 92 9c 07 	sts	0x079C, r1	; 0x80079c <twi_state>
    693c:	81 e0       	ldi	r24, 0x01	; 1
    693e:	80 93 9a 07 	sts	0x079A, r24	; 0x80079a <twi_sendStop>
    6942:	10 92 99 07 	sts	0x0799, r1	; 0x800799 <twi_inRepStart>
    6946:	61 e0       	ldi	r22, 0x01	; 1
    6948:	82 e1       	ldi	r24, 0x12	; 18
    694a:	0e 94 87 29 	call	0x530e	; 0x530e <digitalWrite>
    694e:	61 e0       	ldi	r22, 0x01	; 1
    6950:	83 e1       	ldi	r24, 0x13	; 19
    6952:	0e 94 87 29 	call	0x530e	; 0x530e <digitalWrite>
    6956:	e9 eb       	ldi	r30, 0xB9	; 185
    6958:	f0 e0       	ldi	r31, 0x00	; 0
    695a:	80 81       	ld	r24, Z
    695c:	8e 7f       	andi	r24, 0xFE	; 254
    695e:	80 83       	st	Z, r24
    6960:	80 81       	ld	r24, Z
    6962:	8d 7f       	andi	r24, 0xFD	; 253
    6964:	80 83       	st	Z, r24
    6966:	88 e4       	ldi	r24, 0x48	; 72
    6968:	80 93 b8 00 	sts	0x00B8, r24	; 0x8000b8 <__TEXT_REGION_LENGTH__+0x7f80b8>
    696c:	85 e4       	ldi	r24, 0x45	; 69
    696e:	80 93 bc 00 	sts	0x00BC, r24	; 0x8000bc <__TEXT_REGION_LENGTH__+0x7f80bc>
    6972:	08 95       	ret

00006974 <twi_disable>:
    6974:	ec eb       	ldi	r30, 0xBC	; 188
    6976:	f0 e0       	ldi	r31, 0x00	; 0
    6978:	80 81       	ld	r24, Z
    697a:	8a 7b       	andi	r24, 0xBA	; 186
    697c:	80 83       	st	Z, r24
    697e:	60 e0       	ldi	r22, 0x00	; 0
    6980:	82 e1       	ldi	r24, 0x12	; 18
    6982:	0e 94 87 29 	call	0x530e	; 0x530e <digitalWrite>
    6986:	60 e0       	ldi	r22, 0x00	; 0
    6988:	83 e1       	ldi	r24, 0x13	; 19
    698a:	0c 94 87 29 	jmp	0x530e	; 0x530e <digitalWrite>

0000698e <twi_setFrequency>:
    698e:	9b 01       	movw	r18, r22
    6990:	ac 01       	movw	r20, r24
    6992:	60 e0       	ldi	r22, 0x00	; 0
    6994:	74 e2       	ldi	r23, 0x24	; 36
    6996:	84 ef       	ldi	r24, 0xF4	; 244
    6998:	90 e0       	ldi	r25, 0x00	; 0
    699a:	0e 94 ab 38 	call	0x7156	; 0x7156 <__udivmodsi4>
    699e:	da 01       	movw	r26, r20
    69a0:	c9 01       	movw	r24, r18
    69a2:	40 97       	sbiw	r24, 0x10	; 16
    69a4:	a1 09       	sbc	r26, r1
    69a6:	b1 09       	sbc	r27, r1
    69a8:	b6 95       	lsr	r27
    69aa:	a7 95       	ror	r26
    69ac:	97 95       	ror	r25
    69ae:	87 95       	ror	r24
    69b0:	80 93 b8 00 	sts	0x00B8, r24	; 0x8000b8 <__TEXT_REGION_LENGTH__+0x7f80b8>
    69b4:	08 95       	ret

000069b6 <twi_transmit>:
    69b6:	40 91 4b 07 	lds	r20, 0x074B	; 0x80074b <twi_txBufferLength>
    69ba:	26 2f       	mov	r18, r22
    69bc:	30 e0       	ldi	r19, 0x00	; 0
    69be:	24 0f       	add	r18, r20
    69c0:	31 1d       	adc	r19, r1
    69c2:	21 32       	cpi	r18, 0x21	; 33
    69c4:	31 05       	cpc	r19, r1
    69c6:	dc f4       	brge	.+54     	; 0x69fe <twi_transmit+0x48>
    69c8:	20 91 9c 07 	lds	r18, 0x079C	; 0x80079c <twi_state>
    69cc:	24 30       	cpi	r18, 0x04	; 4
    69ce:	c9 f4       	brne	.+50     	; 0x6a02 <twi_transmit+0x4c>
    69d0:	fc 01       	movw	r30, r24
    69d2:	80 e0       	ldi	r24, 0x00	; 0
    69d4:	90 e0       	ldi	r25, 0x00	; 0
    69d6:	86 17       	cp	r24, r22
    69d8:	58 f4       	brcc	.+22     	; 0x69f0 <twi_transmit+0x3a>
    69da:	30 91 4b 07 	lds	r19, 0x074B	; 0x80074b <twi_txBufferLength>
    69de:	21 91       	ld	r18, Z+
    69e0:	dc 01       	movw	r26, r24
    69e2:	a3 5b       	subi	r26, 0xB3	; 179
    69e4:	b8 4f       	sbci	r27, 0xF8	; 248
    69e6:	a3 0f       	add	r26, r19
    69e8:	b1 1d       	adc	r27, r1
    69ea:	2c 93       	st	X, r18
    69ec:	01 96       	adiw	r24, 0x01	; 1
    69ee:	f3 cf       	rjmp	.-26     	; 0x69d6 <twi_transmit+0x20>
    69f0:	80 91 4b 07 	lds	r24, 0x074B	; 0x80074b <twi_txBufferLength>
    69f4:	68 0f       	add	r22, r24
    69f6:	60 93 4b 07 	sts	0x074B, r22	; 0x80074b <twi_txBufferLength>
    69fa:	80 e0       	ldi	r24, 0x00	; 0
    69fc:	08 95       	ret
    69fe:	81 e0       	ldi	r24, 0x01	; 1
    6a00:	08 95       	ret
    6a02:	82 e0       	ldi	r24, 0x02	; 2
    6a04:	08 95       	ret

00006a06 <twi_attachSlaveRxEvent>:
    6a06:	90 93 90 07 	sts	0x0790, r25	; 0x800790 <twi_onSlaveReceive+0x1>
    6a0a:	80 93 8f 07 	sts	0x078F, r24	; 0x80078f <twi_onSlaveReceive>
    6a0e:	08 95       	ret

00006a10 <twi_attachSlaveTxEvent>:
    6a10:	90 93 92 07 	sts	0x0792, r25	; 0x800792 <twi_onSlaveTransmit+0x1>
    6a14:	80 93 91 07 	sts	0x0791, r24	; 0x800791 <twi_onSlaveTransmit>
    6a18:	08 95       	ret

00006a1a <twi_releaseBus>:
    6a1a:	85 ec       	ldi	r24, 0xC5	; 197
    6a1c:	80 93 bc 00 	sts	0x00BC, r24	; 0x8000bc <__TEXT_REGION_LENGTH__+0x7f80bc>
    6a20:	10 92 9c 07 	sts	0x079C, r1	; 0x80079c <twi_state>
    6a24:	08 95       	ret

00006a26 <twi_handleTimeout>:
    6a26:	cf 93       	push	r28
    6a28:	df 93       	push	r29
    6a2a:	91 e0       	ldi	r25, 0x01	; 1
    6a2c:	90 93 94 07 	sts	0x0794, r25	; 0x800794 <twi_timed_out_flag>
    6a30:	88 23       	and	r24, r24
    6a32:	61 f0       	breq	.+24     	; 0x6a4c <twi_handleTimeout+0x26>
    6a34:	c0 91 b8 00 	lds	r28, 0x00B8	; 0x8000b8 <__TEXT_REGION_LENGTH__+0x7f80b8>
    6a38:	d0 91 ba 00 	lds	r29, 0x00BA	; 0x8000ba <__TEXT_REGION_LENGTH__+0x7f80ba>
    6a3c:	0e 94 ba 34 	call	0x6974	; 0x6974 <twi_disable>
    6a40:	0e 94 9c 34 	call	0x6938	; 0x6938 <twi_init>
    6a44:	d0 93 ba 00 	sts	0x00BA, r29	; 0x8000ba <__TEXT_REGION_LENGTH__+0x7f80ba>
    6a48:	c0 93 b8 00 	sts	0x00B8, r28	; 0x8000b8 <__TEXT_REGION_LENGTH__+0x7f80b8>
    6a4c:	df 91       	pop	r29
    6a4e:	cf 91       	pop	r28
    6a50:	08 95       	ret

00006a52 <twi_readFrom>:
    6a52:	4f 92       	push	r4
    6a54:	5f 92       	push	r5
    6a56:	6f 92       	push	r6
    6a58:	7f 92       	push	r7
    6a5a:	8f 92       	push	r8
    6a5c:	9f 92       	push	r9
    6a5e:	af 92       	push	r10
    6a60:	bf 92       	push	r11
    6a62:	cf 92       	push	r12
    6a64:	df 92       	push	r13
    6a66:	ef 92       	push	r14
    6a68:	ff 92       	push	r15
    6a6a:	0f 93       	push	r16
    6a6c:	1f 93       	push	r17
    6a6e:	cf 93       	push	r28
    6a70:	df 93       	push	r29
    6a72:	f8 2e       	mov	r15, r24
    6a74:	16 2f       	mov	r17, r22
    6a76:	07 2f       	mov	r16, r23
    6a78:	c4 2f       	mov	r28, r20
    6a7a:	e2 2e       	mov	r14, r18
    6a7c:	41 32       	cpi	r20, 0x21	; 33
    6a7e:	08 f0       	brcs	.+2      	; 0x6a82 <twi_readFrom+0x30>
    6a80:	be c0       	rjmp	.+380    	; 0x6bfe <twi_readFrom+0x1ac>
    6a82:	0e 94 7b 28 	call	0x50f6	; 0x50f6 <micros>
    6a86:	4b 01       	movw	r8, r22
    6a88:	5c 01       	movw	r10, r24
    6a8a:	d0 91 9c 07 	lds	r29, 0x079C	; 0x80079c <twi_state>
    6a8e:	dd 23       	and	r29, r29
    6a90:	31 f1       	breq	.+76     	; 0x6ade <twi_readFrom+0x8c>
    6a92:	80 91 95 07 	lds	r24, 0x0795	; 0x800795 <twi_timeout_us>
    6a96:	90 91 96 07 	lds	r25, 0x0796	; 0x800796 <twi_timeout_us+0x1>
    6a9a:	a0 91 97 07 	lds	r26, 0x0797	; 0x800797 <twi_timeout_us+0x2>
    6a9e:	b0 91 98 07 	lds	r27, 0x0798	; 0x800798 <twi_timeout_us+0x3>
    6aa2:	89 2b       	or	r24, r25
    6aa4:	8a 2b       	or	r24, r26
    6aa6:	8b 2b       	or	r24, r27
    6aa8:	81 f3       	breq	.-32     	; 0x6a8a <twi_readFrom+0x38>
    6aaa:	0e 94 7b 28 	call	0x50f6	; 0x50f6 <micros>
    6aae:	40 90 95 07 	lds	r4, 0x0795	; 0x800795 <twi_timeout_us>
    6ab2:	50 90 96 07 	lds	r5, 0x0796	; 0x800796 <twi_timeout_us+0x1>
    6ab6:	60 90 97 07 	lds	r6, 0x0797	; 0x800797 <twi_timeout_us+0x2>
    6aba:	70 90 98 07 	lds	r7, 0x0798	; 0x800798 <twi_timeout_us+0x3>
    6abe:	dc 01       	movw	r26, r24
    6ac0:	cb 01       	movw	r24, r22
    6ac2:	88 19       	sub	r24, r8
    6ac4:	99 09       	sbc	r25, r9
    6ac6:	aa 09       	sbc	r26, r10
    6ac8:	bb 09       	sbc	r27, r11
    6aca:	48 16       	cp	r4, r24
    6acc:	59 06       	cpc	r5, r25
    6ace:	6a 06       	cpc	r6, r26
    6ad0:	7b 06       	cpc	r7, r27
    6ad2:	d8 f6       	brcc	.-74     	; 0x6a8a <twi_readFrom+0x38>
    6ad4:	80 91 93 07 	lds	r24, 0x0793	; 0x800793 <twi_do_reset_on_timeout>
    6ad8:	0e 94 13 35 	call	0x6a26	; 0x6a26 <twi_handleTimeout>
    6adc:	90 c0       	rjmp	.+288    	; 0x6bfe <twi_readFrom+0x1ac>
    6ade:	81 e0       	ldi	r24, 0x01	; 1
    6ae0:	80 93 9c 07 	sts	0x079C, r24	; 0x80079c <twi_state>
    6ae4:	e0 92 9a 07 	sts	0x079A, r14	; 0x80079a <twi_sendStop>
    6ae8:	9f ef       	ldi	r25, 0xFF	; 255
    6aea:	90 93 29 07 	sts	0x0729, r25	; 0x800729 <twi_error>
    6aee:	10 92 6e 07 	sts	0x076E, r1	; 0x80076e <twi_masterBufferIndex>
    6af2:	9c 0f       	add	r25, r28
    6af4:	90 93 6d 07 	sts	0x076D, r25	; 0x80076d <twi_masterBufferLength>
    6af8:	80 93 9b 07 	sts	0x079B, r24	; 0x80079b <twi_slarw>
    6afc:	90 91 9b 07 	lds	r25, 0x079B	; 0x80079b <twi_slarw>
    6b00:	8f 2d       	mov	r24, r15
    6b02:	88 0f       	add	r24, r24
    6b04:	89 2b       	or	r24, r25
    6b06:	80 93 9b 07 	sts	0x079B, r24	; 0x80079b <twi_slarw>
    6b0a:	80 91 99 07 	lds	r24, 0x0799	; 0x800799 <twi_inRepStart>
    6b0e:	81 30       	cpi	r24, 0x01	; 1
    6b10:	89 f5       	brne	.+98     	; 0x6b74 <twi_readFrom+0x122>
    6b12:	10 92 99 07 	sts	0x0799, r1	; 0x800799 <twi_inRepStart>
    6b16:	0e 94 7b 28 	call	0x50f6	; 0x50f6 <micros>
    6b1a:	6b 01       	movw	r12, r22
    6b1c:	7c 01       	movw	r14, r24
    6b1e:	80 91 9b 07 	lds	r24, 0x079B	; 0x80079b <twi_slarw>
    6b22:	80 93 bb 00 	sts	0x00BB, r24	; 0x8000bb <__TEXT_REGION_LENGTH__+0x7f80bb>
    6b26:	80 91 95 07 	lds	r24, 0x0795	; 0x800795 <twi_timeout_us>
    6b2a:	90 91 96 07 	lds	r25, 0x0796	; 0x800796 <twi_timeout_us+0x1>
    6b2e:	a0 91 97 07 	lds	r26, 0x0797	; 0x800797 <twi_timeout_us+0x2>
    6b32:	b0 91 98 07 	lds	r27, 0x0798	; 0x800798 <twi_timeout_us+0x3>
    6b36:	89 2b       	or	r24, r25
    6b38:	8a 2b       	or	r24, r26
    6b3a:	8b 2b       	or	r24, r27
    6b3c:	a9 f0       	breq	.+42     	; 0x6b68 <twi_readFrom+0x116>
    6b3e:	0e 94 7b 28 	call	0x50f6	; 0x50f6 <micros>
    6b42:	80 90 95 07 	lds	r8, 0x0795	; 0x800795 <twi_timeout_us>
    6b46:	90 90 96 07 	lds	r9, 0x0796	; 0x800796 <twi_timeout_us+0x1>
    6b4a:	a0 90 97 07 	lds	r10, 0x0797	; 0x800797 <twi_timeout_us+0x2>
    6b4e:	b0 90 98 07 	lds	r11, 0x0798	; 0x800798 <twi_timeout_us+0x3>
    6b52:	dc 01       	movw	r26, r24
    6b54:	cb 01       	movw	r24, r22
    6b56:	8c 19       	sub	r24, r12
    6b58:	9d 09       	sbc	r25, r13
    6b5a:	ae 09       	sbc	r26, r14
    6b5c:	bf 09       	sbc	r27, r15
    6b5e:	88 16       	cp	r8, r24
    6b60:	99 06       	cpc	r9, r25
    6b62:	aa 06       	cpc	r10, r26
    6b64:	bb 06       	cpc	r11, r27
    6b66:	90 f1       	brcs	.+100    	; 0x6bcc <twi_readFrom+0x17a>
    6b68:	80 91 bc 00 	lds	r24, 0x00BC	; 0x8000bc <__TEXT_REGION_LENGTH__+0x7f80bc>
    6b6c:	83 fd       	sbrc	r24, 3
    6b6e:	d7 cf       	rjmp	.-82     	; 0x6b1e <twi_readFrom+0xcc>
    6b70:	85 ec       	ldi	r24, 0xC5	; 197
    6b72:	01 c0       	rjmp	.+2      	; 0x6b76 <twi_readFrom+0x124>
    6b74:	85 ee       	ldi	r24, 0xE5	; 229
    6b76:	80 93 bc 00 	sts	0x00BC, r24	; 0x8000bc <__TEXT_REGION_LENGTH__+0x7f80bc>
    6b7a:	0e 94 7b 28 	call	0x50f6	; 0x50f6 <micros>
    6b7e:	6b 01       	movw	r12, r22
    6b80:	7c 01       	movw	r14, r24
    6b82:	80 91 9c 07 	lds	r24, 0x079C	; 0x80079c <twi_state>
    6b86:	81 30       	cpi	r24, 0x01	; 1
    6b88:	31 f5       	brne	.+76     	; 0x6bd6 <twi_readFrom+0x184>
    6b8a:	80 91 95 07 	lds	r24, 0x0795	; 0x800795 <twi_timeout_us>
    6b8e:	90 91 96 07 	lds	r25, 0x0796	; 0x800796 <twi_timeout_us+0x1>
    6b92:	a0 91 97 07 	lds	r26, 0x0797	; 0x800797 <twi_timeout_us+0x2>
    6b96:	b0 91 98 07 	lds	r27, 0x0798	; 0x800798 <twi_timeout_us+0x3>
    6b9a:	89 2b       	or	r24, r25
    6b9c:	8a 2b       	or	r24, r26
    6b9e:	8b 2b       	or	r24, r27
    6ba0:	81 f3       	breq	.-32     	; 0x6b82 <twi_readFrom+0x130>
    6ba2:	0e 94 7b 28 	call	0x50f6	; 0x50f6 <micros>
    6ba6:	80 90 95 07 	lds	r8, 0x0795	; 0x800795 <twi_timeout_us>
    6baa:	90 90 96 07 	lds	r9, 0x0796	; 0x800796 <twi_timeout_us+0x1>
    6bae:	a0 90 97 07 	lds	r10, 0x0797	; 0x800797 <twi_timeout_us+0x2>
    6bb2:	b0 90 98 07 	lds	r11, 0x0798	; 0x800798 <twi_timeout_us+0x3>
    6bb6:	dc 01       	movw	r26, r24
    6bb8:	cb 01       	movw	r24, r22
    6bba:	8c 19       	sub	r24, r12
    6bbc:	9d 09       	sbc	r25, r13
    6bbe:	ae 09       	sbc	r26, r14
    6bc0:	bf 09       	sbc	r27, r15
    6bc2:	88 16       	cp	r8, r24
    6bc4:	99 06       	cpc	r9, r25
    6bc6:	aa 06       	cpc	r10, r26
    6bc8:	bb 06       	cpc	r11, r27
    6bca:	d8 f6       	brcc	.-74     	; 0x6b82 <twi_readFrom+0x130>
    6bcc:	80 91 93 07 	lds	r24, 0x0793	; 0x800793 <twi_do_reset_on_timeout>
    6bd0:	0e 94 13 35 	call	0x6a26	; 0x6a26 <twi_handleTimeout>
    6bd4:	15 c0       	rjmp	.+42     	; 0x6c00 <twi_readFrom+0x1ae>
    6bd6:	80 91 6e 07 	lds	r24, 0x076E	; 0x80076e <twi_masterBufferIndex>
    6bda:	8c 17       	cp	r24, r28
    6bdc:	10 f4       	brcc	.+4      	; 0x6be2 <twi_readFrom+0x190>
    6bde:	c0 91 6e 07 	lds	r28, 0x076E	; 0x80076e <twi_masterBufferIndex>
    6be2:	af e6       	ldi	r26, 0x6F	; 111
    6be4:	b7 e0       	ldi	r27, 0x07	; 7
    6be6:	91 2f       	mov	r25, r17
    6be8:	e1 2f       	mov	r30, r17
    6bea:	f0 2f       	mov	r31, r16
    6bec:	8e 2f       	mov	r24, r30
    6bee:	89 1b       	sub	r24, r25
    6bf0:	8c 17       	cp	r24, r28
    6bf2:	18 f4       	brcc	.+6      	; 0x6bfa <twi_readFrom+0x1a8>
    6bf4:	8d 91       	ld	r24, X+
    6bf6:	81 93       	st	Z+, r24
    6bf8:	f9 cf       	rjmp	.-14     	; 0x6bec <twi_readFrom+0x19a>
    6bfa:	dc 2f       	mov	r29, r28
    6bfc:	01 c0       	rjmp	.+2      	; 0x6c00 <twi_readFrom+0x1ae>
    6bfe:	d0 e0       	ldi	r29, 0x00	; 0
    6c00:	8d 2f       	mov	r24, r29
    6c02:	df 91       	pop	r29
    6c04:	cf 91       	pop	r28
    6c06:	1f 91       	pop	r17
    6c08:	0f 91       	pop	r16
    6c0a:	ff 90       	pop	r15
    6c0c:	ef 90       	pop	r14
    6c0e:	df 90       	pop	r13
    6c10:	cf 90       	pop	r12
    6c12:	bf 90       	pop	r11
    6c14:	af 90       	pop	r10
    6c16:	9f 90       	pop	r9
    6c18:	8f 90       	pop	r8
    6c1a:	7f 90       	pop	r7
    6c1c:	6f 90       	pop	r6
    6c1e:	5f 90       	pop	r5
    6c20:	4f 90       	pop	r4
    6c22:	08 95       	ret

00006c24 <twi_writeTo>:
    6c24:	4f 92       	push	r4
    6c26:	5f 92       	push	r5
    6c28:	6f 92       	push	r6
    6c2a:	7f 92       	push	r7
    6c2c:	8f 92       	push	r8
    6c2e:	9f 92       	push	r9
    6c30:	af 92       	push	r10
    6c32:	bf 92       	push	r11
    6c34:	cf 92       	push	r12
    6c36:	df 92       	push	r13
    6c38:	ef 92       	push	r14
    6c3a:	ff 92       	push	r15
    6c3c:	0f 93       	push	r16
    6c3e:	1f 93       	push	r17
    6c40:	cf 93       	push	r28
    6c42:	df 93       	push	r29
    6c44:	41 32       	cpi	r20, 0x21	; 33
    6c46:	08 f0       	brcs	.+2      	; 0x6c4a <twi_writeTo+0x26>
    6c48:	c6 c0       	rjmp	.+396    	; 0x6dd6 <twi_writeTo+0x1b2>
    6c4a:	12 2f       	mov	r17, r18
    6c4c:	f4 2e       	mov	r15, r20
    6c4e:	d7 2e       	mov	r13, r23
    6c50:	e6 2e       	mov	r14, r22
    6c52:	d8 2f       	mov	r29, r24
    6c54:	0e 94 7b 28 	call	0x50f6	; 0x50f6 <micros>
    6c58:	4b 01       	movw	r8, r22
    6c5a:	5c 01       	movw	r10, r24
    6c5c:	c0 91 9c 07 	lds	r28, 0x079C	; 0x80079c <twi_state>
    6c60:	cc 23       	and	r28, r28
    6c62:	11 f1       	breq	.+68     	; 0x6ca8 <twi_writeTo+0x84>
    6c64:	80 91 95 07 	lds	r24, 0x0795	; 0x800795 <twi_timeout_us>
    6c68:	90 91 96 07 	lds	r25, 0x0796	; 0x800796 <twi_timeout_us+0x1>
    6c6c:	a0 91 97 07 	lds	r26, 0x0797	; 0x800797 <twi_timeout_us+0x2>
    6c70:	b0 91 98 07 	lds	r27, 0x0798	; 0x800798 <twi_timeout_us+0x3>
    6c74:	89 2b       	or	r24, r25
    6c76:	8a 2b       	or	r24, r26
    6c78:	8b 2b       	or	r24, r27
    6c7a:	81 f3       	breq	.-32     	; 0x6c5c <twi_writeTo+0x38>
    6c7c:	0e 94 7b 28 	call	0x50f6	; 0x50f6 <micros>
    6c80:	40 90 95 07 	lds	r4, 0x0795	; 0x800795 <twi_timeout_us>
    6c84:	50 90 96 07 	lds	r5, 0x0796	; 0x800796 <twi_timeout_us+0x1>
    6c88:	60 90 97 07 	lds	r6, 0x0797	; 0x800797 <twi_timeout_us+0x2>
    6c8c:	70 90 98 07 	lds	r7, 0x0798	; 0x800798 <twi_timeout_us+0x3>
    6c90:	dc 01       	movw	r26, r24
    6c92:	cb 01       	movw	r24, r22
    6c94:	88 19       	sub	r24, r8
    6c96:	99 09       	sbc	r25, r9
    6c98:	aa 09       	sbc	r26, r10
    6c9a:	bb 09       	sbc	r27, r11
    6c9c:	48 16       	cp	r4, r24
    6c9e:	59 06       	cpc	r5, r25
    6ca0:	6a 06       	cpc	r6, r26
    6ca2:	7b 06       	cpc	r7, r27
    6ca4:	d8 f6       	brcc	.-74     	; 0x6c5c <twi_writeTo+0x38>
    6ca6:	83 c0       	rjmp	.+262    	; 0x6dae <twi_writeTo+0x18a>
    6ca8:	82 e0       	ldi	r24, 0x02	; 2
    6caa:	80 93 9c 07 	sts	0x079C, r24	; 0x80079c <twi_state>
    6cae:	00 93 9a 07 	sts	0x079A, r16	; 0x80079a <twi_sendStop>
    6cb2:	8f ef       	ldi	r24, 0xFF	; 255
    6cb4:	80 93 29 07 	sts	0x0729, r24	; 0x800729 <twi_error>
    6cb8:	10 92 6e 07 	sts	0x076E, r1	; 0x80076e <twi_masterBufferIndex>
    6cbc:	f0 92 6d 07 	sts	0x076D, r15	; 0x80076d <twi_masterBufferLength>
    6cc0:	9e 2d       	mov	r25, r14
    6cc2:	af e6       	ldi	r26, 0x6F	; 111
    6cc4:	b7 e0       	ldi	r27, 0x07	; 7
    6cc6:	ee 2d       	mov	r30, r14
    6cc8:	fd 2d       	mov	r31, r13
    6cca:	8e 2f       	mov	r24, r30
    6ccc:	89 1b       	sub	r24, r25
    6cce:	8f 15       	cp	r24, r15
    6cd0:	18 f4       	brcc	.+6      	; 0x6cd8 <twi_writeTo+0xb4>
    6cd2:	81 91       	ld	r24, Z+
    6cd4:	8d 93       	st	X+, r24
    6cd6:	f9 cf       	rjmp	.-14     	; 0x6cca <twi_writeTo+0xa6>
    6cd8:	10 92 9b 07 	sts	0x079B, r1	; 0x80079b <twi_slarw>
    6cdc:	90 91 9b 07 	lds	r25, 0x079B	; 0x80079b <twi_slarw>
    6ce0:	dd 0f       	add	r29, r29
    6ce2:	d9 2b       	or	r29, r25
    6ce4:	d0 93 9b 07 	sts	0x079B, r29	; 0x80079b <twi_slarw>
    6ce8:	80 91 99 07 	lds	r24, 0x0799	; 0x800799 <twi_inRepStart>
    6cec:	81 30       	cpi	r24, 0x01	; 1
    6cee:	89 f5       	brne	.+98     	; 0x6d52 <twi_writeTo+0x12e>
    6cf0:	10 92 99 07 	sts	0x0799, r1	; 0x800799 <twi_inRepStart>
    6cf4:	0e 94 7b 28 	call	0x50f6	; 0x50f6 <micros>
    6cf8:	6b 01       	movw	r12, r22
    6cfa:	7c 01       	movw	r14, r24
    6cfc:	80 91 9b 07 	lds	r24, 0x079B	; 0x80079b <twi_slarw>
    6d00:	80 93 bb 00 	sts	0x00BB, r24	; 0x8000bb <__TEXT_REGION_LENGTH__+0x7f80bb>
    6d04:	80 91 95 07 	lds	r24, 0x0795	; 0x800795 <twi_timeout_us>
    6d08:	90 91 96 07 	lds	r25, 0x0796	; 0x800796 <twi_timeout_us+0x1>
    6d0c:	a0 91 97 07 	lds	r26, 0x0797	; 0x800797 <twi_timeout_us+0x2>
    6d10:	b0 91 98 07 	lds	r27, 0x0798	; 0x800798 <twi_timeout_us+0x3>
    6d14:	89 2b       	or	r24, r25
    6d16:	8a 2b       	or	r24, r26
    6d18:	8b 2b       	or	r24, r27
    6d1a:	a9 f0       	breq	.+42     	; 0x6d46 <twi_writeTo+0x122>
    6d1c:	0e 94 7b 28 	call	0x50f6	; 0x50f6 <micros>
    6d20:	80 90 95 07 	lds	r8, 0x0795	; 0x800795 <twi_timeout_us>
    6d24:	90 90 96 07 	lds	r9, 0x0796	; 0x800796 <twi_timeout_us+0x1>
    6d28:	a0 90 97 07 	lds	r10, 0x0797	; 0x800797 <twi_timeout_us+0x2>
    6d2c:	b0 90 98 07 	lds	r11, 0x0798	; 0x800798 <twi_timeout_us+0x3>
    6d30:	dc 01       	movw	r26, r24
    6d32:	cb 01       	movw	r24, r22
    6d34:	8c 19       	sub	r24, r12
    6d36:	9d 09       	sbc	r25, r13
    6d38:	ae 09       	sbc	r26, r14
    6d3a:	bf 09       	sbc	r27, r15
    6d3c:	88 16       	cp	r8, r24
    6d3e:	99 06       	cpc	r9, r25
    6d40:	aa 06       	cpc	r10, r26
    6d42:	bb 06       	cpc	r11, r27
    6d44:	a0 f1       	brcs	.+104    	; 0x6dae <twi_writeTo+0x18a>
    6d46:	80 91 bc 00 	lds	r24, 0x00BC	; 0x8000bc <__TEXT_REGION_LENGTH__+0x7f80bc>
    6d4a:	83 fd       	sbrc	r24, 3
    6d4c:	d7 cf       	rjmp	.-82     	; 0x6cfc <twi_writeTo+0xd8>
    6d4e:	85 ec       	ldi	r24, 0xC5	; 197
    6d50:	01 c0       	rjmp	.+2      	; 0x6d54 <twi_writeTo+0x130>
    6d52:	85 ee       	ldi	r24, 0xE5	; 229
    6d54:	80 93 bc 00 	sts	0x00BC, r24	; 0x8000bc <__TEXT_REGION_LENGTH__+0x7f80bc>
    6d58:	0e 94 7b 28 	call	0x50f6	; 0x50f6 <micros>
    6d5c:	6b 01       	movw	r12, r22
    6d5e:	7c 01       	movw	r14, r24
    6d60:	11 23       	and	r17, r17
    6d62:	59 f1       	breq	.+86     	; 0x6dba <twi_writeTo+0x196>
    6d64:	80 91 9c 07 	lds	r24, 0x079C	; 0x80079c <twi_state>
    6d68:	82 30       	cpi	r24, 0x02	; 2
    6d6a:	39 f5       	brne	.+78     	; 0x6dba <twi_writeTo+0x196>
    6d6c:	80 91 95 07 	lds	r24, 0x0795	; 0x800795 <twi_timeout_us>
    6d70:	90 91 96 07 	lds	r25, 0x0796	; 0x800796 <twi_timeout_us+0x1>
    6d74:	a0 91 97 07 	lds	r26, 0x0797	; 0x800797 <twi_timeout_us+0x2>
    6d78:	b0 91 98 07 	lds	r27, 0x0798	; 0x800798 <twi_timeout_us+0x3>
    6d7c:	89 2b       	or	r24, r25
    6d7e:	8a 2b       	or	r24, r26
    6d80:	8b 2b       	or	r24, r27
    6d82:	71 f3       	breq	.-36     	; 0x6d60 <twi_writeTo+0x13c>
    6d84:	0e 94 7b 28 	call	0x50f6	; 0x50f6 <micros>
    6d88:	80 90 95 07 	lds	r8, 0x0795	; 0x800795 <twi_timeout_us>
    6d8c:	90 90 96 07 	lds	r9, 0x0796	; 0x800796 <twi_timeout_us+0x1>
    6d90:	a0 90 97 07 	lds	r10, 0x0797	; 0x800797 <twi_timeout_us+0x2>
    6d94:	b0 90 98 07 	lds	r11, 0x0798	; 0x800798 <twi_timeout_us+0x3>
    6d98:	dc 01       	movw	r26, r24
    6d9a:	cb 01       	movw	r24, r22
    6d9c:	8c 19       	sub	r24, r12
    6d9e:	9d 09       	sbc	r25, r13
    6da0:	ae 09       	sbc	r26, r14
    6da2:	bf 09       	sbc	r27, r15
    6da4:	88 16       	cp	r8, r24
    6da6:	99 06       	cpc	r9, r25
    6da8:	aa 06       	cpc	r10, r26
    6daa:	bb 06       	cpc	r11, r27
    6dac:	c8 f6       	brcc	.-78     	; 0x6d60 <twi_writeTo+0x13c>
    6dae:	80 91 93 07 	lds	r24, 0x0793	; 0x800793 <twi_do_reset_on_timeout>
    6db2:	0e 94 13 35 	call	0x6a26	; 0x6a26 <twi_handleTimeout>
    6db6:	c5 e0       	ldi	r28, 0x05	; 5
    6db8:	13 c0       	rjmp	.+38     	; 0x6de0 <twi_writeTo+0x1bc>
    6dba:	80 91 29 07 	lds	r24, 0x0729	; 0x800729 <twi_error>
    6dbe:	8f 3f       	cpi	r24, 0xFF	; 255
    6dc0:	79 f0       	breq	.+30     	; 0x6de0 <twi_writeTo+0x1bc>
    6dc2:	80 91 29 07 	lds	r24, 0x0729	; 0x800729 <twi_error>
    6dc6:	80 32       	cpi	r24, 0x20	; 32
    6dc8:	41 f0       	breq	.+16     	; 0x6dda <twi_writeTo+0x1b6>
    6dca:	80 91 29 07 	lds	r24, 0x0729	; 0x800729 <twi_error>
    6dce:	80 33       	cpi	r24, 0x30	; 48
    6dd0:	31 f0       	breq	.+12     	; 0x6dde <twi_writeTo+0x1ba>
    6dd2:	c4 e0       	ldi	r28, 0x04	; 4
    6dd4:	05 c0       	rjmp	.+10     	; 0x6de0 <twi_writeTo+0x1bc>
    6dd6:	c1 e0       	ldi	r28, 0x01	; 1
    6dd8:	03 c0       	rjmp	.+6      	; 0x6de0 <twi_writeTo+0x1bc>
    6dda:	c2 e0       	ldi	r28, 0x02	; 2
    6ddc:	01 c0       	rjmp	.+2      	; 0x6de0 <twi_writeTo+0x1bc>
    6dde:	c3 e0       	ldi	r28, 0x03	; 3
    6de0:	8c 2f       	mov	r24, r28
    6de2:	df 91       	pop	r29
    6de4:	cf 91       	pop	r28
    6de6:	1f 91       	pop	r17
    6de8:	0f 91       	pop	r16
    6dea:	ff 90       	pop	r15
    6dec:	ef 90       	pop	r14
    6dee:	df 90       	pop	r13
    6df0:	cf 90       	pop	r12
    6df2:	bf 90       	pop	r11
    6df4:	af 90       	pop	r10
    6df6:	9f 90       	pop	r9
    6df8:	8f 90       	pop	r8
    6dfa:	7f 90       	pop	r7
    6dfc:	6f 90       	pop	r6
    6dfe:	5f 90       	pop	r5
    6e00:	4f 90       	pop	r4
    6e02:	08 95       	ret

00006e04 <twi_stop>:
    6e04:	85 ed       	ldi	r24, 0xD5	; 213
    6e06:	80 93 bc 00 	sts	0x00BC, r24	; 0x8000bc <__TEXT_REGION_LENGTH__+0x7f80bc>
    6e0a:	80 91 95 07 	lds	r24, 0x0795	; 0x800795 <twi_timeout_us>
    6e0e:	90 91 96 07 	lds	r25, 0x0796	; 0x800796 <twi_timeout_us+0x1>
    6e12:	a0 91 97 07 	lds	r26, 0x0797	; 0x800797 <twi_timeout_us+0x2>
    6e16:	b0 91 98 07 	lds	r27, 0x0798	; 0x800798 <twi_timeout_us+0x3>
    6e1a:	07 96       	adiw	r24, 0x07	; 7
    6e1c:	a1 1d       	adc	r26, r1
    6e1e:	b1 1d       	adc	r27, r1
    6e20:	23 e0       	ldi	r18, 0x03	; 3
    6e22:	b6 95       	lsr	r27
    6e24:	a7 95       	ror	r26
    6e26:	97 95       	ror	r25
    6e28:	87 95       	ror	r24
    6e2a:	2a 95       	dec	r18
    6e2c:	d1 f7       	brne	.-12     	; 0x6e22 <twi_stop+0x1e>
    6e2e:	20 91 bc 00 	lds	r18, 0x00BC	; 0x8000bc <__TEXT_REGION_LENGTH__+0x7f80bc>
    6e32:	24 ff       	sbrs	r18, 4
    6e34:	1c c0       	rjmp	.+56     	; 0x6e6e <twi_stop+0x6a>
    6e36:	40 91 95 07 	lds	r20, 0x0795	; 0x800795 <twi_timeout_us>
    6e3a:	50 91 96 07 	lds	r21, 0x0796	; 0x800796 <twi_timeout_us+0x1>
    6e3e:	60 91 97 07 	lds	r22, 0x0797	; 0x800797 <twi_timeout_us+0x2>
    6e42:	70 91 98 07 	lds	r23, 0x0798	; 0x800798 <twi_timeout_us+0x3>
    6e46:	45 2b       	or	r20, r21
    6e48:	46 2b       	or	r20, r22
    6e4a:	47 2b       	or	r20, r23
    6e4c:	81 f3       	breq	.-32     	; 0x6e2e <twi_stop+0x2a>
    6e4e:	00 97       	sbiw	r24, 0x00	; 0
    6e50:	a1 05       	cpc	r26, r1
    6e52:	b1 05       	cpc	r27, r1
    6e54:	41 f0       	breq	.+16     	; 0x6e66 <twi_stop+0x62>
    6e56:	2a e2       	ldi	r18, 0x2A	; 42
    6e58:	2a 95       	dec	r18
    6e5a:	f1 f7       	brne	.-4      	; 0x6e58 <twi_stop+0x54>
    6e5c:	00 c0       	rjmp	.+0      	; 0x6e5e <twi_stop+0x5a>
    6e5e:	01 97       	sbiw	r24, 0x01	; 1
    6e60:	a1 09       	sbc	r26, r1
    6e62:	b1 09       	sbc	r27, r1
    6e64:	e4 cf       	rjmp	.-56     	; 0x6e2e <twi_stop+0x2a>
    6e66:	80 91 93 07 	lds	r24, 0x0793	; 0x800793 <twi_do_reset_on_timeout>
    6e6a:	0c 94 13 35 	jmp	0x6a26	; 0x6a26 <twi_handleTimeout>
    6e6e:	10 92 9c 07 	sts	0x079C, r1	; 0x80079c <twi_state>
    6e72:	08 95       	ret

00006e74 <__vector_24>:
    6e74:	1f 92       	push	r1
    6e76:	0f 92       	push	r0
    6e78:	0f b6       	in	r0, 0x3f	; 63
    6e7a:	0f 92       	push	r0
    6e7c:	11 24       	eor	r1, r1
    6e7e:	2f 93       	push	r18
    6e80:	3f 93       	push	r19
    6e82:	4f 93       	push	r20
    6e84:	5f 93       	push	r21
    6e86:	6f 93       	push	r22
    6e88:	7f 93       	push	r23
    6e8a:	8f 93       	push	r24
    6e8c:	9f 93       	push	r25
    6e8e:	af 93       	push	r26
    6e90:	bf 93       	push	r27
    6e92:	ef 93       	push	r30
    6e94:	ff 93       	push	r31
    6e96:	80 91 b9 00 	lds	r24, 0x00B9	; 0x8000b9 <__TEXT_REGION_LENGTH__+0x7f80b9>
    6e9a:	88 7f       	andi	r24, 0xF8	; 248
    6e9c:	80 36       	cpi	r24, 0x60	; 96
    6e9e:	09 f4       	brne	.+2      	; 0x6ea2 <__vector_24+0x2e>
    6ea0:	9e c0       	rjmp	.+316    	; 0x6fde <__vector_24+0x16a>
    6ea2:	78 f5       	brcc	.+94     	; 0x6f02 <__vector_24+0x8e>
    6ea4:	88 32       	cpi	r24, 0x28	; 40
    6ea6:	09 f4       	brne	.+2      	; 0x6eaa <__vector_24+0x36>
    6ea8:	5d c0       	rjmp	.+186    	; 0x6f64 <__vector_24+0xf0>
    6eaa:	90 f4       	brcc	.+36     	; 0x6ed0 <__vector_24+0x5c>
    6eac:	80 31       	cpi	r24, 0x10	; 16
    6eae:	09 f4       	brne	.+2      	; 0x6eb2 <__vector_24+0x3e>
    6eb0:	56 c0       	rjmp	.+172    	; 0x6f5e <__vector_24+0xea>
    6eb2:	38 f4       	brcc	.+14     	; 0x6ec2 <__vector_24+0x4e>
    6eb4:	88 23       	and	r24, r24
    6eb6:	09 f4       	brne	.+2      	; 0x6eba <__vector_24+0x46>
    6eb8:	f5 c0       	rjmp	.+490    	; 0x70a4 <__vector_24+0x230>
    6eba:	88 30       	cpi	r24, 0x08	; 8
    6ebc:	09 f4       	brne	.+2      	; 0x6ec0 <__vector_24+0x4c>
    6ebe:	4f c0       	rjmp	.+158    	; 0x6f5e <__vector_24+0xea>
    6ec0:	f5 c0       	rjmp	.+490    	; 0x70ac <__vector_24+0x238>
    6ec2:	88 31       	cpi	r24, 0x18	; 24
    6ec4:	09 f4       	brne	.+2      	; 0x6ec8 <__vector_24+0x54>
    6ec6:	4e c0       	rjmp	.+156    	; 0x6f64 <__vector_24+0xf0>
    6ec8:	80 32       	cpi	r24, 0x20	; 32
    6eca:	09 f4       	brne	.+2      	; 0x6ece <__vector_24+0x5a>
    6ecc:	5f c0       	rjmp	.+190    	; 0x6f8c <__vector_24+0x118>
    6ece:	ee c0       	rjmp	.+476    	; 0x70ac <__vector_24+0x238>
    6ed0:	80 34       	cpi	r24, 0x40	; 64
    6ed2:	09 f4       	brne	.+2      	; 0x6ed6 <__vector_24+0x62>
    6ed4:	6a c0       	rjmp	.+212    	; 0x6faa <__vector_24+0x136>
    6ed6:	58 f4       	brcc	.+22     	; 0x6eee <__vector_24+0x7a>
    6ed8:	80 33       	cpi	r24, 0x30	; 48
    6eda:	09 f4       	brne	.+2      	; 0x6ede <__vector_24+0x6a>
    6edc:	57 c0       	rjmp	.+174    	; 0x6f8c <__vector_24+0x118>
    6ede:	88 33       	cpi	r24, 0x38	; 56
    6ee0:	09 f0       	breq	.+2      	; 0x6ee4 <__vector_24+0x70>
    6ee2:	e4 c0       	rjmp	.+456    	; 0x70ac <__vector_24+0x238>
    6ee4:	80 93 29 07 	sts	0x0729, r24	; 0x800729 <twi_error>
    6ee8:	0e 94 0d 35 	call	0x6a1a	; 0x6a1a <twi_releaseBus>
    6eec:	df c0       	rjmp	.+446    	; 0x70ac <__vector_24+0x238>
    6eee:	80 35       	cpi	r24, 0x50	; 80
    6ef0:	09 f4       	brne	.+2      	; 0x6ef4 <__vector_24+0x80>
    6ef2:	4f c0       	rjmp	.+158    	; 0x6f92 <__vector_24+0x11e>
    6ef4:	88 35       	cpi	r24, 0x58	; 88
    6ef6:	09 f4       	brne	.+2      	; 0x6efa <__vector_24+0x86>
    6ef8:	5d c0       	rjmp	.+186    	; 0x6fb4 <__vector_24+0x140>
    6efa:	88 34       	cpi	r24, 0x48	; 72
    6efc:	09 f0       	breq	.+2      	; 0x6f00 <__vector_24+0x8c>
    6efe:	d6 c0       	rjmp	.+428    	; 0x70ac <__vector_24+0x238>
    6f00:	d3 c0       	rjmp	.+422    	; 0x70a8 <__vector_24+0x234>
    6f02:	88 39       	cpi	r24, 0x98	; 152
    6f04:	09 f4       	brne	.+2      	; 0x6f08 <__vector_24+0x94>
    6f06:	c4 c0       	rjmp	.+392    	; 0x7090 <__vector_24+0x21c>
    6f08:	a8 f4       	brcc	.+42     	; 0x6f34 <__vector_24+0xc0>
    6f0a:	88 37       	cpi	r24, 0x78	; 120
    6f0c:	09 f4       	brne	.+2      	; 0x6f10 <__vector_24+0x9c>
    6f0e:	67 c0       	rjmp	.+206    	; 0x6fde <__vector_24+0x16a>
    6f10:	38 f4       	brcc	.+14     	; 0x6f20 <__vector_24+0xac>
    6f12:	88 36       	cpi	r24, 0x68	; 104
    6f14:	09 f4       	brne	.+2      	; 0x6f18 <__vector_24+0xa4>
    6f16:	63 c0       	rjmp	.+198    	; 0x6fde <__vector_24+0x16a>
    6f18:	80 37       	cpi	r24, 0x70	; 112
    6f1a:	09 f4       	brne	.+2      	; 0x6f1e <__vector_24+0xaa>
    6f1c:	60 c0       	rjmp	.+192    	; 0x6fde <__vector_24+0x16a>
    6f1e:	c6 c0       	rjmp	.+396    	; 0x70ac <__vector_24+0x238>
    6f20:	88 38       	cpi	r24, 0x88	; 136
    6f22:	09 f4       	brne	.+2      	; 0x6f26 <__vector_24+0xb2>
    6f24:	b5 c0       	rjmp	.+362    	; 0x7090 <__vector_24+0x21c>
    6f26:	80 39       	cpi	r24, 0x90	; 144
    6f28:	09 f4       	brne	.+2      	; 0x6f2c <__vector_24+0xb8>
    6f2a:	5f c0       	rjmp	.+190    	; 0x6fea <__vector_24+0x176>
    6f2c:	80 38       	cpi	r24, 0x80	; 128
    6f2e:	09 f0       	breq	.+2      	; 0x6f32 <__vector_24+0xbe>
    6f30:	bd c0       	rjmp	.+378    	; 0x70ac <__vector_24+0x238>
    6f32:	5b c0       	rjmp	.+182    	; 0x6fea <__vector_24+0x176>
    6f34:	80 3b       	cpi	r24, 0xB0	; 176
    6f36:	09 f4       	brne	.+2      	; 0x6f3a <__vector_24+0xc6>
    6f38:	83 c0       	rjmp	.+262    	; 0x7040 <__vector_24+0x1cc>
    6f3a:	38 f4       	brcc	.+14     	; 0x6f4a <__vector_24+0xd6>
    6f3c:	80 3a       	cpi	r24, 0xA0	; 160
    6f3e:	09 f4       	brne	.+2      	; 0x6f42 <__vector_24+0xce>
    6f40:	66 c0       	rjmp	.+204    	; 0x700e <__vector_24+0x19a>
    6f42:	88 3a       	cpi	r24, 0xA8	; 168
    6f44:	09 f4       	brne	.+2      	; 0x6f48 <__vector_24+0xd4>
    6f46:	7c c0       	rjmp	.+248    	; 0x7040 <__vector_24+0x1cc>
    6f48:	b1 c0       	rjmp	.+354    	; 0x70ac <__vector_24+0x238>
    6f4a:	80 3c       	cpi	r24, 0xC0	; 192
    6f4c:	09 f4       	brne	.+2      	; 0x6f50 <__vector_24+0xdc>
    6f4e:	a4 c0       	rjmp	.+328    	; 0x7098 <__vector_24+0x224>
    6f50:	88 3c       	cpi	r24, 0xC8	; 200
    6f52:	09 f4       	brne	.+2      	; 0x6f56 <__vector_24+0xe2>
    6f54:	a1 c0       	rjmp	.+322    	; 0x7098 <__vector_24+0x224>
    6f56:	88 3b       	cpi	r24, 0xB8	; 184
    6f58:	09 f4       	brne	.+2      	; 0x6f5c <__vector_24+0xe8>
    6f5a:	87 c0       	rjmp	.+270    	; 0x706a <__vector_24+0x1f6>
    6f5c:	a7 c0       	rjmp	.+334    	; 0x70ac <__vector_24+0x238>
    6f5e:	80 91 9b 07 	lds	r24, 0x079B	; 0x80079b <twi_slarw>
    6f62:	10 c0       	rjmp	.+32     	; 0x6f84 <__vector_24+0x110>
    6f64:	90 91 6e 07 	lds	r25, 0x076E	; 0x80076e <twi_masterBufferIndex>
    6f68:	80 91 6d 07 	lds	r24, 0x076D	; 0x80076d <twi_masterBufferLength>
    6f6c:	98 17       	cp	r25, r24
    6f6e:	70 f5       	brcc	.+92     	; 0x6fcc <__vector_24+0x158>
    6f70:	e0 91 6e 07 	lds	r30, 0x076E	; 0x80076e <twi_masterBufferIndex>
    6f74:	81 e0       	ldi	r24, 0x01	; 1
    6f76:	8e 0f       	add	r24, r30
    6f78:	80 93 6e 07 	sts	0x076E, r24	; 0x80076e <twi_masterBufferIndex>
    6f7c:	f0 e0       	ldi	r31, 0x00	; 0
    6f7e:	e1 59       	subi	r30, 0x91	; 145
    6f80:	f8 4f       	sbci	r31, 0xF8	; 248
    6f82:	80 81       	ld	r24, Z
    6f84:	80 93 bb 00 	sts	0x00BB, r24	; 0x8000bb <__TEXT_REGION_LENGTH__+0x7f80bb>
    6f88:	85 ec       	ldi	r24, 0xC5	; 197
    6f8a:	83 c0       	rjmp	.+262    	; 0x7092 <__vector_24+0x21e>
    6f8c:	80 93 29 07 	sts	0x0729, r24	; 0x800729 <twi_error>
    6f90:	8b c0       	rjmp	.+278    	; 0x70a8 <__vector_24+0x234>
    6f92:	e0 91 6e 07 	lds	r30, 0x076E	; 0x80076e <twi_masterBufferIndex>
    6f96:	81 e0       	ldi	r24, 0x01	; 1
    6f98:	8e 0f       	add	r24, r30
    6f9a:	80 93 6e 07 	sts	0x076E, r24	; 0x80076e <twi_masterBufferIndex>
    6f9e:	80 91 bb 00 	lds	r24, 0x00BB	; 0x8000bb <__TEXT_REGION_LENGTH__+0x7f80bb>
    6fa2:	f0 e0       	ldi	r31, 0x00	; 0
    6fa4:	e1 59       	subi	r30, 0x91	; 145
    6fa6:	f8 4f       	sbci	r31, 0xF8	; 248
    6fa8:	80 83       	st	Z, r24
    6faa:	90 91 6e 07 	lds	r25, 0x076E	; 0x80076e <twi_masterBufferIndex>
    6fae:	80 91 6d 07 	lds	r24, 0x076D	; 0x80076d <twi_masterBufferLength>
    6fb2:	6b c0       	rjmp	.+214    	; 0x708a <__vector_24+0x216>
    6fb4:	e0 91 6e 07 	lds	r30, 0x076E	; 0x80076e <twi_masterBufferIndex>
    6fb8:	81 e0       	ldi	r24, 0x01	; 1
    6fba:	8e 0f       	add	r24, r30
    6fbc:	80 93 6e 07 	sts	0x076E, r24	; 0x80076e <twi_masterBufferIndex>
    6fc0:	80 91 bb 00 	lds	r24, 0x00BB	; 0x8000bb <__TEXT_REGION_LENGTH__+0x7f80bb>
    6fc4:	f0 e0       	ldi	r31, 0x00	; 0
    6fc6:	e1 59       	subi	r30, 0x91	; 145
    6fc8:	f8 4f       	sbci	r31, 0xF8	; 248
    6fca:	80 83       	st	Z, r24
    6fcc:	80 91 9a 07 	lds	r24, 0x079A	; 0x80079a <twi_sendStop>
    6fd0:	81 11       	cpse	r24, r1
    6fd2:	6a c0       	rjmp	.+212    	; 0x70a8 <__vector_24+0x234>
    6fd4:	81 e0       	ldi	r24, 0x01	; 1
    6fd6:	80 93 99 07 	sts	0x0799, r24	; 0x800799 <twi_inRepStart>
    6fda:	84 ea       	ldi	r24, 0xA4	; 164
    6fdc:	5e c0       	rjmp	.+188    	; 0x709a <__vector_24+0x226>
    6fde:	83 e0       	ldi	r24, 0x03	; 3
    6fe0:	80 93 9c 07 	sts	0x079C, r24	; 0x80079c <twi_state>
    6fe4:	10 92 2a 07 	sts	0x072A, r1	; 0x80072a <twi_rxBufferIndex>
    6fe8:	cf cf       	rjmp	.-98     	; 0x6f88 <__vector_24+0x114>
    6fea:	80 91 2a 07 	lds	r24, 0x072A	; 0x80072a <twi_rxBufferIndex>
    6fee:	80 32       	cpi	r24, 0x20	; 32
    6ff0:	08 f0       	brcs	.+2      	; 0x6ff4 <__vector_24+0x180>
    6ff2:	4e c0       	rjmp	.+156    	; 0x7090 <__vector_24+0x21c>
    6ff4:	e0 91 2a 07 	lds	r30, 0x072A	; 0x80072a <twi_rxBufferIndex>
    6ff8:	81 e0       	ldi	r24, 0x01	; 1
    6ffa:	8e 0f       	add	r24, r30
    6ffc:	80 93 2a 07 	sts	0x072A, r24	; 0x80072a <twi_rxBufferIndex>
    7000:	80 91 bb 00 	lds	r24, 0x00BB	; 0x8000bb <__TEXT_REGION_LENGTH__+0x7f80bb>
    7004:	f0 e0       	ldi	r31, 0x00	; 0
    7006:	e5 5d       	subi	r30, 0xD5	; 213
    7008:	f8 4f       	sbci	r31, 0xF8	; 248
    700a:	80 83       	st	Z, r24
    700c:	bd cf       	rjmp	.-134    	; 0x6f88 <__vector_24+0x114>
    700e:	0e 94 0d 35 	call	0x6a1a	; 0x6a1a <twi_releaseBus>
    7012:	80 91 2a 07 	lds	r24, 0x072A	; 0x80072a <twi_rxBufferIndex>
    7016:	80 32       	cpi	r24, 0x20	; 32
    7018:	30 f4       	brcc	.+12     	; 0x7026 <__vector_24+0x1b2>
    701a:	e0 91 2a 07 	lds	r30, 0x072A	; 0x80072a <twi_rxBufferIndex>
    701e:	f0 e0       	ldi	r31, 0x00	; 0
    7020:	e5 5d       	subi	r30, 0xD5	; 213
    7022:	f8 4f       	sbci	r31, 0xF8	; 248
    7024:	10 82       	st	Z, r1
    7026:	60 91 2a 07 	lds	r22, 0x072A	; 0x80072a <twi_rxBufferIndex>
    702a:	70 e0       	ldi	r23, 0x00	; 0
    702c:	e0 91 8f 07 	lds	r30, 0x078F	; 0x80078f <twi_onSlaveReceive>
    7030:	f0 91 90 07 	lds	r31, 0x0790	; 0x800790 <twi_onSlaveReceive+0x1>
    7034:	8b e2       	ldi	r24, 0x2B	; 43
    7036:	97 e0       	ldi	r25, 0x07	; 7
    7038:	09 95       	icall
    703a:	10 92 2a 07 	sts	0x072A, r1	; 0x80072a <twi_rxBufferIndex>
    703e:	36 c0       	rjmp	.+108    	; 0x70ac <__vector_24+0x238>
    7040:	84 e0       	ldi	r24, 0x04	; 4
    7042:	80 93 9c 07 	sts	0x079C, r24	; 0x80079c <twi_state>
    7046:	10 92 4c 07 	sts	0x074C, r1	; 0x80074c <twi_txBufferIndex>
    704a:	10 92 4b 07 	sts	0x074B, r1	; 0x80074b <twi_txBufferLength>
    704e:	e0 91 91 07 	lds	r30, 0x0791	; 0x800791 <twi_onSlaveTransmit>
    7052:	f0 91 92 07 	lds	r31, 0x0792	; 0x800792 <twi_onSlaveTransmit+0x1>
    7056:	09 95       	icall
    7058:	80 91 4b 07 	lds	r24, 0x074B	; 0x80074b <twi_txBufferLength>
    705c:	81 11       	cpse	r24, r1
    705e:	05 c0       	rjmp	.+10     	; 0x706a <__vector_24+0x1f6>
    7060:	81 e0       	ldi	r24, 0x01	; 1
    7062:	80 93 4b 07 	sts	0x074B, r24	; 0x80074b <twi_txBufferLength>
    7066:	10 92 4d 07 	sts	0x074D, r1	; 0x80074d <twi_txBuffer>
    706a:	e0 91 4c 07 	lds	r30, 0x074C	; 0x80074c <twi_txBufferIndex>
    706e:	81 e0       	ldi	r24, 0x01	; 1
    7070:	8e 0f       	add	r24, r30
    7072:	80 93 4c 07 	sts	0x074C, r24	; 0x80074c <twi_txBufferIndex>
    7076:	f0 e0       	ldi	r31, 0x00	; 0
    7078:	e3 5b       	subi	r30, 0xB3	; 179
    707a:	f8 4f       	sbci	r31, 0xF8	; 248
    707c:	80 81       	ld	r24, Z
    707e:	80 93 bb 00 	sts	0x00BB, r24	; 0x8000bb <__TEXT_REGION_LENGTH__+0x7f80bb>
    7082:	90 91 4c 07 	lds	r25, 0x074C	; 0x80074c <twi_txBufferIndex>
    7086:	80 91 4b 07 	lds	r24, 0x074B	; 0x80074b <twi_txBufferLength>
    708a:	98 17       	cp	r25, r24
    708c:	08 f4       	brcc	.+2      	; 0x7090 <__vector_24+0x21c>
    708e:	7c cf       	rjmp	.-264    	; 0x6f88 <__vector_24+0x114>
    7090:	85 e8       	ldi	r24, 0x85	; 133
    7092:	80 93 bc 00 	sts	0x00BC, r24	; 0x8000bc <__TEXT_REGION_LENGTH__+0x7f80bc>
    7096:	0a c0       	rjmp	.+20     	; 0x70ac <__vector_24+0x238>
    7098:	85 ec       	ldi	r24, 0xC5	; 197
    709a:	80 93 bc 00 	sts	0x00BC, r24	; 0x8000bc <__TEXT_REGION_LENGTH__+0x7f80bc>
    709e:	10 92 9c 07 	sts	0x079C, r1	; 0x80079c <twi_state>
    70a2:	04 c0       	rjmp	.+8      	; 0x70ac <__vector_24+0x238>
    70a4:	10 92 29 07 	sts	0x0729, r1	; 0x800729 <twi_error>
    70a8:	0e 94 02 37 	call	0x6e04	; 0x6e04 <twi_stop>
    70ac:	ff 91       	pop	r31
    70ae:	ef 91       	pop	r30
    70b0:	bf 91       	pop	r27
    70b2:	af 91       	pop	r26
    70b4:	9f 91       	pop	r25
    70b6:	8f 91       	pop	r24
    70b8:	7f 91       	pop	r23
    70ba:	6f 91       	pop	r22
    70bc:	5f 91       	pop	r21
    70be:	4f 91       	pop	r20
    70c0:	3f 91       	pop	r19
    70c2:	2f 91       	pop	r18
    70c4:	0f 90       	pop	r0
    70c6:	0f be       	out	0x3f, r0	; 63
    70c8:	0f 90       	pop	r0
    70ca:	1f 90       	pop	r1
    70cc:	18 95       	reti

000070ce <__mulsi3>:
    70ce:	db 01       	movw	r26, r22
    70d0:	8f 93       	push	r24
    70d2:	9f 93       	push	r25
    70d4:	0e 94 cd 38 	call	0x719a	; 0x719a <__muluhisi3>
    70d8:	bf 91       	pop	r27
    70da:	af 91       	pop	r26
    70dc:	a2 9f       	mul	r26, r18
    70de:	80 0d       	add	r24, r0
    70e0:	91 1d       	adc	r25, r1
    70e2:	a3 9f       	mul	r26, r19
    70e4:	90 0d       	add	r25, r0
    70e6:	b2 9f       	mul	r27, r18
    70e8:	90 0d       	add	r25, r0
    70ea:	11 24       	eor	r1, r1
    70ec:	08 95       	ret

000070ee <__udivmodqi4>:
    70ee:	99 1b       	sub	r25, r25
    70f0:	79 e0       	ldi	r23, 0x09	; 9
    70f2:	04 c0       	rjmp	.+8      	; 0x70fc <__udivmodqi4_ep>

000070f4 <__udivmodqi4_loop>:
    70f4:	99 1f       	adc	r25, r25
    70f6:	96 17       	cp	r25, r22
    70f8:	08 f0       	brcs	.+2      	; 0x70fc <__udivmodqi4_ep>
    70fa:	96 1b       	sub	r25, r22

000070fc <__udivmodqi4_ep>:
    70fc:	88 1f       	adc	r24, r24
    70fe:	7a 95       	dec	r23
    7100:	c9 f7       	brne	.-14     	; 0x70f4 <__udivmodqi4_loop>
    7102:	80 95       	com	r24
    7104:	08 95       	ret

00007106 <__udivmodhi4>:
    7106:	aa 1b       	sub	r26, r26
    7108:	bb 1b       	sub	r27, r27
    710a:	51 e1       	ldi	r21, 0x11	; 17
    710c:	07 c0       	rjmp	.+14     	; 0x711c <__udivmodhi4_ep>

0000710e <__udivmodhi4_loop>:
    710e:	aa 1f       	adc	r26, r26
    7110:	bb 1f       	adc	r27, r27
    7112:	a6 17       	cp	r26, r22
    7114:	b7 07       	cpc	r27, r23
    7116:	10 f0       	brcs	.+4      	; 0x711c <__udivmodhi4_ep>
    7118:	a6 1b       	sub	r26, r22
    711a:	b7 0b       	sbc	r27, r23

0000711c <__udivmodhi4_ep>:
    711c:	88 1f       	adc	r24, r24
    711e:	99 1f       	adc	r25, r25
    7120:	5a 95       	dec	r21
    7122:	a9 f7       	brne	.-22     	; 0x710e <__udivmodhi4_loop>
    7124:	80 95       	com	r24
    7126:	90 95       	com	r25
    7128:	bc 01       	movw	r22, r24
    712a:	cd 01       	movw	r24, r26
    712c:	08 95       	ret

0000712e <__divmodhi4>:
    712e:	97 fb       	bst	r25, 7
    7130:	07 2e       	mov	r0, r23
    7132:	16 f4       	brtc	.+4      	; 0x7138 <__divmodhi4+0xa>
    7134:	00 94       	com	r0
    7136:	07 d0       	rcall	.+14     	; 0x7146 <__divmodhi4_neg1>
    7138:	77 fd       	sbrc	r23, 7
    713a:	09 d0       	rcall	.+18     	; 0x714e <__divmodhi4_neg2>
    713c:	0e 94 83 38 	call	0x7106	; 0x7106 <__udivmodhi4>
    7140:	07 fc       	sbrc	r0, 7
    7142:	05 d0       	rcall	.+10     	; 0x714e <__divmodhi4_neg2>
    7144:	3e f4       	brtc	.+14     	; 0x7154 <__divmodhi4_exit>

00007146 <__divmodhi4_neg1>:
    7146:	90 95       	com	r25
    7148:	81 95       	neg	r24
    714a:	9f 4f       	sbci	r25, 0xFF	; 255
    714c:	08 95       	ret

0000714e <__divmodhi4_neg2>:
    714e:	70 95       	com	r23
    7150:	61 95       	neg	r22
    7152:	7f 4f       	sbci	r23, 0xFF	; 255

00007154 <__divmodhi4_exit>:
    7154:	08 95       	ret

00007156 <__udivmodsi4>:
    7156:	a1 e2       	ldi	r26, 0x21	; 33
    7158:	1a 2e       	mov	r1, r26
    715a:	aa 1b       	sub	r26, r26
    715c:	bb 1b       	sub	r27, r27
    715e:	fd 01       	movw	r30, r26
    7160:	0d c0       	rjmp	.+26     	; 0x717c <__udivmodsi4_ep>

00007162 <__udivmodsi4_loop>:
    7162:	aa 1f       	adc	r26, r26
    7164:	bb 1f       	adc	r27, r27
    7166:	ee 1f       	adc	r30, r30
    7168:	ff 1f       	adc	r31, r31
    716a:	a2 17       	cp	r26, r18
    716c:	b3 07       	cpc	r27, r19
    716e:	e4 07       	cpc	r30, r20
    7170:	f5 07       	cpc	r31, r21
    7172:	20 f0       	brcs	.+8      	; 0x717c <__udivmodsi4_ep>
    7174:	a2 1b       	sub	r26, r18
    7176:	b3 0b       	sbc	r27, r19
    7178:	e4 0b       	sbc	r30, r20
    717a:	f5 0b       	sbc	r31, r21

0000717c <__udivmodsi4_ep>:
    717c:	66 1f       	adc	r22, r22
    717e:	77 1f       	adc	r23, r23
    7180:	88 1f       	adc	r24, r24
    7182:	99 1f       	adc	r25, r25
    7184:	1a 94       	dec	r1
    7186:	69 f7       	brne	.-38     	; 0x7162 <__udivmodsi4_loop>
    7188:	60 95       	com	r22
    718a:	70 95       	com	r23
    718c:	80 95       	com	r24
    718e:	90 95       	com	r25
    7190:	9b 01       	movw	r18, r22
    7192:	ac 01       	movw	r20, r24
    7194:	bd 01       	movw	r22, r26
    7196:	cf 01       	movw	r24, r30
    7198:	08 95       	ret

0000719a <__muluhisi3>:
    719a:	0e 94 de 38 	call	0x71bc	; 0x71bc <__umulhisi3>
    719e:	a5 9f       	mul	r26, r21
    71a0:	90 0d       	add	r25, r0
    71a2:	b4 9f       	mul	r27, r20
    71a4:	90 0d       	add	r25, r0
    71a6:	a4 9f       	mul	r26, r20
    71a8:	80 0d       	add	r24, r0
    71aa:	91 1d       	adc	r25, r1
    71ac:	11 24       	eor	r1, r1
    71ae:	08 95       	ret

000071b0 <__tablejump2__>:
    71b0:	ee 0f       	add	r30, r30
    71b2:	ff 1f       	adc	r31, r31
    71b4:	05 90       	lpm	r0, Z+
    71b6:	f4 91       	lpm	r31, Z
    71b8:	e0 2d       	mov	r30, r0
    71ba:	09 94       	ijmp

000071bc <__umulhisi3>:
    71bc:	a2 9f       	mul	r26, r18
    71be:	b0 01       	movw	r22, r0
    71c0:	b3 9f       	mul	r27, r19
    71c2:	c0 01       	movw	r24, r0
    71c4:	a3 9f       	mul	r26, r19
    71c6:	70 0d       	add	r23, r0
    71c8:	81 1d       	adc	r24, r1
    71ca:	11 24       	eor	r1, r1
    71cc:	91 1d       	adc	r25, r1
    71ce:	b2 9f       	mul	r27, r18
    71d0:	70 0d       	add	r23, r0
    71d2:	81 1d       	adc	r24, r1
    71d4:	11 24       	eor	r1, r1
    71d6:	91 1d       	adc	r25, r1
    71d8:	08 95       	ret

000071da <memcpy_P>:
    71da:	fb 01       	movw	r30, r22
    71dc:	dc 01       	movw	r26, r24
    71de:	02 c0       	rjmp	.+4      	; 0x71e4 <memcpy_P+0xa>
    71e0:	05 90       	lpm	r0, Z+
    71e2:	0d 92       	st	X+, r0
    71e4:	41 50       	subi	r20, 0x01	; 1
    71e6:	50 40       	sbci	r21, 0x00	; 0
    71e8:	d8 f7       	brcc	.-10     	; 0x71e0 <memcpy_P+0x6>
    71ea:	08 95       	ret

000071ec <memcmp>:
    71ec:	fb 01       	movw	r30, r22
    71ee:	dc 01       	movw	r26, r24
    71f0:	04 c0       	rjmp	.+8      	; 0x71fa <memcmp+0xe>
    71f2:	8d 91       	ld	r24, X+
    71f4:	01 90       	ld	r0, Z+
    71f6:	80 19       	sub	r24, r0
    71f8:	21 f4       	brne	.+8      	; 0x7202 <memcmp+0x16>
    71fa:	41 50       	subi	r20, 0x01	; 1
    71fc:	50 40       	sbci	r21, 0x00	; 0
    71fe:	c8 f7       	brcc	.-14     	; 0x71f2 <memcmp+0x6>
    7200:	88 1b       	sub	r24, r24
    7202:	99 0b       	sbc	r25, r25
    7204:	08 95       	ret

00007206 <__itoa_ncheck>:
    7206:	bb 27       	eor	r27, r27
    7208:	4a 30       	cpi	r20, 0x0A	; 10
    720a:	31 f4       	brne	.+12     	; 0x7218 <__itoa_ncheck+0x12>
    720c:	99 23       	and	r25, r25
    720e:	22 f4       	brpl	.+8      	; 0x7218 <__itoa_ncheck+0x12>
    7210:	bd e2       	ldi	r27, 0x2D	; 45
    7212:	90 95       	com	r25
    7214:	81 95       	neg	r24
    7216:	9f 4f       	sbci	r25, 0xFF	; 255
    7218:	0c 94 0f 39 	jmp	0x721e	; 0x721e <__utoa_common>

0000721c <__utoa_ncheck>:
    721c:	bb 27       	eor	r27, r27

0000721e <__utoa_common>:
    721e:	fb 01       	movw	r30, r22
    7220:	55 27       	eor	r21, r21
    7222:	aa 27       	eor	r26, r26
    7224:	88 0f       	add	r24, r24
    7226:	99 1f       	adc	r25, r25
    7228:	aa 1f       	adc	r26, r26
    722a:	a4 17       	cp	r26, r20
    722c:	10 f0       	brcs	.+4      	; 0x7232 <__utoa_common+0x14>
    722e:	a4 1b       	sub	r26, r20
    7230:	83 95       	inc	r24
    7232:	50 51       	subi	r21, 0x10	; 16
    7234:	b9 f7       	brne	.-18     	; 0x7224 <__utoa_common+0x6>
    7236:	a0 5d       	subi	r26, 0xD0	; 208
    7238:	aa 33       	cpi	r26, 0x3A	; 58
    723a:	08 f0       	brcs	.+2      	; 0x723e <__utoa_common+0x20>
    723c:	a9 5d       	subi	r26, 0xD9	; 217
    723e:	a1 93       	st	Z+, r26
    7240:	00 97       	sbiw	r24, 0x00	; 0
    7242:	79 f7       	brne	.-34     	; 0x7222 <__utoa_common+0x4>
    7244:	b1 11       	cpse	r27, r1
    7246:	b1 93       	st	Z+, r27
    7248:	11 92       	st	Z+, r1
    724a:	cb 01       	movw	r24, r22
    724c:	0c 94 1f 3b 	jmp	0x763e	; 0x763e <strrev>

00007250 <vfprintf>:
    7250:	ab e0       	ldi	r26, 0x0B	; 11
    7252:	b0 e0       	ldi	r27, 0x00	; 0
    7254:	ee e2       	ldi	r30, 0x2E	; 46
    7256:	f9 e3       	ldi	r31, 0x39	; 57
    7258:	0c 94 03 3c 	jmp	0x7806	; 0x7806 <__prologue_saves__>
    725c:	6c 01       	movw	r12, r24
    725e:	7b 01       	movw	r14, r22
    7260:	8a 01       	movw	r16, r20
    7262:	fc 01       	movw	r30, r24
    7264:	17 82       	std	Z+7, r1	; 0x07
    7266:	16 82       	std	Z+6, r1	; 0x06
    7268:	83 81       	ldd	r24, Z+3	; 0x03
    726a:	81 ff       	sbrs	r24, 1
    726c:	cc c1       	rjmp	.+920    	; 0x7606 <vfprintf+0x3b6>
    726e:	ce 01       	movw	r24, r28
    7270:	01 96       	adiw	r24, 0x01	; 1
    7272:	3c 01       	movw	r6, r24
    7274:	f6 01       	movw	r30, r12
    7276:	93 81       	ldd	r25, Z+3	; 0x03
    7278:	f7 01       	movw	r30, r14
    727a:	93 fd       	sbrc	r25, 3
    727c:	85 91       	lpm	r24, Z+
    727e:	93 ff       	sbrs	r25, 3
    7280:	81 91       	ld	r24, Z+
    7282:	7f 01       	movw	r14, r30
    7284:	88 23       	and	r24, r24
    7286:	09 f4       	brne	.+2      	; 0x728a <vfprintf+0x3a>
    7288:	ba c1       	rjmp	.+884    	; 0x75fe <vfprintf+0x3ae>
    728a:	85 32       	cpi	r24, 0x25	; 37
    728c:	39 f4       	brne	.+14     	; 0x729c <vfprintf+0x4c>
    728e:	93 fd       	sbrc	r25, 3
    7290:	85 91       	lpm	r24, Z+
    7292:	93 ff       	sbrs	r25, 3
    7294:	81 91       	ld	r24, Z+
    7296:	7f 01       	movw	r14, r30
    7298:	85 32       	cpi	r24, 0x25	; 37
    729a:	29 f4       	brne	.+10     	; 0x72a6 <vfprintf+0x56>
    729c:	b6 01       	movw	r22, r12
    729e:	90 e0       	ldi	r25, 0x00	; 0
    72a0:	0e 94 2f 3b 	call	0x765e	; 0x765e <fputc>
    72a4:	e7 cf       	rjmp	.-50     	; 0x7274 <vfprintf+0x24>
    72a6:	91 2c       	mov	r9, r1
    72a8:	21 2c       	mov	r2, r1
    72aa:	31 2c       	mov	r3, r1
    72ac:	ff e1       	ldi	r31, 0x1F	; 31
    72ae:	f3 15       	cp	r31, r3
    72b0:	d8 f0       	brcs	.+54     	; 0x72e8 <vfprintf+0x98>
    72b2:	8b 32       	cpi	r24, 0x2B	; 43
    72b4:	79 f0       	breq	.+30     	; 0x72d4 <vfprintf+0x84>
    72b6:	38 f4       	brcc	.+14     	; 0x72c6 <vfprintf+0x76>
    72b8:	80 32       	cpi	r24, 0x20	; 32
    72ba:	79 f0       	breq	.+30     	; 0x72da <vfprintf+0x8a>
    72bc:	83 32       	cpi	r24, 0x23	; 35
    72be:	a1 f4       	brne	.+40     	; 0x72e8 <vfprintf+0x98>
    72c0:	23 2d       	mov	r18, r3
    72c2:	20 61       	ori	r18, 0x10	; 16
    72c4:	1d c0       	rjmp	.+58     	; 0x7300 <vfprintf+0xb0>
    72c6:	8d 32       	cpi	r24, 0x2D	; 45
    72c8:	61 f0       	breq	.+24     	; 0x72e2 <vfprintf+0x92>
    72ca:	80 33       	cpi	r24, 0x30	; 48
    72cc:	69 f4       	brne	.+26     	; 0x72e8 <vfprintf+0x98>
    72ce:	23 2d       	mov	r18, r3
    72d0:	21 60       	ori	r18, 0x01	; 1
    72d2:	16 c0       	rjmp	.+44     	; 0x7300 <vfprintf+0xb0>
    72d4:	83 2d       	mov	r24, r3
    72d6:	82 60       	ori	r24, 0x02	; 2
    72d8:	38 2e       	mov	r3, r24
    72da:	e3 2d       	mov	r30, r3
    72dc:	e4 60       	ori	r30, 0x04	; 4
    72de:	3e 2e       	mov	r3, r30
    72e0:	2a c0       	rjmp	.+84     	; 0x7336 <vfprintf+0xe6>
    72e2:	f3 2d       	mov	r31, r3
    72e4:	f8 60       	ori	r31, 0x08	; 8
    72e6:	1d c0       	rjmp	.+58     	; 0x7322 <vfprintf+0xd2>
    72e8:	37 fc       	sbrc	r3, 7
    72ea:	2d c0       	rjmp	.+90     	; 0x7346 <vfprintf+0xf6>
    72ec:	20 ed       	ldi	r18, 0xD0	; 208
    72ee:	28 0f       	add	r18, r24
    72f0:	2a 30       	cpi	r18, 0x0A	; 10
    72f2:	40 f0       	brcs	.+16     	; 0x7304 <vfprintf+0xb4>
    72f4:	8e 32       	cpi	r24, 0x2E	; 46
    72f6:	b9 f4       	brne	.+46     	; 0x7326 <vfprintf+0xd6>
    72f8:	36 fc       	sbrc	r3, 6
    72fa:	81 c1       	rjmp	.+770    	; 0x75fe <vfprintf+0x3ae>
    72fc:	23 2d       	mov	r18, r3
    72fe:	20 64       	ori	r18, 0x40	; 64
    7300:	32 2e       	mov	r3, r18
    7302:	19 c0       	rjmp	.+50     	; 0x7336 <vfprintf+0xe6>
    7304:	36 fe       	sbrs	r3, 6
    7306:	06 c0       	rjmp	.+12     	; 0x7314 <vfprintf+0xc4>
    7308:	8a e0       	ldi	r24, 0x0A	; 10
    730a:	98 9e       	mul	r9, r24
    730c:	20 0d       	add	r18, r0
    730e:	11 24       	eor	r1, r1
    7310:	92 2e       	mov	r9, r18
    7312:	11 c0       	rjmp	.+34     	; 0x7336 <vfprintf+0xe6>
    7314:	ea e0       	ldi	r30, 0x0A	; 10
    7316:	2e 9e       	mul	r2, r30
    7318:	20 0d       	add	r18, r0
    731a:	11 24       	eor	r1, r1
    731c:	22 2e       	mov	r2, r18
    731e:	f3 2d       	mov	r31, r3
    7320:	f0 62       	ori	r31, 0x20	; 32
    7322:	3f 2e       	mov	r3, r31
    7324:	08 c0       	rjmp	.+16     	; 0x7336 <vfprintf+0xe6>
    7326:	8c 36       	cpi	r24, 0x6C	; 108
    7328:	21 f4       	brne	.+8      	; 0x7332 <vfprintf+0xe2>
    732a:	83 2d       	mov	r24, r3
    732c:	80 68       	ori	r24, 0x80	; 128
    732e:	38 2e       	mov	r3, r24
    7330:	02 c0       	rjmp	.+4      	; 0x7336 <vfprintf+0xe6>
    7332:	88 36       	cpi	r24, 0x68	; 104
    7334:	41 f4       	brne	.+16     	; 0x7346 <vfprintf+0xf6>
    7336:	f7 01       	movw	r30, r14
    7338:	93 fd       	sbrc	r25, 3
    733a:	85 91       	lpm	r24, Z+
    733c:	93 ff       	sbrs	r25, 3
    733e:	81 91       	ld	r24, Z+
    7340:	7f 01       	movw	r14, r30
    7342:	81 11       	cpse	r24, r1
    7344:	b3 cf       	rjmp	.-154    	; 0x72ac <vfprintf+0x5c>
    7346:	98 2f       	mov	r25, r24
    7348:	9f 7d       	andi	r25, 0xDF	; 223
    734a:	95 54       	subi	r25, 0x45	; 69
    734c:	93 30       	cpi	r25, 0x03	; 3
    734e:	28 f4       	brcc	.+10     	; 0x735a <vfprintf+0x10a>
    7350:	0c 5f       	subi	r16, 0xFC	; 252
    7352:	1f 4f       	sbci	r17, 0xFF	; 255
    7354:	9f e3       	ldi	r25, 0x3F	; 63
    7356:	99 83       	std	Y+1, r25	; 0x01
    7358:	0d c0       	rjmp	.+26     	; 0x7374 <vfprintf+0x124>
    735a:	83 36       	cpi	r24, 0x63	; 99
    735c:	31 f0       	breq	.+12     	; 0x736a <vfprintf+0x11a>
    735e:	83 37       	cpi	r24, 0x73	; 115
    7360:	71 f0       	breq	.+28     	; 0x737e <vfprintf+0x12e>
    7362:	83 35       	cpi	r24, 0x53	; 83
    7364:	09 f0       	breq	.+2      	; 0x7368 <vfprintf+0x118>
    7366:	59 c0       	rjmp	.+178    	; 0x741a <vfprintf+0x1ca>
    7368:	21 c0       	rjmp	.+66     	; 0x73ac <vfprintf+0x15c>
    736a:	f8 01       	movw	r30, r16
    736c:	80 81       	ld	r24, Z
    736e:	89 83       	std	Y+1, r24	; 0x01
    7370:	0e 5f       	subi	r16, 0xFE	; 254
    7372:	1f 4f       	sbci	r17, 0xFF	; 255
    7374:	88 24       	eor	r8, r8
    7376:	83 94       	inc	r8
    7378:	91 2c       	mov	r9, r1
    737a:	53 01       	movw	r10, r6
    737c:	13 c0       	rjmp	.+38     	; 0x73a4 <vfprintf+0x154>
    737e:	28 01       	movw	r4, r16
    7380:	f2 e0       	ldi	r31, 0x02	; 2
    7382:	4f 0e       	add	r4, r31
    7384:	51 1c       	adc	r5, r1
    7386:	f8 01       	movw	r30, r16
    7388:	a0 80       	ld	r10, Z
    738a:	b1 80       	ldd	r11, Z+1	; 0x01
    738c:	36 fe       	sbrs	r3, 6
    738e:	03 c0       	rjmp	.+6      	; 0x7396 <vfprintf+0x146>
    7390:	69 2d       	mov	r22, r9
    7392:	70 e0       	ldi	r23, 0x00	; 0
    7394:	02 c0       	rjmp	.+4      	; 0x739a <vfprintf+0x14a>
    7396:	6f ef       	ldi	r22, 0xFF	; 255
    7398:	7f ef       	ldi	r23, 0xFF	; 255
    739a:	c5 01       	movw	r24, r10
    739c:	0e 94 14 3b 	call	0x7628	; 0x7628 <strnlen>
    73a0:	4c 01       	movw	r8, r24
    73a2:	82 01       	movw	r16, r4
    73a4:	f3 2d       	mov	r31, r3
    73a6:	ff 77       	andi	r31, 0x7F	; 127
    73a8:	3f 2e       	mov	r3, r31
    73aa:	16 c0       	rjmp	.+44     	; 0x73d8 <vfprintf+0x188>
    73ac:	28 01       	movw	r4, r16
    73ae:	22 e0       	ldi	r18, 0x02	; 2
    73b0:	42 0e       	add	r4, r18
    73b2:	51 1c       	adc	r5, r1
    73b4:	f8 01       	movw	r30, r16
    73b6:	a0 80       	ld	r10, Z
    73b8:	b1 80       	ldd	r11, Z+1	; 0x01
    73ba:	36 fe       	sbrs	r3, 6
    73bc:	03 c0       	rjmp	.+6      	; 0x73c4 <vfprintf+0x174>
    73be:	69 2d       	mov	r22, r9
    73c0:	70 e0       	ldi	r23, 0x00	; 0
    73c2:	02 c0       	rjmp	.+4      	; 0x73c8 <vfprintf+0x178>
    73c4:	6f ef       	ldi	r22, 0xFF	; 255
    73c6:	7f ef       	ldi	r23, 0xFF	; 255
    73c8:	c5 01       	movw	r24, r10
    73ca:	0e 94 09 3b 	call	0x7612	; 0x7612 <strnlen_P>
    73ce:	4c 01       	movw	r8, r24
    73d0:	f3 2d       	mov	r31, r3
    73d2:	f0 68       	ori	r31, 0x80	; 128
    73d4:	3f 2e       	mov	r3, r31
    73d6:	82 01       	movw	r16, r4
    73d8:	33 fc       	sbrc	r3, 3
    73da:	1b c0       	rjmp	.+54     	; 0x7412 <vfprintf+0x1c2>
    73dc:	82 2d       	mov	r24, r2
    73de:	90 e0       	ldi	r25, 0x00	; 0
    73e0:	88 16       	cp	r8, r24
    73e2:	99 06       	cpc	r9, r25
    73e4:	b0 f4       	brcc	.+44     	; 0x7412 <vfprintf+0x1c2>
    73e6:	b6 01       	movw	r22, r12
    73e8:	80 e2       	ldi	r24, 0x20	; 32
    73ea:	90 e0       	ldi	r25, 0x00	; 0
    73ec:	0e 94 2f 3b 	call	0x765e	; 0x765e <fputc>
    73f0:	2a 94       	dec	r2
    73f2:	f4 cf       	rjmp	.-24     	; 0x73dc <vfprintf+0x18c>
    73f4:	f5 01       	movw	r30, r10
    73f6:	37 fc       	sbrc	r3, 7
    73f8:	85 91       	lpm	r24, Z+
    73fa:	37 fe       	sbrs	r3, 7
    73fc:	81 91       	ld	r24, Z+
    73fe:	5f 01       	movw	r10, r30
    7400:	b6 01       	movw	r22, r12
    7402:	90 e0       	ldi	r25, 0x00	; 0
    7404:	0e 94 2f 3b 	call	0x765e	; 0x765e <fputc>
    7408:	21 10       	cpse	r2, r1
    740a:	2a 94       	dec	r2
    740c:	21 e0       	ldi	r18, 0x01	; 1
    740e:	82 1a       	sub	r8, r18
    7410:	91 08       	sbc	r9, r1
    7412:	81 14       	cp	r8, r1
    7414:	91 04       	cpc	r9, r1
    7416:	71 f7       	brne	.-36     	; 0x73f4 <vfprintf+0x1a4>
    7418:	e8 c0       	rjmp	.+464    	; 0x75ea <vfprintf+0x39a>
    741a:	84 36       	cpi	r24, 0x64	; 100
    741c:	11 f0       	breq	.+4      	; 0x7422 <vfprintf+0x1d2>
    741e:	89 36       	cpi	r24, 0x69	; 105
    7420:	41 f5       	brne	.+80     	; 0x7472 <vfprintf+0x222>
    7422:	f8 01       	movw	r30, r16
    7424:	37 fe       	sbrs	r3, 7
    7426:	07 c0       	rjmp	.+14     	; 0x7436 <vfprintf+0x1e6>
    7428:	60 81       	ld	r22, Z
    742a:	71 81       	ldd	r23, Z+1	; 0x01
    742c:	82 81       	ldd	r24, Z+2	; 0x02
    742e:	93 81       	ldd	r25, Z+3	; 0x03
    7430:	0c 5f       	subi	r16, 0xFC	; 252
    7432:	1f 4f       	sbci	r17, 0xFF	; 255
    7434:	08 c0       	rjmp	.+16     	; 0x7446 <vfprintf+0x1f6>
    7436:	60 81       	ld	r22, Z
    7438:	71 81       	ldd	r23, Z+1	; 0x01
    743a:	07 2e       	mov	r0, r23
    743c:	00 0c       	add	r0, r0
    743e:	88 0b       	sbc	r24, r24
    7440:	99 0b       	sbc	r25, r25
    7442:	0e 5f       	subi	r16, 0xFE	; 254
    7444:	1f 4f       	sbci	r17, 0xFF	; 255
    7446:	f3 2d       	mov	r31, r3
    7448:	ff 76       	andi	r31, 0x6F	; 111
    744a:	3f 2e       	mov	r3, r31
    744c:	97 ff       	sbrs	r25, 7
    744e:	09 c0       	rjmp	.+18     	; 0x7462 <vfprintf+0x212>
    7450:	90 95       	com	r25
    7452:	80 95       	com	r24
    7454:	70 95       	com	r23
    7456:	61 95       	neg	r22
    7458:	7f 4f       	sbci	r23, 0xFF	; 255
    745a:	8f 4f       	sbci	r24, 0xFF	; 255
    745c:	9f 4f       	sbci	r25, 0xFF	; 255
    745e:	f0 68       	ori	r31, 0x80	; 128
    7460:	3f 2e       	mov	r3, r31
    7462:	2a e0       	ldi	r18, 0x0A	; 10
    7464:	30 e0       	ldi	r19, 0x00	; 0
    7466:	a3 01       	movw	r20, r6
    7468:	0e 94 6b 3b 	call	0x76d6	; 0x76d6 <__ultoa_invert>
    746c:	88 2e       	mov	r8, r24
    746e:	86 18       	sub	r8, r6
    7470:	45 c0       	rjmp	.+138    	; 0x74fc <vfprintf+0x2ac>
    7472:	85 37       	cpi	r24, 0x75	; 117
    7474:	31 f4       	brne	.+12     	; 0x7482 <vfprintf+0x232>
    7476:	23 2d       	mov	r18, r3
    7478:	2f 7e       	andi	r18, 0xEF	; 239
    747a:	b2 2e       	mov	r11, r18
    747c:	2a e0       	ldi	r18, 0x0A	; 10
    747e:	30 e0       	ldi	r19, 0x00	; 0
    7480:	25 c0       	rjmp	.+74     	; 0x74cc <vfprintf+0x27c>
    7482:	93 2d       	mov	r25, r3
    7484:	99 7f       	andi	r25, 0xF9	; 249
    7486:	b9 2e       	mov	r11, r25
    7488:	8f 36       	cpi	r24, 0x6F	; 111
    748a:	c1 f0       	breq	.+48     	; 0x74bc <vfprintf+0x26c>
    748c:	18 f4       	brcc	.+6      	; 0x7494 <vfprintf+0x244>
    748e:	88 35       	cpi	r24, 0x58	; 88
    7490:	79 f0       	breq	.+30     	; 0x74b0 <vfprintf+0x260>
    7492:	b5 c0       	rjmp	.+362    	; 0x75fe <vfprintf+0x3ae>
    7494:	80 37       	cpi	r24, 0x70	; 112
    7496:	19 f0       	breq	.+6      	; 0x749e <vfprintf+0x24e>
    7498:	88 37       	cpi	r24, 0x78	; 120
    749a:	21 f0       	breq	.+8      	; 0x74a4 <vfprintf+0x254>
    749c:	b0 c0       	rjmp	.+352    	; 0x75fe <vfprintf+0x3ae>
    749e:	e9 2f       	mov	r30, r25
    74a0:	e0 61       	ori	r30, 0x10	; 16
    74a2:	be 2e       	mov	r11, r30
    74a4:	b4 fe       	sbrs	r11, 4
    74a6:	0d c0       	rjmp	.+26     	; 0x74c2 <vfprintf+0x272>
    74a8:	fb 2d       	mov	r31, r11
    74aa:	f4 60       	ori	r31, 0x04	; 4
    74ac:	bf 2e       	mov	r11, r31
    74ae:	09 c0       	rjmp	.+18     	; 0x74c2 <vfprintf+0x272>
    74b0:	34 fe       	sbrs	r3, 4
    74b2:	0a c0       	rjmp	.+20     	; 0x74c8 <vfprintf+0x278>
    74b4:	29 2f       	mov	r18, r25
    74b6:	26 60       	ori	r18, 0x06	; 6
    74b8:	b2 2e       	mov	r11, r18
    74ba:	06 c0       	rjmp	.+12     	; 0x74c8 <vfprintf+0x278>
    74bc:	28 e0       	ldi	r18, 0x08	; 8
    74be:	30 e0       	ldi	r19, 0x00	; 0
    74c0:	05 c0       	rjmp	.+10     	; 0x74cc <vfprintf+0x27c>
    74c2:	20 e1       	ldi	r18, 0x10	; 16
    74c4:	30 e0       	ldi	r19, 0x00	; 0
    74c6:	02 c0       	rjmp	.+4      	; 0x74cc <vfprintf+0x27c>
    74c8:	20 e1       	ldi	r18, 0x10	; 16
    74ca:	32 e0       	ldi	r19, 0x02	; 2
    74cc:	f8 01       	movw	r30, r16
    74ce:	b7 fe       	sbrs	r11, 7
    74d0:	07 c0       	rjmp	.+14     	; 0x74e0 <vfprintf+0x290>
    74d2:	60 81       	ld	r22, Z
    74d4:	71 81       	ldd	r23, Z+1	; 0x01
    74d6:	82 81       	ldd	r24, Z+2	; 0x02
    74d8:	93 81       	ldd	r25, Z+3	; 0x03
    74da:	0c 5f       	subi	r16, 0xFC	; 252
    74dc:	1f 4f       	sbci	r17, 0xFF	; 255
    74de:	06 c0       	rjmp	.+12     	; 0x74ec <vfprintf+0x29c>
    74e0:	60 81       	ld	r22, Z
    74e2:	71 81       	ldd	r23, Z+1	; 0x01
    74e4:	80 e0       	ldi	r24, 0x00	; 0
    74e6:	90 e0       	ldi	r25, 0x00	; 0
    74e8:	0e 5f       	subi	r16, 0xFE	; 254
    74ea:	1f 4f       	sbci	r17, 0xFF	; 255
    74ec:	a3 01       	movw	r20, r6
    74ee:	0e 94 6b 3b 	call	0x76d6	; 0x76d6 <__ultoa_invert>
    74f2:	88 2e       	mov	r8, r24
    74f4:	86 18       	sub	r8, r6
    74f6:	fb 2d       	mov	r31, r11
    74f8:	ff 77       	andi	r31, 0x7F	; 127
    74fa:	3f 2e       	mov	r3, r31
    74fc:	36 fe       	sbrs	r3, 6
    74fe:	0d c0       	rjmp	.+26     	; 0x751a <vfprintf+0x2ca>
    7500:	23 2d       	mov	r18, r3
    7502:	2e 7f       	andi	r18, 0xFE	; 254
    7504:	a2 2e       	mov	r10, r18
    7506:	89 14       	cp	r8, r9
    7508:	58 f4       	brcc	.+22     	; 0x7520 <vfprintf+0x2d0>
    750a:	34 fe       	sbrs	r3, 4
    750c:	0b c0       	rjmp	.+22     	; 0x7524 <vfprintf+0x2d4>
    750e:	32 fc       	sbrc	r3, 2
    7510:	09 c0       	rjmp	.+18     	; 0x7524 <vfprintf+0x2d4>
    7512:	83 2d       	mov	r24, r3
    7514:	8e 7e       	andi	r24, 0xEE	; 238
    7516:	a8 2e       	mov	r10, r24
    7518:	05 c0       	rjmp	.+10     	; 0x7524 <vfprintf+0x2d4>
    751a:	b8 2c       	mov	r11, r8
    751c:	a3 2c       	mov	r10, r3
    751e:	03 c0       	rjmp	.+6      	; 0x7526 <vfprintf+0x2d6>
    7520:	b8 2c       	mov	r11, r8
    7522:	01 c0       	rjmp	.+2      	; 0x7526 <vfprintf+0x2d6>
    7524:	b9 2c       	mov	r11, r9
    7526:	a4 fe       	sbrs	r10, 4
    7528:	0f c0       	rjmp	.+30     	; 0x7548 <vfprintf+0x2f8>
    752a:	fe 01       	movw	r30, r28
    752c:	e8 0d       	add	r30, r8
    752e:	f1 1d       	adc	r31, r1
    7530:	80 81       	ld	r24, Z
    7532:	80 33       	cpi	r24, 0x30	; 48
    7534:	21 f4       	brne	.+8      	; 0x753e <vfprintf+0x2ee>
    7536:	9a 2d       	mov	r25, r10
    7538:	99 7e       	andi	r25, 0xE9	; 233
    753a:	a9 2e       	mov	r10, r25
    753c:	09 c0       	rjmp	.+18     	; 0x7550 <vfprintf+0x300>
    753e:	a2 fe       	sbrs	r10, 2
    7540:	06 c0       	rjmp	.+12     	; 0x754e <vfprintf+0x2fe>
    7542:	b3 94       	inc	r11
    7544:	b3 94       	inc	r11
    7546:	04 c0       	rjmp	.+8      	; 0x7550 <vfprintf+0x300>
    7548:	8a 2d       	mov	r24, r10
    754a:	86 78       	andi	r24, 0x86	; 134
    754c:	09 f0       	breq	.+2      	; 0x7550 <vfprintf+0x300>
    754e:	b3 94       	inc	r11
    7550:	a3 fc       	sbrc	r10, 3
    7552:	11 c0       	rjmp	.+34     	; 0x7576 <vfprintf+0x326>
    7554:	a0 fe       	sbrs	r10, 0
    7556:	06 c0       	rjmp	.+12     	; 0x7564 <vfprintf+0x314>
    7558:	b2 14       	cp	r11, r2
    755a:	88 f4       	brcc	.+34     	; 0x757e <vfprintf+0x32e>
    755c:	28 0c       	add	r2, r8
    755e:	92 2c       	mov	r9, r2
    7560:	9b 18       	sub	r9, r11
    7562:	0e c0       	rjmp	.+28     	; 0x7580 <vfprintf+0x330>
    7564:	b2 14       	cp	r11, r2
    7566:	60 f4       	brcc	.+24     	; 0x7580 <vfprintf+0x330>
    7568:	b6 01       	movw	r22, r12
    756a:	80 e2       	ldi	r24, 0x20	; 32
    756c:	90 e0       	ldi	r25, 0x00	; 0
    756e:	0e 94 2f 3b 	call	0x765e	; 0x765e <fputc>
    7572:	b3 94       	inc	r11
    7574:	f7 cf       	rjmp	.-18     	; 0x7564 <vfprintf+0x314>
    7576:	b2 14       	cp	r11, r2
    7578:	18 f4       	brcc	.+6      	; 0x7580 <vfprintf+0x330>
    757a:	2b 18       	sub	r2, r11
    757c:	02 c0       	rjmp	.+4      	; 0x7582 <vfprintf+0x332>
    757e:	98 2c       	mov	r9, r8
    7580:	21 2c       	mov	r2, r1
    7582:	a4 fe       	sbrs	r10, 4
    7584:	10 c0       	rjmp	.+32     	; 0x75a6 <vfprintf+0x356>
    7586:	b6 01       	movw	r22, r12
    7588:	80 e3       	ldi	r24, 0x30	; 48
    758a:	90 e0       	ldi	r25, 0x00	; 0
    758c:	0e 94 2f 3b 	call	0x765e	; 0x765e <fputc>
    7590:	a2 fe       	sbrs	r10, 2
    7592:	17 c0       	rjmp	.+46     	; 0x75c2 <vfprintf+0x372>
    7594:	a1 fc       	sbrc	r10, 1
    7596:	03 c0       	rjmp	.+6      	; 0x759e <vfprintf+0x34e>
    7598:	88 e7       	ldi	r24, 0x78	; 120
    759a:	90 e0       	ldi	r25, 0x00	; 0
    759c:	02 c0       	rjmp	.+4      	; 0x75a2 <vfprintf+0x352>
    759e:	88 e5       	ldi	r24, 0x58	; 88
    75a0:	90 e0       	ldi	r25, 0x00	; 0
    75a2:	b6 01       	movw	r22, r12
    75a4:	0c c0       	rjmp	.+24     	; 0x75be <vfprintf+0x36e>
    75a6:	8a 2d       	mov	r24, r10
    75a8:	86 78       	andi	r24, 0x86	; 134
    75aa:	59 f0       	breq	.+22     	; 0x75c2 <vfprintf+0x372>
    75ac:	a1 fe       	sbrs	r10, 1
    75ae:	02 c0       	rjmp	.+4      	; 0x75b4 <vfprintf+0x364>
    75b0:	8b e2       	ldi	r24, 0x2B	; 43
    75b2:	01 c0       	rjmp	.+2      	; 0x75b6 <vfprintf+0x366>
    75b4:	80 e2       	ldi	r24, 0x20	; 32
    75b6:	a7 fc       	sbrc	r10, 7
    75b8:	8d e2       	ldi	r24, 0x2D	; 45
    75ba:	b6 01       	movw	r22, r12
    75bc:	90 e0       	ldi	r25, 0x00	; 0
    75be:	0e 94 2f 3b 	call	0x765e	; 0x765e <fputc>
    75c2:	89 14       	cp	r8, r9
    75c4:	38 f4       	brcc	.+14     	; 0x75d4 <vfprintf+0x384>
    75c6:	b6 01       	movw	r22, r12
    75c8:	80 e3       	ldi	r24, 0x30	; 48
    75ca:	90 e0       	ldi	r25, 0x00	; 0
    75cc:	0e 94 2f 3b 	call	0x765e	; 0x765e <fputc>
    75d0:	9a 94       	dec	r9
    75d2:	f7 cf       	rjmp	.-18     	; 0x75c2 <vfprintf+0x372>
    75d4:	8a 94       	dec	r8
    75d6:	f3 01       	movw	r30, r6
    75d8:	e8 0d       	add	r30, r8
    75da:	f1 1d       	adc	r31, r1
    75dc:	80 81       	ld	r24, Z
    75de:	b6 01       	movw	r22, r12
    75e0:	90 e0       	ldi	r25, 0x00	; 0
    75e2:	0e 94 2f 3b 	call	0x765e	; 0x765e <fputc>
    75e6:	81 10       	cpse	r8, r1
    75e8:	f5 cf       	rjmp	.-22     	; 0x75d4 <vfprintf+0x384>
    75ea:	22 20       	and	r2, r2
    75ec:	09 f4       	brne	.+2      	; 0x75f0 <vfprintf+0x3a0>
    75ee:	42 ce       	rjmp	.-892    	; 0x7274 <vfprintf+0x24>
    75f0:	b6 01       	movw	r22, r12
    75f2:	80 e2       	ldi	r24, 0x20	; 32
    75f4:	90 e0       	ldi	r25, 0x00	; 0
    75f6:	0e 94 2f 3b 	call	0x765e	; 0x765e <fputc>
    75fa:	2a 94       	dec	r2
    75fc:	f6 cf       	rjmp	.-20     	; 0x75ea <vfprintf+0x39a>
    75fe:	f6 01       	movw	r30, r12
    7600:	86 81       	ldd	r24, Z+6	; 0x06
    7602:	97 81       	ldd	r25, Z+7	; 0x07
    7604:	02 c0       	rjmp	.+4      	; 0x760a <vfprintf+0x3ba>
    7606:	8f ef       	ldi	r24, 0xFF	; 255
    7608:	9f ef       	ldi	r25, 0xFF	; 255
    760a:	2b 96       	adiw	r28, 0x0b	; 11
    760c:	e2 e1       	ldi	r30, 0x12	; 18
    760e:	0c 94 1f 3c 	jmp	0x783e	; 0x783e <__epilogue_restores__>

00007612 <strnlen_P>:
    7612:	fc 01       	movw	r30, r24
    7614:	05 90       	lpm	r0, Z+
    7616:	61 50       	subi	r22, 0x01	; 1
    7618:	70 40       	sbci	r23, 0x00	; 0
    761a:	01 10       	cpse	r0, r1
    761c:	d8 f7       	brcc	.-10     	; 0x7614 <strnlen_P+0x2>
    761e:	80 95       	com	r24
    7620:	90 95       	com	r25
    7622:	8e 0f       	add	r24, r30
    7624:	9f 1f       	adc	r25, r31
    7626:	08 95       	ret

00007628 <strnlen>:
    7628:	fc 01       	movw	r30, r24
    762a:	61 50       	subi	r22, 0x01	; 1
    762c:	70 40       	sbci	r23, 0x00	; 0
    762e:	01 90       	ld	r0, Z+
    7630:	01 10       	cpse	r0, r1
    7632:	d8 f7       	brcc	.-10     	; 0x762a <strnlen+0x2>
    7634:	80 95       	com	r24
    7636:	90 95       	com	r25
    7638:	8e 0f       	add	r24, r30
    763a:	9f 1f       	adc	r25, r31
    763c:	08 95       	ret

0000763e <strrev>:
    763e:	dc 01       	movw	r26, r24
    7640:	fc 01       	movw	r30, r24
    7642:	67 2f       	mov	r22, r23
    7644:	71 91       	ld	r23, Z+
    7646:	77 23       	and	r23, r23
    7648:	e1 f7       	brne	.-8      	; 0x7642 <strrev+0x4>
    764a:	32 97       	sbiw	r30, 0x02	; 2
    764c:	04 c0       	rjmp	.+8      	; 0x7656 <strrev+0x18>
    764e:	7c 91       	ld	r23, X
    7650:	6d 93       	st	X+, r22
    7652:	70 83       	st	Z, r23
    7654:	62 91       	ld	r22, -Z
    7656:	ae 17       	cp	r26, r30
    7658:	bf 07       	cpc	r27, r31
    765a:	c8 f3       	brcs	.-14     	; 0x764e <strrev+0x10>
    765c:	08 95       	ret

0000765e <fputc>:
    765e:	0f 93       	push	r16
    7660:	1f 93       	push	r17
    7662:	cf 93       	push	r28
    7664:	df 93       	push	r29
    7666:	fb 01       	movw	r30, r22
    7668:	23 81       	ldd	r18, Z+3	; 0x03
    766a:	21 fd       	sbrc	r18, 1
    766c:	03 c0       	rjmp	.+6      	; 0x7674 <fputc+0x16>
    766e:	8f ef       	ldi	r24, 0xFF	; 255
    7670:	9f ef       	ldi	r25, 0xFF	; 255
    7672:	2c c0       	rjmp	.+88     	; 0x76cc <fputc+0x6e>
    7674:	22 ff       	sbrs	r18, 2
    7676:	16 c0       	rjmp	.+44     	; 0x76a4 <fputc+0x46>
    7678:	46 81       	ldd	r20, Z+6	; 0x06
    767a:	57 81       	ldd	r21, Z+7	; 0x07
    767c:	24 81       	ldd	r18, Z+4	; 0x04
    767e:	35 81       	ldd	r19, Z+5	; 0x05
    7680:	42 17       	cp	r20, r18
    7682:	53 07       	cpc	r21, r19
    7684:	44 f4       	brge	.+16     	; 0x7696 <fputc+0x38>
    7686:	a0 81       	ld	r26, Z
    7688:	b1 81       	ldd	r27, Z+1	; 0x01
    768a:	9d 01       	movw	r18, r26
    768c:	2f 5f       	subi	r18, 0xFF	; 255
    768e:	3f 4f       	sbci	r19, 0xFF	; 255
    7690:	31 83       	std	Z+1, r19	; 0x01
    7692:	20 83       	st	Z, r18
    7694:	8c 93       	st	X, r24
    7696:	26 81       	ldd	r18, Z+6	; 0x06
    7698:	37 81       	ldd	r19, Z+7	; 0x07
    769a:	2f 5f       	subi	r18, 0xFF	; 255
    769c:	3f 4f       	sbci	r19, 0xFF	; 255
    769e:	37 83       	std	Z+7, r19	; 0x07
    76a0:	26 83       	std	Z+6, r18	; 0x06
    76a2:	14 c0       	rjmp	.+40     	; 0x76cc <fputc+0x6e>
    76a4:	8b 01       	movw	r16, r22
    76a6:	ec 01       	movw	r28, r24
    76a8:	fb 01       	movw	r30, r22
    76aa:	00 84       	ldd	r0, Z+8	; 0x08
    76ac:	f1 85       	ldd	r31, Z+9	; 0x09
    76ae:	e0 2d       	mov	r30, r0
    76b0:	09 95       	icall
    76b2:	89 2b       	or	r24, r25
    76b4:	e1 f6       	brne	.-72     	; 0x766e <fputc+0x10>
    76b6:	d8 01       	movw	r26, r16
    76b8:	16 96       	adiw	r26, 0x06	; 6
    76ba:	8d 91       	ld	r24, X+
    76bc:	9c 91       	ld	r25, X
    76be:	17 97       	sbiw	r26, 0x07	; 7
    76c0:	01 96       	adiw	r24, 0x01	; 1
    76c2:	17 96       	adiw	r26, 0x07	; 7
    76c4:	9c 93       	st	X, r25
    76c6:	8e 93       	st	-X, r24
    76c8:	16 97       	sbiw	r26, 0x06	; 6
    76ca:	ce 01       	movw	r24, r28
    76cc:	df 91       	pop	r29
    76ce:	cf 91       	pop	r28
    76d0:	1f 91       	pop	r17
    76d2:	0f 91       	pop	r16
    76d4:	08 95       	ret

000076d6 <__ultoa_invert>:
    76d6:	fa 01       	movw	r30, r20
    76d8:	aa 27       	eor	r26, r26
    76da:	28 30       	cpi	r18, 0x08	; 8
    76dc:	51 f1       	breq	.+84     	; 0x7732 <__ultoa_invert+0x5c>
    76de:	20 31       	cpi	r18, 0x10	; 16
    76e0:	81 f1       	breq	.+96     	; 0x7742 <__ultoa_invert+0x6c>
    76e2:	e8 94       	clt
    76e4:	6f 93       	push	r22
    76e6:	6e 7f       	andi	r22, 0xFE	; 254
    76e8:	6e 5f       	subi	r22, 0xFE	; 254
    76ea:	7f 4f       	sbci	r23, 0xFF	; 255
    76ec:	8f 4f       	sbci	r24, 0xFF	; 255
    76ee:	9f 4f       	sbci	r25, 0xFF	; 255
    76f0:	af 4f       	sbci	r26, 0xFF	; 255
    76f2:	b1 e0       	ldi	r27, 0x01	; 1
    76f4:	3e d0       	rcall	.+124    	; 0x7772 <__ultoa_invert+0x9c>
    76f6:	b4 e0       	ldi	r27, 0x04	; 4
    76f8:	3c d0       	rcall	.+120    	; 0x7772 <__ultoa_invert+0x9c>
    76fa:	67 0f       	add	r22, r23
    76fc:	78 1f       	adc	r23, r24
    76fe:	89 1f       	adc	r24, r25
    7700:	9a 1f       	adc	r25, r26
    7702:	a1 1d       	adc	r26, r1
    7704:	68 0f       	add	r22, r24
    7706:	79 1f       	adc	r23, r25
    7708:	8a 1f       	adc	r24, r26
    770a:	91 1d       	adc	r25, r1
    770c:	a1 1d       	adc	r26, r1
    770e:	6a 0f       	add	r22, r26
    7710:	71 1d       	adc	r23, r1
    7712:	81 1d       	adc	r24, r1
    7714:	91 1d       	adc	r25, r1
    7716:	a1 1d       	adc	r26, r1
    7718:	20 d0       	rcall	.+64     	; 0x775a <__ultoa_invert+0x84>
    771a:	09 f4       	brne	.+2      	; 0x771e <__ultoa_invert+0x48>
    771c:	68 94       	set
    771e:	3f 91       	pop	r19
    7720:	2a e0       	ldi	r18, 0x0A	; 10
    7722:	26 9f       	mul	r18, r22
    7724:	11 24       	eor	r1, r1
    7726:	30 19       	sub	r19, r0
    7728:	30 5d       	subi	r19, 0xD0	; 208
    772a:	31 93       	st	Z+, r19
    772c:	de f6       	brtc	.-74     	; 0x76e4 <__ultoa_invert+0xe>
    772e:	cf 01       	movw	r24, r30
    7730:	08 95       	ret
    7732:	46 2f       	mov	r20, r22
    7734:	47 70       	andi	r20, 0x07	; 7
    7736:	40 5d       	subi	r20, 0xD0	; 208
    7738:	41 93       	st	Z+, r20
    773a:	b3 e0       	ldi	r27, 0x03	; 3
    773c:	0f d0       	rcall	.+30     	; 0x775c <__ultoa_invert+0x86>
    773e:	c9 f7       	brne	.-14     	; 0x7732 <__ultoa_invert+0x5c>
    7740:	f6 cf       	rjmp	.-20     	; 0x772e <__ultoa_invert+0x58>
    7742:	46 2f       	mov	r20, r22
    7744:	4f 70       	andi	r20, 0x0F	; 15
    7746:	40 5d       	subi	r20, 0xD0	; 208
    7748:	4a 33       	cpi	r20, 0x3A	; 58
    774a:	18 f0       	brcs	.+6      	; 0x7752 <__ultoa_invert+0x7c>
    774c:	49 5d       	subi	r20, 0xD9	; 217
    774e:	31 fd       	sbrc	r19, 1
    7750:	40 52       	subi	r20, 0x20	; 32
    7752:	41 93       	st	Z+, r20
    7754:	02 d0       	rcall	.+4      	; 0x775a <__ultoa_invert+0x84>
    7756:	a9 f7       	brne	.-22     	; 0x7742 <__ultoa_invert+0x6c>
    7758:	ea cf       	rjmp	.-44     	; 0x772e <__ultoa_invert+0x58>
    775a:	b4 e0       	ldi	r27, 0x04	; 4
    775c:	a6 95       	lsr	r26
    775e:	97 95       	ror	r25
    7760:	87 95       	ror	r24
    7762:	77 95       	ror	r23
    7764:	67 95       	ror	r22
    7766:	ba 95       	dec	r27
    7768:	c9 f7       	brne	.-14     	; 0x775c <__ultoa_invert+0x86>
    776a:	00 97       	sbiw	r24, 0x00	; 0
    776c:	61 05       	cpc	r22, r1
    776e:	71 05       	cpc	r23, r1
    7770:	08 95       	ret
    7772:	9b 01       	movw	r18, r22
    7774:	ac 01       	movw	r20, r24
    7776:	0a 2e       	mov	r0, r26
    7778:	06 94       	lsr	r0
    777a:	57 95       	ror	r21
    777c:	47 95       	ror	r20
    777e:	37 95       	ror	r19
    7780:	27 95       	ror	r18
    7782:	ba 95       	dec	r27
    7784:	c9 f7       	brne	.-14     	; 0x7778 <__ultoa_invert+0xa2>
    7786:	62 0f       	add	r22, r18
    7788:	73 1f       	adc	r23, r19
    778a:	84 1f       	adc	r24, r20
    778c:	95 1f       	adc	r25, r21
    778e:	a0 1d       	adc	r26, r0
    7790:	08 95       	ret

00007792 <eeprom_read_block>:
    7792:	dc 01       	movw	r26, r24
    7794:	cb 01       	movw	r24, r22

00007796 <eeprom_read_blraw>:
    7796:	fc 01       	movw	r30, r24
    7798:	f9 99       	sbic	0x1f, 1	; 31
    779a:	fe cf       	rjmp	.-4      	; 0x7798 <eeprom_read_blraw+0x2>
    779c:	06 c0       	rjmp	.+12     	; 0x77aa <eeprom_read_blraw+0x14>
    779e:	f2 bd       	out	0x22, r31	; 34
    77a0:	e1 bd       	out	0x21, r30	; 33
    77a2:	f8 9a       	sbi	0x1f, 0	; 31
    77a4:	31 96       	adiw	r30, 0x01	; 1
    77a6:	00 b4       	in	r0, 0x20	; 32
    77a8:	0d 92       	st	X+, r0
    77aa:	41 50       	subi	r20, 0x01	; 1
    77ac:	50 40       	sbci	r21, 0x00	; 0
    77ae:	b8 f7       	brcc	.-18     	; 0x779e <eeprom_read_blraw+0x8>
    77b0:	08 95       	ret

000077b2 <eeprom_update_byte>:
    77b2:	26 2f       	mov	r18, r22

000077b4 <eeprom_update_r18>:
    77b4:	f9 99       	sbic	0x1f, 1	; 31
    77b6:	fe cf       	rjmp	.-4      	; 0x77b4 <eeprom_update_r18>
    77b8:	92 bd       	out	0x22, r25	; 34
    77ba:	81 bd       	out	0x21, r24	; 33
    77bc:	f8 9a       	sbi	0x1f, 0	; 31
    77be:	01 97       	sbiw	r24, 0x01	; 1
    77c0:	00 b4       	in	r0, 0x20	; 32
    77c2:	02 16       	cp	r0, r18
    77c4:	39 f0       	breq	.+14     	; 0x77d4 <eeprom_update_r18+0x20>
    77c6:	1f ba       	out	0x1f, r1	; 31
    77c8:	20 bd       	out	0x20, r18	; 32
    77ca:	0f b6       	in	r0, 0x3f	; 63
    77cc:	f8 94       	cli
    77ce:	fa 9a       	sbi	0x1f, 2	; 31
    77d0:	f9 9a       	sbi	0x1f, 1	; 31
    77d2:	0f be       	out	0x3f, r0	; 63
    77d4:	08 95       	ret

000077d6 <eeprom_write_block>:
    77d6:	dc 01       	movw	r26, r24
    77d8:	cb 01       	movw	r24, r22
    77da:	03 c0       	rjmp	.+6      	; 0x77e2 <eeprom_write_block+0xc>
    77dc:	2d 91       	ld	r18, X+
    77de:	0e 94 f6 3b 	call	0x77ec	; 0x77ec <eeprom_write_r18>
    77e2:	41 50       	subi	r20, 0x01	; 1
    77e4:	50 40       	sbci	r21, 0x00	; 0
    77e6:	d0 f7       	brcc	.-12     	; 0x77dc <eeprom_write_block+0x6>
    77e8:	08 95       	ret

000077ea <eeprom_write_byte>:
    77ea:	26 2f       	mov	r18, r22

000077ec <eeprom_write_r18>:
    77ec:	f9 99       	sbic	0x1f, 1	; 31
    77ee:	fe cf       	rjmp	.-4      	; 0x77ec <eeprom_write_r18>
    77f0:	1f ba       	out	0x1f, r1	; 31
    77f2:	92 bd       	out	0x22, r25	; 34
    77f4:	81 bd       	out	0x21, r24	; 33
    77f6:	20 bd       	out	0x20, r18	; 32
    77f8:	0f b6       	in	r0, 0x3f	; 63
    77fa:	f8 94       	cli
    77fc:	fa 9a       	sbi	0x1f, 2	; 31
    77fe:	f9 9a       	sbi	0x1f, 1	; 31
    7800:	0f be       	out	0x3f, r0	; 63
    7802:	01 96       	adiw	r24, 0x01	; 1
    7804:	08 95       	ret

00007806 <__prologue_saves__>:
    7806:	2f 92       	push	r2
    7808:	3f 92       	push	r3
    780a:	4f 92       	push	r4
    780c:	5f 92       	push	r5
    780e:	6f 92       	push	r6
    7810:	7f 92       	push	r7
    7812:	8f 92       	push	r8
    7814:	9f 92       	push	r9
    7816:	af 92       	push	r10
    7818:	bf 92       	push	r11
    781a:	cf 92       	push	r12
    781c:	df 92       	push	r13
    781e:	ef 92       	push	r14
    7820:	ff 92       	push	r15
    7822:	0f 93       	push	r16
    7824:	1f 93       	push	r17
    7826:	cf 93       	push	r28
    7828:	df 93       	push	r29
    782a:	cd b7       	in	r28, 0x3d	; 61
    782c:	de b7       	in	r29, 0x3e	; 62
    782e:	ca 1b       	sub	r28, r26
    7830:	db 0b       	sbc	r29, r27
    7832:	0f b6       	in	r0, 0x3f	; 63
    7834:	f8 94       	cli
    7836:	de bf       	out	0x3e, r29	; 62
    7838:	0f be       	out	0x3f, r0	; 63
    783a:	cd bf       	out	0x3d, r28	; 61
    783c:	09 94       	ijmp

0000783e <__epilogue_restores__>:
    783e:	2a 88       	ldd	r2, Y+18	; 0x12
    7840:	39 88       	ldd	r3, Y+17	; 0x11
    7842:	48 88       	ldd	r4, Y+16	; 0x10
    7844:	5f 84       	ldd	r5, Y+15	; 0x0f
    7846:	6e 84       	ldd	r6, Y+14	; 0x0e
    7848:	7d 84       	ldd	r7, Y+13	; 0x0d
    784a:	8c 84       	ldd	r8, Y+12	; 0x0c
    784c:	9b 84       	ldd	r9, Y+11	; 0x0b
    784e:	aa 84       	ldd	r10, Y+10	; 0x0a
    7850:	b9 84       	ldd	r11, Y+9	; 0x09
    7852:	c8 84       	ldd	r12, Y+8	; 0x08
    7854:	df 80       	ldd	r13, Y+7	; 0x07
    7856:	ee 80       	ldd	r14, Y+6	; 0x06
    7858:	fd 80       	ldd	r15, Y+5	; 0x05
    785a:	0c 81       	ldd	r16, Y+4	; 0x04
    785c:	1b 81       	ldd	r17, Y+3	; 0x03
    785e:	aa 81       	ldd	r26, Y+2	; 0x02
    7860:	b9 81       	ldd	r27, Y+1	; 0x01
    7862:	ce 0f       	add	r28, r30
    7864:	d1 1d       	adc	r29, r1
    7866:	0f b6       	in	r0, 0x3f	; 63
    7868:	f8 94       	cli
    786a:	de bf       	out	0x3e, r29	; 62
    786c:	0f be       	out	0x3f, r0	; 63
    786e:	cd bf       	out	0x3d, r28	; 61
    7870:	ed 01       	movw	r28, r26
    7872:	08 95       	ret

00007874 <_exit>:
    7874:	f8 94       	cli

00007876 <__stop_program>:
    7876:	ff cf       	rjmp	.-2      	; 0x7876 <__stop_program>
